bar_index,sequence_id,n_legs,trend,shape,efficiency_ratio,atr_at_event,volatility_regime,session,close_price,high_price,low_price,label_outcome,label_pnl_atr,label_bars_to_outcome,label_win
32,S0_2,2,descending,converging,0.303,6.16727,low,london,2983.5,2986.63,2983.06,LOSS,-0.5,1,0
38,S1_2,2,descending,diverging,0.4445,6.78499,high,london,2958.34,2959.22,2958.0,LOSS,-0.5,1,0
38,S1_2,2,descending,diverging,0.4445,6.78499,high,london,2958.34,2959.22,2958.0,LOSS,-0.5,1,0
59,S2_2,2,descending,converging,0.968,6.02187,low,london,2962.56,2964.79,2959.04,LOSS,-0.5,5,0
59,S2_2,2,descending,converging,0.968,6.02187,low,london,2962.56,2964.79,2959.04,LOSS,-0.5,5,0
59,S2_2,2,descending,converging,0.968,6.02187,low,london,2962.56,2964.79,2959.04,LOSS,-0.5,5,0
63,S3_2,2,descending,diverging,2.6118,5.97709,low,london,2946.21,2947.1,2944.86,LOSS,-0.5,1,0
63,S3_2,2,descending,diverging,2.6118,5.97709,low,london,2946.21,2947.1,2944.86,LOSS,-0.5,1,0
63,S3_2,2,descending,diverging,2.6118,5.97709,low,london,2946.21,2947.1,2944.86,LOSS,-0.5,1,0
63,S3_2,2,descending,diverging,2.6118,5.97709,low,london,2946.21,2947.1,2944.86,LOSS,-0.5,1,0
73,S4_2,2,ascending,diverging,0.7117,6.40753,low,other,2986.22,2989.08,2985.33,LOSS,-0.5,5,0
73,S4_2,2,ascending,diverging,0.7117,6.40753,low,other,2986.22,2989.08,2985.33,LOSS,-0.5,5,0
73,S4_2,2,ascending,diverging,0.7117,6.40753,low,other,2986.22,2989.08,2985.33,LOSS,-0.5,5,0
73,S4_2,2,ascending,diverging,0.7117,6.40753,low,other,2986.22,2989.08,2985.33,LOSS,-0.5,5,0
73,S4_2,2,ascending,diverging,0.7117,6.40753,low,other,2986.22,2989.08,2985.33,LOSS,-0.5,1,0
79,S5_2,2,ascending,converging,0.2507,6.64234,high,other,2964.77,2968.54,2963.47,LOSS,-0.5,15,0
79,S5_2,2,ascending,converging,0.2507,6.64234,high,other,2964.77,2968.54,2963.47,LOSS,-0.5,1,0
79,S5_2,2,ascending,converging,0.2507,6.64234,high,other,2964.77,2968.54,2963.47,LOSS,-0.5,15,0
79,S5_2,2,ascending,converging,0.2507,6.64234,high,other,2964.77,2968.54,2963.47,LOSS,-0.5,1,0
79,S5_2,2,ascending,converging,0.2507,6.64234,high,other,2964.77,2968.54,2963.47,LOSS,-0.5,1,0
79,S5_2,2,ascending,converging,0.2507,6.64234,high,other,2964.77,2968.54,2963.47,LOSS,-0.5,1,0
82,S6_2,2,descending,converging,0.4555,6.75174,high,london,2975.25,2978.42,2973.48,LOSS,-0.5,6,0
82,S6_2,2,descending,converging,0.4555,6.75174,high,london,2975.25,2978.42,2973.48,LOSS,-0.5,1,0
82,S6_2,2,descending,converging,0.4555,6.75174,high,london,2975.25,2978.42,2973.48,LOSS,-0.5,1,0
82,S6_2,2,descending,converging,0.4555,6.75174,high,london,2975.25,2978.42,2973.48,LOSS,-0.5,1,0
82,S6_2,2,descending,converging,0.4555,6.75174,high,london,2975.25,2978.42,2973.48,LOSS,-0.5,6,0
82,S6_2,2,descending,converging,0.4555,6.75174,high,london,2975.25,2978.42,2973.48,LOSS,-0.5,1,0
104,S7_2,2,descending,diverging,0.8871,5.78199,low,london,2950.75,2953.55,2949.19,LOSS,-0.5,1,0
104,S7_2,2,descending,diverging,0.8871,5.78199,low,london,2950.75,2953.55,2949.19,LOSS,-0.5,1,0
104,S7_2,2,descending,diverging,0.8871,5.78199,low,london,2950.75,2953.55,2949.19,WIN,3.0,8,1
104,S7_2,2,descending,diverging,0.8871,5.78199,low,london,2950.75,2953.55,2949.19,LOSS,-0.5,1,0
104,S7_2,2,descending,diverging,0.8871,5.78199,low,london,2950.75,2953.55,2949.19,LOSS,-0.5,1,0
104,S7_2,2,descending,diverging,0.8871,5.78199,low,london,2950.75,2953.55,2949.19,LOSS,-0.5,1,0
125,S8_2,2,ascending,diverging,0.3306,7.37404,high,other,2996.76,2997.91,2995.6,LOSS,-0.5,1,0
125,S8_2,2,ascending,diverging,0.3306,7.37404,high,other,2996.76,2997.91,2995.6,LOSS,-0.5,1,0
125,S8_2,2,ascending,diverging,0.3306,7.37404,high,other,2996.76,2997.91,2995.6,LOSS,-0.5,1,0
125,S8_2,2,ascending,diverging,0.3306,7.37404,high,other,2996.76,2997.91,2995.6,LOSS,-0.5,1,0
125,S8_2,2,ascending,diverging,0.3306,7.37404,high,other,2996.76,2997.91,2995.6,LOSS,-0.5,1,0
125,S8_2,2,ascending,diverging,0.3306,7.37404,high,other,2996.76,2997.91,2995.6,LOSS,-0.5,1,0
147,S9_2,2,ascending,converging,0.2116,7.42722,high,other,2965.59,2965.67,2964.68,WIN,3.0,16,1
147,S9_2,2,ascending,converging,0.2116,7.42722,high,other,2965.59,2965.67,2964.68,LOSS,-0.5,2,0
147,S9_2,2,ascending,converging,0.2116,7.42722,high,other,2965.59,2965.67,2964.68,WIN,3.0,16,1
147,S9_2,2,ascending,converging,0.2116,7.42722,high,other,2965.59,2965.67,2964.68,LOSS,-0.5,2,0
147,S9_2,2,ascending,converging,0.2116,7.42722,high,other,2965.59,2965.67,2964.68,WIN,3.0,16,1
147,S9_2,2,ascending,converging,0.2116,7.42722,high,other,2965.59,2965.67,2964.68,LOSS,-0.5,2,0
167,S10_2,2,ascending,diverging,0.3292,7.35579,high,other,3010.99,3014.47,3009.23,LOSS,-0.5,1,0
167,S10_2,2,ascending,diverging,0.3292,7.35579,high,other,3010.99,3014.47,3009.23,LOSS,-0.5,1,0
167,S10_2,2,ascending,diverging,0.3292,7.35579,high,other,3010.99,3014.47,3009.23,LOSS,-0.5,1,0
167,S10_2,2,ascending,diverging,0.3292,7.35579,high,other,3010.99,3014.47,3009.23,LOSS,-0.5,1,0
167,S10_2,2,ascending,diverging,0.3292,7.35579,high,other,3010.99,3014.47,3009.23,LOSS,-0.5,1,0
167,S10_2,2,ascending,diverging,0.3292,7.35579,high,other,3010.99,3014.47,3009.23,LOSS,-0.5,1,0
172,S11_2,2,ascending,converging,0.4078,6.47456,high,other,2995.79,2996.72,2992.66,WIN,3.0,4,1
172,S11_2,2,ascending,converging,0.4078,6.47456,high,other,2995.79,2996.72,2992.66,LOSS,-0.5,2,0
172,S11_2,2,ascending,converging,0.4078,6.47456,high,other,2995.79,2996.72,2992.66,WIN,3.0,4,1
172,S11_2,2,ascending,converging,0.4078,6.47456,high,other,2995.79,2996.72,2992.66,WIN,3.0,4,1
172,S11_2,2,ascending,converging,0.4078,6.47456,high,other,2995.79,2996.72,2992.66,WIN,3.0,4,1
172,S11_2,2,ascending,converging,0.4078,6.47456,high,other,2995.79,2996.72,2992.66,WIN,3.0,4,1
180,S12_2,2,ascending,diverging,0.6775,6.68433,high,london,3034.34,3037.45,3031.11,LOSS,-0.5,1,0
180,S12_2,2,ascending,diverging,0.6775,6.68433,high,london,3034.34,3037.45,3031.11,LOSS,-0.5,1,0
180,S12_2,2,ascending,diverging,0.6775,6.68433,high,london,3034.34,3037.45,3031.11,LOSS,-0.5,1,0
180,S12_2,2,ascending,diverging,0.6775,6.68433,high,london,3034.34,3037.45,3031.11,LOSS,-0.5,1,0
180,S12_2,2,ascending,diverging,0.6775,6.68433,high,london,3034.34,3037.45,3031.11,LOSS,-0.5,1,0
180,S12_2,2,ascending,diverging,0.6775,6.68433,high,london,3034.34,3037.45,3031.11,LOSS,-0.5,1,0
199,S13_2,2,ascending,converging,0.2088,5.63555,low,other,3011.1,3011.26,3009.08,WIN,3.0,3,1
199,S13_2,2,ascending,converging,0.2088,5.63555,low,other,3011.1,3011.26,3009.08,LOSS,-0.5,1,0
199,S13_2,2,ascending,converging,0.2088,5.63555,low,other,3011.1,3011.26,3009.08,WIN,3.0,3,1
199,S13_2,2,ascending,converging,0.2088,5.63555,low,other,3011.1,3011.26,3009.08,WIN,3.0,3,1
199,S13_2,2,ascending,converging,0.2088,5.63555,low,other,3011.1,3011.26,3009.08,WIN,3.0,3,1
199,S13_2,2,ascending,converging,0.2088,5.63555,low,other,3011.1,3011.26,3009.08,WIN,3.0,3,1
203,S14_2,2,descending,converging,0.1352,5.94079,low,london,3030.76,3031.46,3029.31,LOSS,-0.5,4,0
203,S14_2,2,descending,converging,0.1352,5.94079,low,london,3030.76,3031.46,3029.31,LOSS,-0.5,1,0
203,S14_2,2,descending,converging,0.1352,5.94079,low,london,3030.76,3031.46,3029.31,LOSS,-0.5,1,0
203,S14_2,2,descending,converging,0.1352,5.94079,low,london,3030.76,3031.46,3029.31,LOSS,-0.5,1,0
203,S14_2,2,descending,converging,0.1352,5.94079,low,london,3030.76,3031.46,3029.31,LOSS,-0.5,1,0
203,S14_2,2,descending,converging,0.1352,5.94079,low,london,3030.76,3031.46,3029.31,LOSS,-0.5,1,0
219,S15_2,2,ascending,diverging,1.6429,6.38255,low,other,3068.72,3069.45,3062.34,LOSS,-0.5,1,0
219,S15_2,2,ascending,diverging,1.6429,6.38255,low,other,3068.72,3069.45,3062.34,LOSS,-0.5,1,0
219,S15_2,2,ascending,diverging,1.6429,6.38255,low,other,3068.72,3069.45,3062.34,LOSS,-0.5,1,0
219,S15_2,2,ascending,diverging,1.6429,6.38255,low,other,3068.72,3069.45,3062.34,LOSS,-0.5,1,0
219,S15_2,2,ascending,diverging,1.6429,6.38255,low,other,3068.72,3069.45,3062.34,LOSS,-0.5,1,0
219,S15_2,2,ascending,diverging,1.6429,6.38255,low,other,3068.72,3069.45,3062.34,LOSS,-0.5,1,0
220,S16_2,2,ascending,converging,1.3999,7.30951,high,other,3083.27,3088.08,3082.67,LOSS,-0.5,2,0
220,S16_2,2,ascending,converging,1.3999,7.30951,high,other,3083.27,3088.08,3082.67,LOSS,-0.5,2,0
220,S16_2,2,ascending,converging,1.3999,7.30951,high,other,3083.27,3088.08,3082.67,LOSS,-0.5,2,0
220,S16_2,2,ascending,converging,1.3999,7.30951,high,other,3083.27,3088.08,3082.67,LOSS,-0.5,2,0
220,S16_2,2,ascending,converging,1.3999,7.30951,high,other,3083.27,3088.08,3082.67,LOSS,-0.5,2,0
220,S16_2,2,ascending,converging,1.3999,7.30951,high,other,3083.27,3088.08,3082.67,LOSS,-0.5,2,0
228,S17_2,2,descending,diverging,0.1624,7.33524,high,london,3061.73,3065.0,3057.98,LOSS,-0.5,5,0
228,S17_2,2,descending,diverging,0.1624,7.33524,high,london,3061.73,3065.0,3057.98,LOSS,-0.5,1,0
228,S17_2,2,descending,diverging,0.1624,7.33524,high,london,3061.73,3065.0,3057.98,LOSS,-0.5,1,0
228,S17_2,2,descending,diverging,0.1624,7.33524,high,london,3061.73,3065.0,3057.98,LOSS,-0.5,1,0
228,S17_2,2,descending,diverging,0.1624,7.33524,high,london,3061.73,3065.0,3057.98,LOSS,-0.5,1,0
228,S17_2,2,descending,diverging,0.1624,7.33524,high,london,3061.73,3065.0,3057.98,LOSS,-0.5,1,0
235,S18_2,2,descending,converging,0.3046,6.81201,high,other,3078.23,3079.08,3076.54,LOSS,-0.5,3,0
235,S18_2,2,descending,converging,0.3046,6.81201,high,other,3078.23,3079.08,3076.54,LOSS,-0.5,9,0
235,S18_2,2,descending,converging,0.3046,6.81201,high,other,3078.23,3079.08,3076.54,LOSS,-0.5,9,0
235,S18_2,2,descending,converging,0.3046,6.81201,high,other,3078.23,3079.08,3076.54,LOSS,-0.5,9,0
235,S18_2,2,descending,converging,0.3046,6.81201,high,other,3078.23,3079.08,3076.54,LOSS,-0.5,9,0
235,S18_2,2,descending,converging,0.3046,6.81201,high,other,3078.23,3079.08,3076.54,LOSS,-0.5,9,0
247,S19_2,2,descending,diverging,0.0282,6.10496,low,other,3058.3,3058.55,3057.4,LOSS,-0.5,3,0
247,S19_2,2,descending,diverging,0.0282,6.10496,low,other,3058.3,3058.55,3057.4,LOSS,-0.5,3,0
247,S19_2,2,descending,diverging,0.0282,6.10496,low,other,3058.3,3058.55,3057.4,LOSS,-0.5,3,0
247,S19_2,2,descending,diverging,0.0282,6.10496,low,other,3058.3,3058.55,3057.4,LOSS,-0.5,2,0
247,S19_2,2,descending,diverging,0.0282,6.10496,low,other,3058.3,3058.55,3057.4,LOSS,-0.5,2,0
247,S19_2,2,descending,diverging,0.0282,6.10496,low,other,3058.3,3058.55,3057.4,LOSS,-0.5,2,0
253,S20_2,2,ascending,diverging,0.4521,7.31518,high,london,3090.78,3092.48,3085.6,LOSS,-0.5,8,0
253,S20_2,2,ascending,diverging,0.4521,7.31518,high,london,3090.78,3092.48,3085.6,LOSS,-0.5,8,0
253,S20_2,2,ascending,diverging,0.4521,7.31518,high,london,3090.78,3092.48,3085.6,LOSS,-0.5,8,0
253,S20_2,2,ascending,diverging,0.4521,7.31518,high,london,3090.78,3092.48,3085.6,LOSS,-0.5,8,0
253,S20_2,2,ascending,diverging,0.4521,7.31518,high,london,3090.78,3092.48,3085.6,LOSS,-0.5,8,0
253,S20_2,2,ascending,diverging,0.4521,7.31518,high,london,3090.78,3092.48,3085.6,LOSS,-0.5,8,0
268,S21_2,2,descending,diverging,0.1841,8.27025,high,other,3051.07,3053.11,3048.47,LOSS,-0.5,0,0
268,S21_2,2,descending,diverging,0.1841,8.27025,high,other,3051.07,3053.11,3048.47,LOSS,-0.5,0,0
268,S21_2,2,descending,diverging,0.1841,8.27025,high,other,3051.07,3053.11,3048.47,LOSS,-0.5,0,0
268,S21_2,2,descending,diverging,0.1841,8.27025,high,other,3051.07,3053.11,3048.47,LOSS,-0.5,0,0
268,S21_2,2,descending,diverging,0.1841,8.27025,high,other,3051.07,3053.11,3048.47,LOSS,-0.5,0,0
268,S21_2,2,descending,diverging,0.1841,8.27025,high,other,3051.07,3053.11,3048.47,WIN,3.0,15,1
284,S22_2,2,descending,converging,0.3233,7.38714,high,other,3076.38,3076.74,3075.57,LOSS,-0.5,2,0
284,S22_2,2,descending,converging,0.3233,7.38714,high,other,3076.38,3076.74,3075.57,LOSS,-0.5,7,0
284,S22_2,2,descending,converging,0.3233,7.38714,high,other,3076.38,3076.74,3075.57,LOSS,-0.5,2,0
284,S22_2,2,descending,converging,0.3233,7.38714,high,other,3076.38,3076.74,3075.57,LOSS,-0.5,7,0
284,S22_2,2,descending,converging,0.3233,7.38714,high,other,3076.38,3076.74,3075.57,LOSS,-0.5,2,0
284,S22_2,2,descending,converging,0.3233,7.38714,high,other,3076.38,3076.74,3075.57,LOSS,-0.5,7,0
292,S23_2,2,ascending,converging,0.4125,6.32583,low,other,3059.52,3060.62,3058.95,WIN,3.0,10,1
292,S23_2,2,ascending,converging,0.4125,6.32583,low,other,3059.52,3060.62,3058.95,LOSS,-0.5,3,0
292,S23_2,2,ascending,converging,0.4125,6.32583,low,other,3059.52,3060.62,3058.95,WIN,3.0,10,1
292,S23_2,2,ascending,converging,0.4125,6.32583,low,other,3059.52,3060.62,3058.95,LOSS,-0.5,3,0
292,S23_2,2,ascending,converging,0.4125,6.32583,low,other,3059.52,3060.62,3058.95,WIN,3.0,10,1
292,S23_2,2,ascending,converging,0.4125,6.32583,low,other,3059.52,3060.62,3058.95,LOSS,-0.5,3,0
323,S24_2,2,ascending,diverging,1.3684,5.97645,low,london,3135.01,3139.3,3134.14,LOSS,-0.5,1,0
323,S24_2,2,ascending,diverging,1.3684,5.97645,low,london,3135.01,3139.3,3134.14,LOSS,-0.5,1,0
323,S24_2,2,ascending,diverging,1.3684,5.97645,low,london,3135.01,3139.3,3134.14,LOSS,-0.5,1,0
323,S24_2,2,ascending,diverging,1.3684,5.97645,low,london,3135.01,3139.3,3134.14,LOSS,-0.5,1,0
323,S24_2,2,ascending,diverging,1.3684,5.97645,low,london,3135.01,3139.3,3134.14,LOSS,-0.5,1,0
323,S24_2,2,ascending,diverging,1.3684,5.97645,low,london,3135.01,3139.3,3134.14,LOSS,-0.5,1,0
333,S25_2,2,ascending,converging,0.3616,5.78763,low,other,3134.83,3139.25,3131.15,LOSS,-0.5,2,0
333,S25_2,2,ascending,converging,0.3616,5.78763,low,other,3134.83,3139.25,3131.15,LOSS,-0.5,2,0
333,S25_2,2,ascending,converging,0.3616,5.78763,low,other,3134.83,3139.25,3131.15,LOSS,-0.5,2,0
333,S25_2,2,ascending,converging,0.3616,5.78763,low,other,3134.83,3139.25,3131.15,LOSS,-0.5,2,0
333,S25_2,2,ascending,converging,0.3616,5.78763,low,other,3134.83,3139.25,3131.15,LOSS,-0.5,2,0
333,S25_2,2,ascending,converging,0.3616,5.78763,low,other,3134.83,3139.25,3131.15,LOSS,-0.5,2,0
335,S26_2,2,ascending,diverging,0.8201,5.73684,low,other,3140.65,3143.39,3139.95,LOSS,-0.5,3,0
335,S26_2,2,ascending,diverging,0.8201,5.73684,low,other,3140.65,3143.39,3139.95,LOSS,-0.5,3,0
335,S26_2,2,ascending,diverging,0.8201,5.73684,low,other,3140.65,3143.39,3139.95,LOSS,-0.5,3,0
335,S26_2,2,ascending,diverging,0.8201,5.73684,low,other,3140.65,3143.39,3139.95,LOSS,-0.5,3,0
335,S26_2,2,ascending,diverging,0.8201,5.73684,low,other,3140.65,3143.39,3139.95,LOSS,-0.5,3,0
335,S26_2,2,ascending,diverging,0.8201,5.73684,low,other,3140.65,3143.39,3139.95,LOSS,-0.5,3,0
348,S27_2,2,descending,diverging,1.3742,5.75416,low,london,3107.53,3108.83,3105.68,LOSS,-0.5,2,0
348,S27_2,2,descending,diverging,1.3742,5.75416,low,london,3107.53,3108.83,3105.68,LOSS,-0.5,2,0
348,S27_2,2,descending,diverging,1.3742,5.75416,low,london,3107.53,3108.83,3105.68,WIN,3.0,3,1
348,S27_2,2,descending,diverging,1.3742,5.75416,low,london,3107.53,3108.83,3105.68,WIN,3.0,3,1
348,S27_2,2,descending,diverging,1.3742,5.75416,low,london,3107.53,3108.83,3105.68,WIN,3.0,3,1
348,S27_2,2,descending,diverging,1.3742,5.75416,low,london,3107.53,3108.83,3105.68,WIN,3.0,3,1
353,S28_2,2,descending,converging,0.2556,5.71243,low,other,3123.23,3126.35,3121.23,LOSS,-0.5,7,0
353,S28_2,2,descending,converging,0.2556,5.71243,low,other,3123.23,3126.35,3121.23,LOSS,-0.5,7,0
353,S28_2,2,descending,converging,0.2556,5.71243,low,other,3123.23,3126.35,3121.23,LOSS,-0.5,7,0
353,S28_2,2,descending,converging,0.2556,5.71243,low,other,3123.23,3126.35,3121.23,LOSS,-0.5,0,0
353,S28_2,2,descending,converging,0.2556,5.71243,low,other,3123.23,3126.35,3121.23,LOSS,-0.5,0,0
353,S28_2,2,descending,converging,0.2556,5.71243,low,other,3123.23,3126.35,3121.23,LOSS,-0.5,0,0
359,S29_2,2,ascending,converging,0.2311,5.82913,low,other,3113.67,3116.09,3110.92,WIN,3.0,7,1
359,S29_2,2,ascending,converging,0.2311,5.82913,low,other,3113.67,3116.09,3110.92,LOSS,-0.5,1,0
359,S29_2,2,ascending,converging,0.2311,5.82913,low,other,3113.67,3116.09,3110.92,LOSS,-0.5,1,0
359,S29_2,2,ascending,converging,0.2311,5.82913,low,other,3113.67,3116.09,3110.92,LOSS,-0.5,1,0
359,S29_2,2,ascending,converging,0.2311,5.82913,low,other,3113.67,3116.09,3110.92,WIN,3.0,7,1
359,S29_2,2,ascending,converging,0.2311,5.82913,low,other,3113.67,3116.09,3110.92,WIN,3.0,7,1
378,S30_2,2,ascending,diverging,1.6905,7.16842,high,other,3181.08,3183.51,3179.6,LOSS,-0.5,1,0
378,S30_2,2,ascending,diverging,1.6905,7.16842,high,other,3181.08,3183.51,3179.6,LOSS,-0.5,1,0
378,S30_2,2,ascending,diverging,1.6905,7.16842,high,other,3181.08,3183.51,3179.6,LOSS,-0.5,1,0
378,S30_2,2,ascending,diverging,1.6905,7.16842,high,other,3181.08,3183.51,3179.6,LOSS,-0.5,1,0
378,S30_2,2,ascending,diverging,1.6905,7.16842,high,other,3181.08,3183.51,3179.6,LOSS,-0.5,1,0
378,S30_2,2,ascending,diverging,1.6905,7.16842,high,other,3181.08,3183.51,3179.6,LOSS,-0.5,1,0
384,S31_2,2,ascending,converging,0.212,7.16919,high,other,3147.19,3147.46,3144.38,WIN,3.0,3,1
384,S31_2,2,ascending,converging,0.212,7.16919,high,other,3147.19,3147.46,3144.38,WIN,3.0,3,1
384,S31_2,2,ascending,converging,0.212,7.16919,high,other,3147.19,3147.46,3144.38,WIN,3.0,3,1
384,S31_2,2,ascending,converging,0.212,7.16919,high,other,3147.19,3147.46,3144.38,WIN,3.0,3,1
384,S31_2,2,ascending,converging,0.212,7.16919,high,other,3147.19,3147.46,3144.38,WIN,3.0,3,1
384,S31_2,2,ascending,converging,0.212,7.16919,high,other,3147.19,3147.46,3144.38,WIN,3.0,3,1
399,S32_2,2,descending,converging,0.0731,7.52553,high,london,3179.27,3179.47,3177.76,LOSS,-0.5,16,0
399,S32_2,2,descending,converging,0.0731,7.52553,high,london,3179.27,3179.47,3177.76,LOSS,-0.5,1,0
399,S32_2,2,descending,converging,0.0731,7.52553,high,london,3179.27,3179.47,3177.76,LOSS,-0.5,1,0
399,S32_2,2,descending,converging,0.0731,7.52553,high,london,3179.27,3179.47,3177.76,LOSS,-0.5,1,0
399,S32_2,2,descending,converging,0.0731,7.52553,high,london,3179.27,3179.47,3177.76,LOSS,-0.5,1,0
399,S32_2,2,descending,converging,0.0731,7.52553,high,london,3179.27,3179.47,3177.76,LOSS,-0.5,1,0
412,S33_2,2,ascending,converging,0.1823,6.84601,high,other,3154.94,3157.11,3151.78,LOSS,-0.5,46,0
412,S33_2,2,ascending,converging,0.1823,6.84601,high,other,3154.94,3157.11,3151.78,LOSS,-0.5,3,0
412,S33_2,2,ascending,converging,0.1823,6.84601,high,other,3154.94,3157.11,3151.78,LOSS,-0.5,46,0
412,S33_2,2,ascending,converging,0.1823,6.84601,high,other,3154.94,3157.11,3151.78,LOSS,-0.5,46,0
412,S33_2,2,ascending,converging,0.1823,6.84601,high,other,3154.94,3157.11,3151.78,LOSS,-0.5,46,0
412,S33_2,2,ascending,converging,0.1823,6.84601,high,other,3154.94,3157.11,3151.78,LOSS,-0.5,46,0
428,S34_2,2,ascending,diverging,0.8362,7.06948,high,other,3230.97,3231.1,3230.64,LOSS,-0.5,1,0
428,S34_2,2,ascending,diverging,0.8362,7.06948,high,other,3230.97,3231.1,3230.64,LOSS,-0.5,1,0
428,S34_2,2,ascending,diverging,0.8362,7.06948,high,other,3230.97,3231.1,3230.64,LOSS,-0.5,1,0
428,S34_2,2,ascending,diverging,0.8362,7.06948,high,other,3230.97,3231.1,3230.64,LOSS,-0.5,1,0
428,S34_2,2,ascending,diverging,0.8362,7.06948,high,other,3230.97,3231.1,3230.64,LOSS,-0.5,1,0
428,S34_2,2,ascending,diverging,0.8362,7.06948,high,other,3230.97,3231.1,3230.64,LOSS,-0.5,1,0
431,S35_2,2,ascending,converging,0.2621,8.1341,high,other,3199.9,3200.19,3197.08,LOSS,-0.5,11,0
431,S35_2,2,ascending,converging,0.2621,8.1341,high,other,3199.9,3200.19,3197.08,LOSS,-0.5,11,0
431,S35_2,2,ascending,converging,0.2621,8.1341,high,other,3199.9,3200.19,3197.08,LOSS,-0.5,11,0
431,S35_2,2,ascending,converging,0.2621,8.1341,high,other,3199.9,3200.19,3197.08,LOSS,-0.5,11,0
431,S35_2,2,ascending,converging,0.2621,8.1341,high,other,3199.9,3200.19,3197.08,LOSS,-0.5,11,0
431,S35_2,2,ascending,converging,0.2621,8.1341,high,other,3199.9,3200.19,3197.08,LOSS,-0.5,11,0
436,S36_2,2,descending,converging,0.1754,7.92363,high,other,3224.98,3225.41,3223.08,WIN,3.0,7,1
436,S36_2,2,descending,converging,0.1754,7.92363,high,other,3224.98,3225.41,3223.08,LOSS,-0.5,1,0
436,S36_2,2,descending,converging,0.1754,7.92363,high,other,3224.98,3225.41,3223.08,LOSS,-0.5,1,0
436,S36_2,2,descending,converging,0.1754,7.92363,high,other,3224.98,3225.41,3223.08,LOSS,-0.5,1,0
436,S36_2,2,descending,converging,0.1754,7.92363,high,other,3224.98,3225.41,3223.08,LOSS,-0.5,1,0
436,S36_2,2,descending,converging,0.1754,7.92363,high,other,3224.98,3225.41,3223.08,LOSS,-0.5,1,0
459,S37_2,2,descending,diverging,0.7944,6.53929,high,other,3158.71,3163.89,3157.37,TIMEOUT,0.0,50,0
459,S37_2,2,descending,diverging,0.7944,6.53929,high,other,3158.71,3163.89,3157.37,TIMEOUT,0.0,50,0
459,S37_2,2,descending,diverging,0.7944,6.53929,high,other,3158.71,3163.89,3157.37,TIMEOUT,0.0,50,0
459,S37_2,2,descending,diverging,0.7944,6.53929,high,other,3158.71,3163.89,3157.37,TIMEOUT,0.0,50,0
459,S37_2,2,descending,diverging,0.7944,6.53929,high,other,3158.71,3163.89,3157.37,TIMEOUT,0.0,50,0
459,S37_2,2,descending,diverging,0.7944,6.53929,high,other,3158.71,3163.89,3157.37,TIMEOUT,0.0,50,0
467,S38_2,2,descending,converging,0.3089,5.61379,low,london,3177.42,3179.37,3173.92,TIMEOUT,0.0,50,0
467,S38_2,2,descending,converging,0.3089,5.61379,low,london,3177.42,3179.37,3173.92,TIMEOUT,0.0,50,0
467,S38_2,2,descending,converging,0.3089,5.61379,low,london,3177.42,3179.37,3173.92,TIMEOUT,0.0,50,0
467,S38_2,2,descending,converging,0.3089,5.61379,low,london,3177.42,3179.37,3173.92,TIMEOUT,0.0,50,0
467,S38_2,2,descending,converging,0.3089,5.61379,low,london,3177.42,3179.37,3173.92,TIMEOUT,0.0,50,0
467,S38_2,2,descending,converging,0.3089,5.61379,low,london,3177.42,3179.37,3173.92,TIMEOUT,0.0,50,0
472,S39_2,2,descending,diverging,0.3714,6.68067,high,other,3146.13,3147.02,3143.95,TIMEOUT,0.0,50,0
472,S39_2,2,descending,diverging,0.3714,6.68067,high,other,3146.13,3147.02,3143.95,TIMEOUT,0.0,50,0
472,S39_2,2,descending,diverging,0.3714,6.68067,high,other,3146.13,3147.02,3143.95,TIMEOUT,0.0,50,0
472,S39_2,2,descending,diverging,0.3714,6.68067,high,other,3146.13,3147.02,3143.95,TIMEOUT,0.0,50,0
472,S39_2,2,descending,diverging,0.3714,6.68067,high,other,3146.13,3147.02,3143.95,TIMEOUT,0.0,50,0
472,S39_2,2,descending,diverging,0.3714,6.68067,high,other,3146.13,3147.02,3143.95,TIMEOUT,0.0,50,0
480,S40_2,2,ascending,diverging,0.2954,7.62166,high,other,3197.65,3198.98,3196.52,TIMEOUT,0.0,50,0
480,S40_2,2,ascending,diverging,0.2954,7.62166,high,other,3197.65,3198.98,3196.52,TIMEOUT,0.0,50,0
480,S40_2,2,ascending,diverging,0.2954,7.62166,high,other,3197.65,3198.98,3196.52,TIMEOUT,0.0,50,0
480,S40_2,2,ascending,diverging,0.2954,7.62166,high,other,3197.65,3198.98,3196.52,TIMEOUT,0.0,50,0
480,S40_2,2,ascending,diverging,0.2954,7.62166,high,other,3197.65,3198.98,3196.52,TIMEOUT,0.0,50,0
480,S40_2,2,ascending,diverging,0.2954,7.62166,high,other,3197.65,3198.98,3196.52,TIMEOUT,0.0,50,0
487,S41_2,2,ascending,converging,0.1674,7.86009,high,other,3160.04,3161.25,3158.85,TIMEOUT,0.0,50,0
487,S41_2,2,ascending,converging,0.1674,7.86009,high,other,3160.04,3161.25,3158.85,TIMEOUT,0.0,50,0
487,S41_2,2,ascending,converging,0.1674,7.86009,high,other,3160.04,3161.25,3158.85,TIMEOUT,0.0,50,0
487,S41_2,2,ascending,converging,0.1674,7.86009,high,other,3160.04,3161.25,3158.85,TIMEOUT,0.0,50,0
487,S41_2,2,ascending,converging,0.1674,7.86009,high,other,3160.04,3161.25,3158.85,TIMEOUT,0.0,50,0
487,S41_2,2,ascending,converging,0.1674,7.86009,high,other,3160.04,3161.25,3158.85,TIMEOUT,0.0,50,0
38,S0_3,3,descending,converging,0.3799,6.78499,high,london,2958.34,2959.22,2958.0,LOSS,-0.5,1,0
38,S0_3,3,descending,converging,0.3799,6.78499,high,london,2958.34,2959.22,2958.0,LOSS,-0.5,1,0
59,S1_3,3,descending,converging,0.1193,6.02187,low,london,2962.56,2964.79,2959.04,LOSS,-0.5,5,0
59,S1_3,3,descending,converging,0.1193,6.02187,low,london,2962.56,2964.79,2959.04,LOSS,-0.5,5,0
59,S1_3,3,descending,converging,0.1193,6.02187,low,london,2962.56,2964.79,2959.04,LOSS,-0.5,5,0
63,S2_3,3,descending,converging,1.1402,5.97709,low,london,2946.21,2947.1,2944.86,LOSS,-0.5,1,0
63,S2_3,3,descending,converging,1.1402,5.97709,low,london,2946.21,2947.1,2944.86,LOSS,-0.5,1,0
63,S2_3,3,descending,converging,1.1402,5.97709,low,london,2946.21,2947.1,2944.86,LOSS,-0.5,1,0
63,S2_3,3,descending,converging,1.1402,5.97709,low,london,2946.21,2947.1,2944.86,LOSS,-0.5,1,0
73,S3_3,3,ascending,diverging,2.4257,6.40753,low,other,2986.22,2989.08,2985.33,LOSS,-0.5,5,0
73,S3_3,3,ascending,diverging,2.4257,6.40753,low,other,2986.22,2989.08,2985.33,LOSS,-0.5,5,0
73,S3_3,3,ascending,diverging,2.4257,6.40753,low,other,2986.22,2989.08,2985.33,LOSS,-0.5,5,0
73,S3_3,3,ascending,diverging,2.4257,6.40753,low,other,2986.22,2989.08,2985.33,LOSS,-0.5,5,0
73,S3_3,3,ascending,diverging,2.4257,6.40753,low,other,2986.22,2989.08,2985.33,LOSS,-0.5,1,0
79,S4_3,3,descending,diverging,0.0281,6.64234,high,other,2964.77,2968.54,2963.47,LOSS,-0.5,15,0
79,S4_3,3,descending,diverging,0.0281,6.64234,high,other,2964.77,2968.54,2963.47,LOSS,-0.5,1,0
79,S4_3,3,descending,diverging,0.0281,6.64234,high,other,2964.77,2968.54,2963.47,LOSS,-0.5,15,0
79,S4_3,3,descending,diverging,0.0281,6.64234,high,other,2964.77,2968.54,2963.47,LOSS,-0.5,1,0
79,S4_3,3,descending,diverging,0.0281,6.64234,high,other,2964.77,2968.54,2963.47,LOSS,-0.5,1,0
79,S4_3,3,descending,diverging,0.0281,6.64234,high,other,2964.77,2968.54,2963.47,LOSS,-0.5,1,0
82,S5_3,3,ascending,converging,0.3749,6.75174,high,london,2975.25,2978.42,2973.48,LOSS,-0.5,6,0
82,S5_3,3,ascending,converging,0.3749,6.75174,high,london,2975.25,2978.42,2973.48,LOSS,-0.5,1,0
82,S5_3,3,ascending,converging,0.3749,6.75174,high,london,2975.25,2978.42,2973.48,LOSS,-0.5,1,0
82,S5_3,3,ascending,converging,0.3749,6.75174,high,london,2975.25,2978.42,2973.48,LOSS,-0.5,1,0
82,S5_3,3,ascending,converging,0.3749,6.75174,high,london,2975.25,2978.42,2973.48,LOSS,-0.5,6,0
82,S5_3,3,ascending,converging,0.3749,6.75174,high,london,2975.25,2978.42,2973.48,LOSS,-0.5,1,0
104,S6_3,3,descending,diverging,0.93,5.78199,low,london,2950.75,2953.55,2949.19,LOSS,-0.5,1,0
104,S6_3,3,descending,diverging,0.93,5.78199,low,london,2950.75,2953.55,2949.19,LOSS,-0.5,1,0
104,S6_3,3,descending,diverging,0.93,5.78199,low,london,2950.75,2953.55,2949.19,WIN,3.0,8,1
104,S6_3,3,descending,diverging,0.93,5.78199,low,london,2950.75,2953.55,2949.19,LOSS,-0.5,1,0
104,S6_3,3,descending,diverging,0.93,5.78199,low,london,2950.75,2953.55,2949.19,LOSS,-0.5,1,0
104,S6_3,3,descending,diverging,0.93,5.78199,low,london,2950.75,2953.55,2949.19,LOSS,-0.5,1,0
125,S7_3,3,ascending,diverging,1.1209,7.37404,high,other,2996.76,2997.91,2995.6,LOSS,-0.5,1,0
125,S7_3,3,ascending,diverging,1.1209,7.37404,high,other,2996.76,2997.91,2995.6,LOSS,-0.5,1,0
125,S7_3,3,ascending,diverging,1.1209,7.37404,high,other,2996.76,2997.91,2995.6,LOSS,-0.5,1,0
125,S7_3,3,ascending,diverging,1.1209,7.37404,high,other,2996.76,2997.91,2995.6,LOSS,-0.5,1,0
125,S7_3,3,ascending,diverging,1.1209,7.37404,high,other,2996.76,2997.91,2995.6,LOSS,-0.5,1,0
125,S7_3,3,ascending,diverging,1.1209,7.37404,high,other,2996.76,2997.91,2995.6,LOSS,-0.5,1,0
147,S8_3,3,descending,converging,0.1684,7.42722,high,other,2965.59,2965.67,2964.68,WIN,3.0,16,1
147,S8_3,3,descending,converging,0.1684,7.42722,high,other,2965.59,2965.67,2964.68,LOSS,-0.5,2,0
147,S8_3,3,descending,converging,0.1684,7.42722,high,other,2965.59,2965.67,2964.68,WIN,3.0,16,1
147,S8_3,3,descending,converging,0.1684,7.42722,high,other,2965.59,2965.67,2964.68,LOSS,-0.5,2,0
147,S8_3,3,descending,converging,0.1684,7.42722,high,other,2965.59,2965.67,2964.68,WIN,3.0,16,1
147,S8_3,3,descending,converging,0.1684,7.42722,high,other,2965.59,2965.67,2964.68,LOSS,-0.5,2,0
167,S9_3,3,ascending,diverging,0.5535,7.35579,high,other,3010.99,3014.47,3009.23,LOSS,-0.5,1,0
167,S9_3,3,ascending,diverging,0.5535,7.35579,high,other,3010.99,3014.47,3009.23,LOSS,-0.5,1,0
167,S9_3,3,ascending,diverging,0.5535,7.35579,high,other,3010.99,3014.47,3009.23,LOSS,-0.5,1,0
167,S9_3,3,ascending,diverging,0.5535,7.35579,high,other,3010.99,3014.47,3009.23,LOSS,-0.5,1,0
167,S9_3,3,ascending,diverging,0.5535,7.35579,high,other,3010.99,3014.47,3009.23,LOSS,-0.5,1,0
167,S9_3,3,ascending,diverging,0.5535,7.35579,high,other,3010.99,3014.47,3009.23,LOSS,-0.5,1,0
172,S10_3,3,descending,converging,0.0803,6.47456,high,other,2995.79,2996.72,2992.66,WIN,3.0,4,1
172,S10_3,3,descending,converging,0.0803,6.47456,high,other,2995.79,2996.72,2992.66,LOSS,-0.5,2,0
172,S10_3,3,descending,converging,0.0803,6.47456,high,other,2995.79,2996.72,2992.66,WIN,3.0,4,1
172,S10_3,3,descending,converging,0.0803,6.47456,high,other,2995.79,2996.72,2992.66,WIN,3.0,4,1
172,S10_3,3,descending,converging,0.0803,6.47456,high,other,2995.79,2996.72,2992.66,WIN,3.0,4,1
172,S10_3,3,descending,converging,0.0803,6.47456,high,other,2995.79,2996.72,2992.66,WIN,3.0,4,1
180,S11_3,3,ascending,converging,0.6385,6.68433,high,london,3034.34,3037.45,3031.11,LOSS,-0.5,1,0
180,S11_3,3,ascending,converging,0.6385,6.68433,high,london,3034.34,3037.45,3031.11,LOSS,-0.5,1,0
180,S11_3,3,ascending,converging,0.6385,6.68433,high,london,3034.34,3037.45,3031.11,LOSS,-0.5,1,0
180,S11_3,3,ascending,converging,0.6385,6.68433,high,london,3034.34,3037.45,3031.11,LOSS,-0.5,1,0
180,S11_3,3,ascending,converging,0.6385,6.68433,high,london,3034.34,3037.45,3031.11,LOSS,-0.5,1,0
180,S11_3,3,ascending,converging,0.6385,6.68433,high,london,3034.34,3037.45,3031.11,LOSS,-0.5,1,0
199,S12_3,3,descending,diverging,0.1059,5.63555,low,other,3011.1,3011.26,3009.08,WIN,3.0,3,1
199,S12_3,3,descending,diverging,0.1059,5.63555,low,other,3011.1,3011.26,3009.08,LOSS,-0.5,1,0
199,S12_3,3,descending,diverging,0.1059,5.63555,low,other,3011.1,3011.26,3009.08,WIN,3.0,3,1
199,S12_3,3,descending,diverging,0.1059,5.63555,low,other,3011.1,3011.26,3009.08,WIN,3.0,3,1
199,S12_3,3,descending,diverging,0.1059,5.63555,low,other,3011.1,3011.26,3009.08,WIN,3.0,3,1
199,S12_3,3,descending,diverging,0.1059,5.63555,low,other,3011.1,3011.26,3009.08,WIN,3.0,3,1
203,S13_3,3,ascending,converging,0.3735,5.94079,low,london,3030.76,3031.46,3029.31,LOSS,-0.5,4,0
203,S13_3,3,ascending,converging,0.3735,5.94079,low,london,3030.76,3031.46,3029.31,LOSS,-0.5,1,0
203,S13_3,3,ascending,converging,0.3735,5.94079,low,london,3030.76,3031.46,3029.31,LOSS,-0.5,1,0
203,S13_3,3,ascending,converging,0.3735,5.94079,low,london,3030.76,3031.46,3029.31,LOSS,-0.5,1,0
203,S13_3,3,ascending,converging,0.3735,5.94079,low,london,3030.76,3031.46,3029.31,LOSS,-0.5,1,0
203,S13_3,3,ascending,converging,0.3735,5.94079,low,london,3030.76,3031.46,3029.31,LOSS,-0.5,1,0
219,S14_3,3,ascending,converging,0.3625,6.38255,low,other,3068.72,3069.45,3062.34,LOSS,-0.5,1,0
219,S14_3,3,ascending,converging,0.3625,6.38255,low,other,3068.72,3069.45,3062.34,LOSS,-0.5,1,0
219,S14_3,3,ascending,converging,0.3625,6.38255,low,other,3068.72,3069.45,3062.34,LOSS,-0.5,1,0
219,S14_3,3,ascending,converging,0.3625,6.38255,low,other,3068.72,3069.45,3062.34,LOSS,-0.5,1,0
219,S14_3,3,ascending,converging,0.3625,6.38255,low,other,3068.72,3069.45,3062.34,LOSS,-0.5,1,0
219,S14_3,3,ascending,converging,0.3625,6.38255,low,other,3068.72,3069.45,3062.34,LOSS,-0.5,1,0
220,S15_3,3,ascending,converging,1.7293,7.30951,high,other,3083.27,3088.08,3082.67,LOSS,-0.5,2,0
220,S15_3,3,ascending,converging,1.7293,7.30951,high,other,3083.27,3088.08,3082.67,LOSS,-0.5,2,0
220,S15_3,3,ascending,converging,1.7293,7.30951,high,other,3083.27,3088.08,3082.67,LOSS,-0.5,2,0
220,S15_3,3,ascending,converging,1.7293,7.30951,high,other,3083.27,3088.08,3082.67,LOSS,-0.5,2,0
220,S15_3,3,ascending,converging,1.7293,7.30951,high,other,3083.27,3088.08,3082.67,LOSS,-0.5,2,0
220,S15_3,3,ascending,converging,1.7293,7.30951,high,other,3083.27,3088.08,3082.67,LOSS,-0.5,2,0
228,S16_3,3,ascending,converging,0.4398,7.33524,high,london,3061.73,3065.0,3057.98,LOSS,-0.5,5,0
228,S16_3,3,ascending,converging,0.4398,7.33524,high,london,3061.73,3065.0,3057.98,LOSS,-0.5,1,0
228,S16_3,3,ascending,converging,0.4398,7.33524,high,london,3061.73,3065.0,3057.98,LOSS,-0.5,1,0
228,S16_3,3,ascending,converging,0.4398,7.33524,high,london,3061.73,3065.0,3057.98,LOSS,-0.5,1,0
228,S16_3,3,ascending,converging,0.4398,7.33524,high,london,3061.73,3065.0,3057.98,LOSS,-0.5,1,0
228,S16_3,3,ascending,converging,0.4398,7.33524,high,london,3061.73,3065.0,3057.98,LOSS,-0.5,1,0
235,S17_3,3,ascending,converging,0.4433,6.81201,high,other,3078.23,3079.08,3076.54,LOSS,-0.5,3,0
235,S17_3,3,ascending,converging,0.4433,6.81201,high,other,3078.23,3079.08,3076.54,LOSS,-0.5,9,0
235,S17_3,3,ascending,converging,0.4433,6.81201,high,other,3078.23,3079.08,3076.54,LOSS,-0.5,9,0
235,S17_3,3,ascending,converging,0.4433,6.81201,high,other,3078.23,3079.08,3076.54,LOSS,-0.5,9,0
235,S17_3,3,ascending,converging,0.4433,6.81201,high,other,3078.23,3079.08,3076.54,LOSS,-0.5,9,0
235,S17_3,3,ascending,converging,0.4433,6.81201,high,other,3078.23,3079.08,3076.54,LOSS,-0.5,9,0
247,S18_3,3,descending,converging,0.6954,6.10496,low,other,3058.3,3058.55,3057.4,LOSS,-0.5,3,0
247,S18_3,3,descending,converging,0.6954,6.10496,low,other,3058.3,3058.55,3057.4,LOSS,-0.5,3,0
247,S18_3,3,descending,converging,0.6954,6.10496,low,other,3058.3,3058.55,3057.4,LOSS,-0.5,3,0
247,S18_3,3,descending,converging,0.6954,6.10496,low,other,3058.3,3058.55,3057.4,LOSS,-0.5,2,0
247,S18_3,3,descending,converging,0.6954,6.10496,low,other,3058.3,3058.55,3057.4,LOSS,-0.5,2,0
247,S18_3,3,descending,converging,0.6954,6.10496,low,other,3058.3,3058.55,3057.4,LOSS,-0.5,2,0
253,S19_3,3,ascending,diverging,0.9733,7.31518,high,london,3090.78,3092.48,3085.6,LOSS,-0.5,8,0
253,S19_3,3,ascending,diverging,0.9733,7.31518,high,london,3090.78,3092.48,3085.6,LOSS,-0.5,8,0
253,S19_3,3,ascending,diverging,0.9733,7.31518,high,london,3090.78,3092.48,3085.6,LOSS,-0.5,8,0
253,S19_3,3,ascending,diverging,0.9733,7.31518,high,london,3090.78,3092.48,3085.6,LOSS,-0.5,8,0
253,S19_3,3,ascending,diverging,0.9733,7.31518,high,london,3090.78,3092.48,3085.6,LOSS,-0.5,8,0
253,S19_3,3,ascending,diverging,0.9733,7.31518,high,london,3090.78,3092.48,3085.6,LOSS,-0.5,8,0
268,S20_3,3,descending,diverging,0.6306,8.27025,high,other,3051.07,3053.11,3048.47,LOSS,-0.5,0,0
268,S20_3,3,descending,diverging,0.6306,8.27025,high,other,3051.07,3053.11,3048.47,LOSS,-0.5,0,0
268,S20_3,3,descending,diverging,0.6306,8.27025,high,other,3051.07,3053.11,3048.47,LOSS,-0.5,0,0
268,S20_3,3,descending,diverging,0.6306,8.27025,high,other,3051.07,3053.11,3048.47,LOSS,-0.5,0,0
268,S20_3,3,descending,diverging,0.6306,8.27025,high,other,3051.07,3053.11,3048.47,LOSS,-0.5,0,0
268,S20_3,3,descending,diverging,0.6306,8.27025,high,other,3051.07,3053.11,3048.47,WIN,3.0,15,1
284,S21_3,3,ascending,converging,0.2892,7.38714,high,other,3076.38,3076.74,3075.57,LOSS,-0.5,2,0
284,S21_3,3,ascending,converging,0.2892,7.38714,high,other,3076.38,3076.74,3075.57,LOSS,-0.5,7,0
284,S21_3,3,ascending,converging,0.2892,7.38714,high,other,3076.38,3076.74,3075.57,LOSS,-0.5,2,0
284,S21_3,3,ascending,converging,0.2892,7.38714,high,other,3076.38,3076.74,3075.57,LOSS,-0.5,7,0
284,S21_3,3,ascending,converging,0.2892,7.38714,high,other,3076.38,3076.74,3075.57,LOSS,-0.5,2,0
284,S21_3,3,ascending,converging,0.2892,7.38714,high,other,3076.38,3076.74,3075.57,LOSS,-0.5,7,0
292,S22_3,3,descending,converging,0.5268,6.32583,low,other,3059.52,3060.62,3058.95,WIN,3.0,10,1
292,S22_3,3,descending,converging,0.5268,6.32583,low,other,3059.52,3060.62,3058.95,LOSS,-0.5,3,0
292,S22_3,3,descending,converging,0.5268,6.32583,low,other,3059.52,3060.62,3058.95,WIN,3.0,10,1
292,S22_3,3,descending,converging,0.5268,6.32583,low,other,3059.52,3060.62,3058.95,LOSS,-0.5,3,0
292,S22_3,3,descending,converging,0.5268,6.32583,low,other,3059.52,3060.62,3058.95,WIN,3.0,10,1
292,S22_3,3,descending,converging,0.5268,6.32583,low,other,3059.52,3060.62,3058.95,LOSS,-0.5,3,0
323,S23_3,3,ascending,diverging,1.1818,5.97645,low,london,3135.01,3139.3,3134.14,LOSS,-0.5,1,0
323,S23_3,3,ascending,diverging,1.1818,5.97645,low,london,3135.01,3139.3,3134.14,LOSS,-0.5,1,0
323,S23_3,3,ascending,diverging,1.1818,5.97645,low,london,3135.01,3139.3,3134.14,LOSS,-0.5,1,0
323,S23_3,3,ascending,diverging,1.1818,5.97645,low,london,3135.01,3139.3,3134.14,LOSS,-0.5,1,0
323,S23_3,3,ascending,diverging,1.1818,5.97645,low,london,3135.01,3139.3,3134.14,LOSS,-0.5,1,0
323,S23_3,3,ascending,diverging,1.1818,5.97645,low,london,3135.01,3139.3,3134.14,LOSS,-0.5,1,0
333,S24_3,3,ascending,converging,1.0952,5.78763,low,other,3134.83,3139.25,3131.15,LOSS,-0.5,2,0
333,S24_3,3,ascending,converging,1.0952,5.78763,low,other,3134.83,3139.25,3131.15,LOSS,-0.5,2,0
333,S24_3,3,ascending,converging,1.0952,5.78763,low,other,3134.83,3139.25,3131.15,LOSS,-0.5,2,0
333,S24_3,3,ascending,converging,1.0952,5.78763,low,other,3134.83,3139.25,3131.15,LOSS,-0.5,2,0
333,S24_3,3,ascending,converging,1.0952,5.78763,low,other,3134.83,3139.25,3131.15,LOSS,-0.5,2,0
333,S24_3,3,ascending,converging,1.0952,5.78763,low,other,3134.83,3139.25,3131.15,LOSS,-0.5,2,0
335,S25_3,3,ascending,converging,0.3698,5.73684,low,other,3140.65,3143.39,3139.95,LOSS,-0.5,3,0
335,S25_3,3,ascending,converging,0.3698,5.73684,low,other,3140.65,3143.39,3139.95,LOSS,-0.5,3,0
335,S25_3,3,ascending,converging,0.3698,5.73684,low,other,3140.65,3143.39,3139.95,LOSS,-0.5,3,0
335,S25_3,3,ascending,converging,0.3698,5.73684,low,other,3140.65,3143.39,3139.95,LOSS,-0.5,3,0
335,S25_3,3,ascending,converging,0.3698,5.73684,low,other,3140.65,3143.39,3139.95,LOSS,-0.5,3,0
335,S25_3,3,ascending,converging,0.3698,5.73684,low,other,3140.65,3143.39,3139.95,LOSS,-0.5,3,0
348,S26_3,3,descending,diverging,2.365,5.75416,low,london,3107.53,3108.83,3105.68,LOSS,-0.5,2,0
348,S26_3,3,descending,diverging,2.365,5.75416,low,london,3107.53,3108.83,3105.68,LOSS,-0.5,2,0
348,S26_3,3,descending,diverging,2.365,5.75416,low,london,3107.53,3108.83,3105.68,WIN,3.0,3,1
348,S26_3,3,descending,diverging,2.365,5.75416,low,london,3107.53,3108.83,3105.68,WIN,3.0,3,1
348,S26_3,3,descending,diverging,2.365,5.75416,low,london,3107.53,3108.83,3105.68,WIN,3.0,3,1
348,S26_3,3,descending,diverging,2.365,5.75416,low,london,3107.53,3108.83,3105.68,WIN,3.0,3,1
353,S27_3,3,descending,diverging,0.1828,5.71243,low,other,3123.23,3126.35,3121.23,LOSS,-0.5,7,0
353,S27_3,3,descending,diverging,0.1828,5.71243,low,other,3123.23,3126.35,3121.23,LOSS,-0.5,7,0
353,S27_3,3,descending,diverging,0.1828,5.71243,low,other,3123.23,3126.35,3121.23,LOSS,-0.5,7,0
353,S27_3,3,descending,diverging,0.1828,5.71243,low,other,3123.23,3126.35,3121.23,LOSS,-0.5,0,0
353,S27_3,3,descending,diverging,0.1828,5.71243,low,other,3123.23,3126.35,3121.23,LOSS,-0.5,0,0
353,S27_3,3,descending,diverging,0.1828,5.71243,low,other,3123.23,3126.35,3121.23,LOSS,-0.5,0,0
359,S28_3,3,descending,converging,0.3865,5.82913,low,other,3113.67,3116.09,3110.92,WIN,3.0,7,1
359,S28_3,3,descending,converging,0.3865,5.82913,low,other,3113.67,3116.09,3110.92,LOSS,-0.5,1,0
359,S28_3,3,descending,converging,0.3865,5.82913,low,other,3113.67,3116.09,3110.92,LOSS,-0.5,1,0
359,S28_3,3,descending,converging,0.3865,5.82913,low,other,3113.67,3116.09,3110.92,LOSS,-0.5,1,0
359,S28_3,3,descending,converging,0.3865,5.82913,low,other,3113.67,3116.09,3110.92,WIN,3.0,7,1
359,S28_3,3,descending,converging,0.3865,5.82913,low,other,3113.67,3116.09,3110.92,WIN,3.0,7,1
378,S29_3,3,ascending,diverging,1.3122,7.16842,high,other,3181.08,3183.51,3179.6,LOSS,-0.5,1,0
378,S29_3,3,ascending,diverging,1.3122,7.16842,high,other,3181.08,3183.51,3179.6,LOSS,-0.5,1,0
378,S29_3,3,ascending,diverging,1.3122,7.16842,high,other,3181.08,3183.51,3179.6,LOSS,-0.5,1,0
378,S29_3,3,ascending,diverging,1.3122,7.16842,high,other,3181.08,3183.51,3179.6,LOSS,-0.5,1,0
378,S29_3,3,ascending,diverging,1.3122,7.16842,high,other,3181.08,3183.51,3179.6,LOSS,-0.5,1,0
378,S29_3,3,ascending,diverging,1.3122,7.16842,high,other,3181.08,3183.51,3179.6,LOSS,-0.5,1,0
384,S30_3,3,ascending,diverging,0.3736,7.16919,high,other,3147.19,3147.46,3144.38,WIN,3.0,3,1
384,S30_3,3,ascending,diverging,0.3736,7.16919,high,other,3147.19,3147.46,3144.38,WIN,3.0,3,1
384,S30_3,3,ascending,diverging,0.3736,7.16919,high,other,3147.19,3147.46,3144.38,WIN,3.0,3,1
384,S30_3,3,ascending,diverging,0.3736,7.16919,high,other,3147.19,3147.46,3144.38,WIN,3.0,3,1
384,S30_3,3,ascending,diverging,0.3736,7.16919,high,other,3147.19,3147.46,3144.38,WIN,3.0,3,1
384,S30_3,3,ascending,diverging,0.3736,7.16919,high,other,3147.19,3147.46,3144.38,WIN,3.0,3,1
399,S31_3,3,ascending,converging,0.3343,7.52553,high,london,3179.27,3179.47,3177.76,LOSS,-0.5,16,0
399,S31_3,3,ascending,converging,0.3343,7.52553,high,london,3179.27,3179.47,3177.76,LOSS,-0.5,1,0
399,S31_3,3,ascending,converging,0.3343,7.52553,high,london,3179.27,3179.47,3177.76,LOSS,-0.5,1,0
399,S31_3,3,ascending,converging,0.3343,7.52553,high,london,3179.27,3179.47,3177.76,LOSS,-0.5,1,0
399,S31_3,3,ascending,converging,0.3343,7.52553,high,london,3179.27,3179.47,3177.76,LOSS,-0.5,1,0
399,S31_3,3,ascending,converging,0.3343,7.52553,high,london,3179.27,3179.47,3177.76,LOSS,-0.5,1,0
412,S32_3,3,descending,converging,0.4104,6.84601,high,other,3154.94,3157.11,3151.78,LOSS,-0.5,46,0
412,S32_3,3,descending,converging,0.4104,6.84601,high,other,3154.94,3157.11,3151.78,LOSS,-0.5,3,0
412,S32_3,3,descending,converging,0.4104,6.84601,high,other,3154.94,3157.11,3151.78,LOSS,-0.5,46,0
412,S32_3,3,descending,converging,0.4104,6.84601,high,other,3154.94,3157.11,3151.78,LOSS,-0.5,46,0
412,S32_3,3,descending,converging,0.4104,6.84601,high,other,3154.94,3157.11,3151.78,LOSS,-0.5,46,0
412,S32_3,3,descending,converging,0.4104,6.84601,high,other,3154.94,3157.11,3151.78,LOSS,-0.5,46,0
428,S33_3,3,ascending,diverging,0.9333,7.06948,high,other,3230.97,3231.1,3230.64,LOSS,-0.5,1,0
428,S33_3,3,ascending,diverging,0.9333,7.06948,high,other,3230.97,3231.1,3230.64,LOSS,-0.5,1,0
428,S33_3,3,ascending,diverging,0.9333,7.06948,high,other,3230.97,3231.1,3230.64,LOSS,-0.5,1,0
428,S33_3,3,ascending,diverging,0.9333,7.06948,high,other,3230.97,3231.1,3230.64,LOSS,-0.5,1,0
428,S33_3,3,ascending,diverging,0.9333,7.06948,high,other,3230.97,3231.1,3230.64,LOSS,-0.5,1,0
428,S33_3,3,ascending,diverging,0.9333,7.06948,high,other,3230.97,3231.1,3230.64,LOSS,-0.5,1,0
431,S34_3,3,ascending,diverging,0.2239,8.1341,high,other,3199.9,3200.19,3197.08,LOSS,-0.5,11,0
431,S34_3,3,ascending,diverging,0.2239,8.1341,high,other,3199.9,3200.19,3197.08,LOSS,-0.5,11,0
431,S34_3,3,ascending,diverging,0.2239,8.1341,high,other,3199.9,3200.19,3197.08,LOSS,-0.5,11,0
431,S34_3,3,ascending,diverging,0.2239,8.1341,high,other,3199.9,3200.19,3197.08,LOSS,-0.5,11,0
431,S34_3,3,ascending,diverging,0.2239,8.1341,high,other,3199.9,3200.19,3197.08,LOSS,-0.5,11,0
431,S34_3,3,ascending,diverging,0.2239,8.1341,high,other,3199.9,3200.19,3197.08,LOSS,-0.5,11,0
436,S35_3,3,ascending,converging,0.3458,7.92363,high,other,3224.98,3225.41,3223.08,WIN,3.0,7,1
436,S35_3,3,ascending,converging,0.3458,7.92363,high,other,3224.98,3225.41,3223.08,LOSS,-0.5,1,0
436,S35_3,3,ascending,converging,0.3458,7.92363,high,other,3224.98,3225.41,3223.08,LOSS,-0.5,1,0
436,S35_3,3,ascending,converging,0.3458,7.92363,high,other,3224.98,3225.41,3223.08,LOSS,-0.5,1,0
436,S35_3,3,ascending,converging,0.3458,7.92363,high,other,3224.98,3225.41,3223.08,LOSS,-0.5,1,0
436,S35_3,3,ascending,converging,0.3458,7.92363,high,other,3224.98,3225.41,3223.08,LOSS,-0.5,1,0
459,S36_3,3,descending,diverging,0.9706,6.53929,high,other,3158.71,3163.89,3157.37,TIMEOUT,0.0,50,0
459,S36_3,3,descending,diverging,0.9706,6.53929,high,other,3158.71,3163.89,3157.37,TIMEOUT,0.0,50,0
459,S36_3,3,descending,diverging,0.9706,6.53929,high,other,3158.71,3163.89,3157.37,TIMEOUT,0.0,50,0
459,S36_3,3,descending,diverging,0.9706,6.53929,high,other,3158.71,3163.89,3157.37,TIMEOUT,0.0,50,0
459,S36_3,3,descending,diverging,0.9706,6.53929,high,other,3158.71,3163.89,3157.37,TIMEOUT,0.0,50,0
459,S36_3,3,descending,diverging,0.9706,6.53929,high,other,3158.71,3163.89,3157.37,TIMEOUT,0.0,50,0
467,S37_3,3,descending,diverging,0.2767,5.61379,low,london,3177.42,3179.37,3173.92,TIMEOUT,0.0,50,0
467,S37_3,3,descending,diverging,0.2767,5.61379,low,london,3177.42,3179.37,3173.92,TIMEOUT,0.0,50,0
467,S37_3,3,descending,diverging,0.2767,5.61379,low,london,3177.42,3179.37,3173.92,TIMEOUT,0.0,50,0
467,S37_3,3,descending,diverging,0.2767,5.61379,low,london,3177.42,3179.37,3173.92,TIMEOUT,0.0,50,0
467,S37_3,3,descending,diverging,0.2767,5.61379,low,london,3177.42,3179.37,3173.92,TIMEOUT,0.0,50,0
467,S37_3,3,descending,diverging,0.2767,5.61379,low,london,3177.42,3179.37,3173.92,TIMEOUT,0.0,50,0
472,S38_3,3,descending,converging,0.3989,6.68067,high,other,3146.13,3147.02,3143.95,TIMEOUT,0.0,50,0
472,S38_3,3,descending,converging,0.3989,6.68067,high,other,3146.13,3147.02,3143.95,TIMEOUT,0.0,50,0
472,S38_3,3,descending,converging,0.3989,6.68067,high,other,3146.13,3147.02,3143.95,TIMEOUT,0.0,50,0
472,S38_3,3,descending,converging,0.3989,6.68067,high,other,3146.13,3147.02,3143.95,TIMEOUT,0.0,50,0
472,S38_3,3,descending,converging,0.3989,6.68067,high,other,3146.13,3147.02,3143.95,TIMEOUT,0.0,50,0
472,S38_3,3,descending,converging,0.3989,6.68067,high,other,3146.13,3147.02,3143.95,TIMEOUT,0.0,50,0
480,S39_3,3,ascending,diverging,0.6458,7.62166,high,other,3197.65,3198.98,3196.52,TIMEOUT,0.0,50,0
480,S39_3,3,ascending,diverging,0.6458,7.62166,high,other,3197.65,3198.98,3196.52,TIMEOUT,0.0,50,0
480,S39_3,3,ascending,diverging,0.6458,7.62166,high,other,3197.65,3198.98,3196.52,TIMEOUT,0.0,50,0
480,S39_3,3,ascending,diverging,0.6458,7.62166,high,other,3197.65,3198.98,3196.52,TIMEOUT,0.0,50,0
480,S39_3,3,ascending,diverging,0.6458,7.62166,high,other,3197.65,3198.98,3196.52,TIMEOUT,0.0,50,0
480,S39_3,3,ascending,diverging,0.6458,7.62166,high,other,3197.65,3198.98,3196.52,TIMEOUT,0.0,50,0
487,S40_3,3,descending,converging,0.2196,7.86009,high,other,3160.04,3161.25,3158.85,TIMEOUT,0.0,50,0
487,S40_3,3,descending,converging,0.2196,7.86009,high,other,3160.04,3161.25,3158.85,TIMEOUT,0.0,50,0
487,S40_3,3,descending,converging,0.2196,7.86009,high,other,3160.04,3161.25,3158.85,TIMEOUT,0.0,50,0
487,S40_3,3,descending,converging,0.2196,7.86009,high,other,3160.04,3161.25,3158.85,TIMEOUT,0.0,50,0
487,S40_3,3,descending,converging,0.2196,7.86009,high,other,3160.04,3161.25,3158.85,TIMEOUT,0.0,50,0
487,S40_3,3,descending,converging,0.2196,7.86009,high,other,3160.04,3161.25,3158.85,TIMEOUT,0.0,50,0
59,S0_4,4,descending,converging,0.3245,6.02187,low,london,2962.56,2964.79,2959.04,LOSS,-0.5,5,0
59,S0_4,4,descending,converging,0.3245,6.02187,low,london,2962.56,2964.79,2959.04,LOSS,-0.5,5,0
59,S0_4,4,descending,converging,0.3245,6.02187,low,london,2962.56,2964.79,2959.04,LOSS,-0.5,5,0
63,S1_4,4,descending,diverging,0.6431,5.97709,low,london,2946.21,2947.1,2944.86,LOSS,-0.5,1,0
63,S1_4,4,descending,diverging,0.6431,5.97709,low,london,2946.21,2947.1,2944.86,LOSS,-0.5,1,0
63,S1_4,4,descending,diverging,0.6431,5.97709,low,london,2946.21,2947.1,2944.86,LOSS,-0.5,1,0
63,S1_4,4,descending,diverging,0.6431,5.97709,low,london,2946.21,2947.1,2944.86,LOSS,-0.5,1,0
73,S2_4,4,ascending,diverging,0.0373,6.40753,low,other,2986.22,2989.08,2985.33,LOSS,-0.5,5,0
73,S2_4,4,ascending,diverging,0.0373,6.40753,low,other,2986.22,2989.08,2985.33,LOSS,-0.5,5,0
73,S2_4,4,ascending,diverging,0.0373,6.40753,low,other,2986.22,2989.08,2985.33,LOSS,-0.5,5,0
73,S2_4,4,ascending,diverging,0.0373,6.40753,low,other,2986.22,2989.08,2985.33,LOSS,-0.5,5,0
73,S2_4,4,ascending,diverging,0.0373,6.40753,low,other,2986.22,2989.08,2985.33,LOSS,-0.5,1,0
79,S3_4,4,ascending,diverging,0.3188,6.64234,high,other,2964.77,2968.54,2963.47,LOSS,-0.5,15,0
79,S3_4,4,ascending,diverging,0.3188,6.64234,high,other,2964.77,2968.54,2963.47,LOSS,-0.5,1,0
79,S3_4,4,ascending,diverging,0.3188,6.64234,high,other,2964.77,2968.54,2963.47,LOSS,-0.5,15,0
79,S3_4,4,ascending,diverging,0.3188,6.64234,high,other,2964.77,2968.54,2963.47,LOSS,-0.5,1,0
79,S3_4,4,ascending,diverging,0.3188,6.64234,high,other,2964.77,2968.54,2963.47,LOSS,-0.5,1,0
79,S3_4,4,ascending,diverging,0.3188,6.64234,high,other,2964.77,2968.54,2963.47,LOSS,-0.5,1,0
82,S4_4,4,ascending,converging,0.2507,6.75174,high,london,2975.25,2978.42,2973.48,LOSS,-0.5,6,0
82,S4_4,4,ascending,converging,0.2507,6.75174,high,london,2975.25,2978.42,2973.48,LOSS,-0.5,1,0
82,S4_4,4,ascending,converging,0.2507,6.75174,high,london,2975.25,2978.42,2973.48,LOSS,-0.5,1,0
82,S4_4,4,ascending,converging,0.2507,6.75174,high,london,2975.25,2978.42,2973.48,LOSS,-0.5,1,0
82,S4_4,4,ascending,converging,0.2507,6.75174,high,london,2975.25,2978.42,2973.48,LOSS,-0.5,6,0
82,S4_4,4,ascending,converging,0.2507,6.75174,high,london,2975.25,2978.42,2973.48,LOSS,-0.5,1,0
104,S5_4,4,ascending,converging,0.0348,5.78199,low,london,2950.75,2953.55,2949.19,LOSS,-0.5,1,0
104,S5_4,4,ascending,converging,0.0348,5.78199,low,london,2950.75,2953.55,2949.19,LOSS,-0.5,1,0
104,S5_4,4,ascending,converging,0.0348,5.78199,low,london,2950.75,2953.55,2949.19,WIN,3.0,8,1
104,S5_4,4,ascending,converging,0.0348,5.78199,low,london,2950.75,2953.55,2949.19,LOSS,-0.5,1,0
104,S5_4,4,ascending,converging,0.0348,5.78199,low,london,2950.75,2953.55,2949.19,LOSS,-0.5,1,0
104,S5_4,4,ascending,converging,0.0348,5.78199,low,london,2950.75,2953.55,2949.19,LOSS,-0.5,1,0
125,S6_4,4,ascending,diverging,0.1292,7.37404,high,other,2996.76,2997.91,2995.6,LOSS,-0.5,1,0
125,S6_4,4,ascending,diverging,0.1292,7.37404,high,other,2996.76,2997.91,2995.6,LOSS,-0.5,1,0
125,S6_4,4,ascending,diverging,0.1292,7.37404,high,other,2996.76,2997.91,2995.6,LOSS,-0.5,1,0
125,S6_4,4,ascending,diverging,0.1292,7.37404,high,other,2996.76,2997.91,2995.6,LOSS,-0.5,1,0
125,S6_4,4,ascending,diverging,0.1292,7.37404,high,other,2996.76,2997.91,2995.6,LOSS,-0.5,1,0
125,S6_4,4,ascending,diverging,0.1292,7.37404,high,other,2996.76,2997.91,2995.6,LOSS,-0.5,1,0
147,S7_4,4,ascending,diverging,0.0298,7.42722,high,other,2965.59,2965.67,2964.68,WIN,3.0,16,1
147,S7_4,4,ascending,diverging,0.0298,7.42722,high,other,2965.59,2965.67,2964.68,LOSS,-0.5,2,0
147,S7_4,4,ascending,diverging,0.0298,7.42722,high,other,2965.59,2965.67,2964.68,WIN,3.0,16,1
147,S7_4,4,ascending,diverging,0.0298,7.42722,high,other,2965.59,2965.67,2964.68,LOSS,-0.5,2,0
147,S7_4,4,ascending,diverging,0.0298,7.42722,high,other,2965.59,2965.67,2964.68,WIN,3.0,16,1
147,S7_4,4,ascending,diverging,0.0298,7.42722,high,other,2965.59,2965.67,2964.68,LOSS,-0.5,2,0
167,S8_4,4,ascending,diverging,0.3113,7.35579,high,other,3010.99,3014.47,3009.23,LOSS,-0.5,1,0
167,S8_4,4,ascending,diverging,0.3113,7.35579,high,other,3010.99,3014.47,3009.23,LOSS,-0.5,1,0
167,S8_4,4,ascending,diverging,0.3113,7.35579,high,other,3010.99,3014.47,3009.23,LOSS,-0.5,1,0
167,S8_4,4,ascending,diverging,0.3113,7.35579,high,other,3010.99,3014.47,3009.23,LOSS,-0.5,1,0
167,S8_4,4,ascending,diverging,0.3113,7.35579,high,other,3010.99,3014.47,3009.23,LOSS,-0.5,1,0
167,S8_4,4,ascending,diverging,0.3113,7.35579,high,other,3010.99,3014.47,3009.23,LOSS,-0.5,1,0
172,S9_4,4,ascending,converging,0.3101,6.47456,high,other,2995.79,2996.72,2992.66,WIN,3.0,4,1
172,S9_4,4,ascending,converging,0.3101,6.47456,high,other,2995.79,2996.72,2992.66,LOSS,-0.5,2,0
172,S9_4,4,ascending,converging,0.3101,6.47456,high,other,2995.79,2996.72,2992.66,WIN,3.0,4,1
172,S9_4,4,ascending,converging,0.3101,6.47456,high,other,2995.79,2996.72,2992.66,WIN,3.0,4,1
172,S9_4,4,ascending,converging,0.3101,6.47456,high,other,2995.79,2996.72,2992.66,WIN,3.0,4,1
172,S9_4,4,ascending,converging,0.3101,6.47456,high,other,2995.79,2996.72,2992.66,WIN,3.0,4,1
180,S10_4,4,ascending,diverging,0.4147,6.68433,high,london,3034.34,3037.45,3031.11,LOSS,-0.5,1,0
180,S10_4,4,ascending,diverging,0.4147,6.68433,high,london,3034.34,3037.45,3031.11,LOSS,-0.5,1,0
180,S10_4,4,ascending,diverging,0.4147,6.68433,high,london,3034.34,3037.45,3031.11,LOSS,-0.5,1,0
180,S10_4,4,ascending,diverging,0.4147,6.68433,high,london,3034.34,3037.45,3031.11,LOSS,-0.5,1,0
180,S10_4,4,ascending,diverging,0.4147,6.68433,high,london,3034.34,3037.45,3031.11,LOSS,-0.5,1,0
180,S10_4,4,ascending,diverging,0.4147,6.68433,high,london,3034.34,3037.45,3031.11,LOSS,-0.5,1,0
199,S11_4,4,ascending,converging,0.2999,5.63555,low,other,3011.1,3011.26,3009.08,WIN,3.0,3,1
199,S11_4,4,ascending,converging,0.2999,5.63555,low,other,3011.1,3011.26,3009.08,LOSS,-0.5,1,0
199,S11_4,4,ascending,converging,0.2999,5.63555,low,other,3011.1,3011.26,3009.08,WIN,3.0,3,1
199,S11_4,4,ascending,converging,0.2999,5.63555,low,other,3011.1,3011.26,3009.08,WIN,3.0,3,1
199,S11_4,4,ascending,converging,0.2999,5.63555,low,other,3011.1,3011.26,3009.08,WIN,3.0,3,1
199,S11_4,4,ascending,converging,0.2999,5.63555,low,other,3011.1,3011.26,3009.08,WIN,3.0,3,1
203,S12_4,4,ascending,diverging,0.2673,5.94079,low,london,3030.76,3031.46,3029.31,LOSS,-0.5,4,0
203,S12_4,4,ascending,diverging,0.2673,5.94079,low,london,3030.76,3031.46,3029.31,LOSS,-0.5,1,0
203,S12_4,4,ascending,diverging,0.2673,5.94079,low,london,3030.76,3031.46,3029.31,LOSS,-0.5,1,0
203,S12_4,4,ascending,diverging,0.2673,5.94079,low,london,3030.76,3031.46,3029.31,LOSS,-0.5,1,0
203,S12_4,4,ascending,diverging,0.2673,5.94079,low,london,3030.76,3031.46,3029.31,LOSS,-0.5,1,0
203,S12_4,4,ascending,diverging,0.2673,5.94079,low,london,3030.76,3031.46,3029.31,LOSS,-0.5,1,0
219,S13_4,4,ascending,converging,0.5112,6.38255,low,other,3068.72,3069.45,3062.34,LOSS,-0.5,1,0
219,S13_4,4,ascending,converging,0.5112,6.38255,low,other,3068.72,3069.45,3062.34,LOSS,-0.5,1,0
219,S13_4,4,ascending,converging,0.5112,6.38255,low,other,3068.72,3069.45,3062.34,LOSS,-0.5,1,0
219,S13_4,4,ascending,converging,0.5112,6.38255,low,other,3068.72,3069.45,3062.34,LOSS,-0.5,1,0
219,S13_4,4,ascending,converging,0.5112,6.38255,low,other,3068.72,3069.45,3062.34,LOSS,-0.5,1,0
219,S13_4,4,ascending,converging,0.5112,6.38255,low,other,3068.72,3069.45,3062.34,LOSS,-0.5,1,0
220,S14_4,4,ascending,converging,0.5861,7.30951,high,other,3083.27,3088.08,3082.67,LOSS,-0.5,2,0
220,S14_4,4,ascending,converging,0.5861,7.30951,high,other,3083.27,3088.08,3082.67,LOSS,-0.5,2,0
220,S14_4,4,ascending,converging,0.5861,7.30951,high,other,3083.27,3088.08,3082.67,LOSS,-0.5,2,0
220,S14_4,4,ascending,converging,0.5861,7.30951,high,other,3083.27,3088.08,3082.67,LOSS,-0.5,2,0
220,S14_4,4,ascending,converging,0.5861,7.30951,high,other,3083.27,3088.08,3082.67,LOSS,-0.5,2,0
220,S14_4,4,ascending,converging,0.5861,7.30951,high,other,3083.27,3088.08,3082.67,LOSS,-0.5,2,0
228,S15_4,4,ascending,diverging,0.7998,7.33524,high,london,3061.73,3065.0,3057.98,LOSS,-0.5,5,0
228,S15_4,4,ascending,diverging,0.7998,7.33524,high,london,3061.73,3065.0,3057.98,LOSS,-0.5,1,0
228,S15_4,4,ascending,diverging,0.7998,7.33524,high,london,3061.73,3065.0,3057.98,LOSS,-0.5,1,0
228,S15_4,4,ascending,diverging,0.7998,7.33524,high,london,3061.73,3065.0,3057.98,LOSS,-0.5,1,0
228,S15_4,4,ascending,diverging,0.7998,7.33524,high,london,3061.73,3065.0,3057.98,LOSS,-0.5,1,0
228,S15_4,4,ascending,diverging,0.7998,7.33524,high,london,3061.73,3065.0,3057.98,LOSS,-0.5,1,0
235,S16_4,4,ascending,converging,0.6325,6.81201,high,other,3078.23,3079.08,3076.54,LOSS,-0.5,3,0
235,S16_4,4,ascending,converging,0.6325,6.81201,high,other,3078.23,3079.08,3076.54,LOSS,-0.5,9,0
235,S16_4,4,ascending,converging,0.6325,6.81201,high,other,3078.23,3079.08,3076.54,LOSS,-0.5,9,0
235,S16_4,4,ascending,converging,0.6325,6.81201,high,other,3078.23,3079.08,3076.54,LOSS,-0.5,9,0
235,S16_4,4,ascending,converging,0.6325,6.81201,high,other,3078.23,3079.08,3076.54,LOSS,-0.5,9,0
235,S16_4,4,ascending,converging,0.6325,6.81201,high,other,3078.23,3079.08,3076.54,LOSS,-0.5,9,0
247,S17_4,4,descending,diverging,0.0983,6.10496,low,other,3058.3,3058.55,3057.4,LOSS,-0.5,3,0
247,S17_4,4,descending,diverging,0.0983,6.10496,low,other,3058.3,3058.55,3057.4,LOSS,-0.5,3,0
247,S17_4,4,descending,diverging,0.0983,6.10496,low,other,3058.3,3058.55,3057.4,LOSS,-0.5,3,0
247,S17_4,4,descending,diverging,0.0983,6.10496,low,other,3058.3,3058.55,3057.4,LOSS,-0.5,2,0
247,S17_4,4,descending,diverging,0.0983,6.10496,low,other,3058.3,3058.55,3057.4,LOSS,-0.5,2,0
247,S17_4,4,descending,diverging,0.0983,6.10496,low,other,3058.3,3058.55,3057.4,LOSS,-0.5,2,0
253,S18_4,4,ascending,diverging,0.069,7.31518,high,london,3090.78,3092.48,3085.6,LOSS,-0.5,8,0
253,S18_4,4,ascending,diverging,0.069,7.31518,high,london,3090.78,3092.48,3085.6,LOSS,-0.5,8,0
253,S18_4,4,ascending,diverging,0.069,7.31518,high,london,3090.78,3092.48,3085.6,LOSS,-0.5,8,0
253,S18_4,4,ascending,diverging,0.069,7.31518,high,london,3090.78,3092.48,3085.6,LOSS,-0.5,8,0
253,S18_4,4,ascending,diverging,0.069,7.31518,high,london,3090.78,3092.48,3085.6,LOSS,-0.5,8,0
253,S18_4,4,ascending,diverging,0.069,7.31518,high,london,3090.78,3092.48,3085.6,LOSS,-0.5,8,0
268,S19_4,4,descending,diverging,0.1831,8.27025,high,other,3051.07,3053.11,3048.47,LOSS,-0.5,0,0
268,S19_4,4,descending,diverging,0.1831,8.27025,high,other,3051.07,3053.11,3048.47,LOSS,-0.5,0,0
268,S19_4,4,descending,diverging,0.1831,8.27025,high,other,3051.07,3053.11,3048.47,LOSS,-0.5,0,0
268,S19_4,4,descending,diverging,0.1831,8.27025,high,other,3051.07,3053.11,3048.47,LOSS,-0.5,0,0
268,S19_4,4,descending,diverging,0.1831,8.27025,high,other,3051.07,3053.11,3048.47,LOSS,-0.5,0,0
268,S19_4,4,descending,diverging,0.1831,8.27025,high,other,3051.07,3053.11,3048.47,WIN,3.0,15,1
284,S20_4,4,descending,diverging,0.0377,7.38714,high,other,3076.38,3076.74,3075.57,LOSS,-0.5,2,0
284,S20_4,4,descending,diverging,0.0377,7.38714,high,other,3076.38,3076.74,3075.57,LOSS,-0.5,7,0
284,S20_4,4,descending,diverging,0.0377,7.38714,high,other,3076.38,3076.74,3075.57,LOSS,-0.5,2,0
284,S20_4,4,descending,diverging,0.0377,7.38714,high,other,3076.38,3076.74,3075.57,LOSS,-0.5,7,0
284,S20_4,4,descending,diverging,0.0377,7.38714,high,other,3076.38,3076.74,3075.57,LOSS,-0.5,2,0
284,S20_4,4,descending,diverging,0.0377,7.38714,high,other,3076.38,3076.74,3075.57,LOSS,-0.5,7,0
292,S21_4,4,ascending,converging,0.0193,6.32583,low,other,3059.52,3060.62,3058.95,WIN,3.0,10,1
292,S21_4,4,ascending,converging,0.0193,6.32583,low,other,3059.52,3060.62,3058.95,LOSS,-0.5,3,0
292,S21_4,4,ascending,converging,0.0193,6.32583,low,other,3059.52,3060.62,3058.95,WIN,3.0,10,1
292,S21_4,4,ascending,converging,0.0193,6.32583,low,other,3059.52,3060.62,3058.95,LOSS,-0.5,3,0
292,S21_4,4,ascending,converging,0.0193,6.32583,low,other,3059.52,3060.62,3058.95,WIN,3.0,10,1
292,S21_4,4,ascending,converging,0.0193,6.32583,low,other,3059.52,3060.62,3058.95,LOSS,-0.5,3,0
323,S22_4,4,ascending,diverging,0.3463,5.97645,low,london,3135.01,3139.3,3134.14,LOSS,-0.5,1,0
323,S22_4,4,ascending,diverging,0.3463,5.97645,low,london,3135.01,3139.3,3134.14,LOSS,-0.5,1,0
323,S22_4,4,ascending,diverging,0.3463,5.97645,low,london,3135.01,3139.3,3134.14,LOSS,-0.5,1,0
323,S22_4,4,ascending,diverging,0.3463,5.97645,low,london,3135.01,3139.3,3134.14,LOSS,-0.5,1,0
323,S22_4,4,ascending,diverging,0.3463,5.97645,low,london,3135.01,3139.3,3134.14,LOSS,-0.5,1,0
323,S22_4,4,ascending,diverging,0.3463,5.97645,low,london,3135.01,3139.3,3134.14,LOSS,-0.5,1,0
333,S23_4,4,ascending,converging,1.0053,5.78763,low,other,3134.83,3139.25,3131.15,LOSS,-0.5,2,0
333,S23_4,4,ascending,converging,1.0053,5.78763,low,other,3134.83,3139.25,3131.15,LOSS,-0.5,2,0
333,S23_4,4,ascending,converging,1.0053,5.78763,low,other,3134.83,3139.25,3131.15,LOSS,-0.5,2,0
333,S23_4,4,ascending,converging,1.0053,5.78763,low,other,3134.83,3139.25,3131.15,LOSS,-0.5,2,0
333,S23_4,4,ascending,converging,1.0053,5.78763,low,other,3134.83,3139.25,3131.15,LOSS,-0.5,2,0
333,S23_4,4,ascending,converging,1.0053,5.78763,low,other,3134.83,3139.25,3131.15,LOSS,-0.5,2,0
335,S24_4,4,ascending,converging,1.197,5.73684,low,other,3140.65,3143.39,3139.95,LOSS,-0.5,3,0
335,S24_4,4,ascending,converging,1.197,5.73684,low,other,3140.65,3143.39,3139.95,LOSS,-0.5,3,0
335,S24_4,4,ascending,converging,1.197,5.73684,low,other,3140.65,3143.39,3139.95,LOSS,-0.5,3,0
335,S24_4,4,ascending,converging,1.197,5.73684,low,other,3140.65,3143.39,3139.95,LOSS,-0.5,3,0
335,S24_4,4,ascending,converging,1.197,5.73684,low,other,3140.65,3143.39,3139.95,LOSS,-0.5,3,0
335,S24_4,4,ascending,converging,1.197,5.73684,low,other,3140.65,3143.39,3139.95,LOSS,-0.5,3,0
348,S25_4,4,ascending,converging,0.1477,5.75416,low,london,3107.53,3108.83,3105.68,LOSS,-0.5,2,0
348,S25_4,4,ascending,converging,0.1477,5.75416,low,london,3107.53,3108.83,3105.68,LOSS,-0.5,2,0
348,S25_4,4,ascending,converging,0.1477,5.75416,low,london,3107.53,3108.83,3105.68,WIN,3.0,3,1
348,S25_4,4,ascending,converging,0.1477,5.75416,low,london,3107.53,3108.83,3105.68,WIN,3.0,3,1
348,S25_4,4,ascending,converging,0.1477,5.75416,low,london,3107.53,3108.83,3105.68,WIN,3.0,3,1
348,S25_4,4,ascending,converging,0.1477,5.75416,low,london,3107.53,3108.83,3105.68,WIN,3.0,3,1
353,S26_4,4,descending,diverging,0.6706,5.71243,low,other,3123.23,3126.35,3121.23,LOSS,-0.5,7,0
353,S26_4,4,descending,diverging,0.6706,5.71243,low,other,3123.23,3126.35,3121.23,LOSS,-0.5,7,0
353,S26_4,4,descending,diverging,0.6706,5.71243,low,other,3123.23,3126.35,3121.23,LOSS,-0.5,7,0
353,S26_4,4,descending,diverging,0.6706,5.71243,low,other,3123.23,3126.35,3121.23,LOSS,-0.5,0,0
353,S26_4,4,descending,diverging,0.6706,5.71243,low,other,3123.23,3126.35,3121.23,LOSS,-0.5,0,0
353,S26_4,4,descending,diverging,0.6706,5.71243,low,other,3123.23,3126.35,3121.23,LOSS,-0.5,0,0
359,S27_4,4,descending,diverging,0.6341,5.82913,low,other,3113.67,3116.09,3110.92,WIN,3.0,7,1
359,S27_4,4,descending,diverging,0.6341,5.82913,low,other,3113.67,3116.09,3110.92,LOSS,-0.5,1,0
359,S27_4,4,descending,diverging,0.6341,5.82913,low,other,3113.67,3116.09,3110.92,LOSS,-0.5,1,0
359,S27_4,4,descending,diverging,0.6341,5.82913,low,other,3113.67,3116.09,3110.92,LOSS,-0.5,1,0
359,S27_4,4,descending,diverging,0.6341,5.82913,low,other,3113.67,3116.09,3110.92,WIN,3.0,7,1
359,S27_4,4,descending,diverging,0.6341,5.82913,low,other,3113.67,3116.09,3110.92,WIN,3.0,7,1
378,S28_4,4,ascending,diverging,0.2668,7.16842,high,other,3181.08,3183.51,3179.6,LOSS,-0.5,1,0
378,S28_4,4,ascending,diverging,0.2668,7.16842,high,other,3181.08,3183.51,3179.6,LOSS,-0.5,1,0
378,S28_4,4,ascending,diverging,0.2668,7.16842,high,other,3181.08,3183.51,3179.6,LOSS,-0.5,1,0
378,S28_4,4,ascending,diverging,0.2668,7.16842,high,other,3181.08,3183.51,3179.6,LOSS,-0.5,1,0
378,S28_4,4,ascending,diverging,0.2668,7.16842,high,other,3181.08,3183.51,3179.6,LOSS,-0.5,1,0
378,S28_4,4,ascending,diverging,0.2668,7.16842,high,other,3181.08,3183.51,3179.6,LOSS,-0.5,1,0
384,S29_4,4,ascending,diverging,0.4895,7.16919,high,other,3147.19,3147.46,3144.38,WIN,3.0,3,1
384,S29_4,4,ascending,diverging,0.4895,7.16919,high,other,3147.19,3147.46,3144.38,WIN,3.0,3,1
384,S29_4,4,ascending,diverging,0.4895,7.16919,high,other,3147.19,3147.46,3144.38,WIN,3.0,3,1
384,S29_4,4,ascending,diverging,0.4895,7.16919,high,other,3147.19,3147.46,3144.38,WIN,3.0,3,1
384,S29_4,4,ascending,diverging,0.4895,7.16919,high,other,3147.19,3147.46,3144.38,WIN,3.0,3,1
384,S29_4,4,ascending,diverging,0.4895,7.16919,high,other,3147.19,3147.46,3144.38,WIN,3.0,3,1
399,S30_4,4,ascending,diverging,0.8765,7.52553,high,london,3179.27,3179.47,3177.76,LOSS,-0.5,16,0
399,S30_4,4,ascending,diverging,0.8765,7.52553,high,london,3179.27,3179.47,3177.76,LOSS,-0.5,1,0
399,S30_4,4,ascending,diverging,0.8765,7.52553,high,london,3179.27,3179.47,3177.76,LOSS,-0.5,1,0
399,S30_4,4,ascending,diverging,0.8765,7.52553,high,london,3179.27,3179.47,3177.76,LOSS,-0.5,1,0
399,S30_4,4,ascending,diverging,0.8765,7.52553,high,london,3179.27,3179.47,3177.76,LOSS,-0.5,1,0
399,S30_4,4,ascending,diverging,0.8765,7.52553,high,london,3179.27,3179.47,3177.76,LOSS,-0.5,1,0
412,S31_4,4,ascending,converging,0.1661,6.84601,high,other,3154.94,3157.11,3151.78,LOSS,-0.5,46,0
412,S31_4,4,ascending,converging,0.1661,6.84601,high,other,3154.94,3157.11,3151.78,LOSS,-0.5,3,0
412,S31_4,4,ascending,converging,0.1661,6.84601,high,other,3154.94,3157.11,3151.78,LOSS,-0.5,46,0
412,S31_4,4,ascending,converging,0.1661,6.84601,high,other,3154.94,3157.11,3151.78,LOSS,-0.5,46,0
412,S31_4,4,ascending,converging,0.1661,6.84601,high,other,3154.94,3157.11,3151.78,LOSS,-0.5,46,0
412,S31_4,4,ascending,converging,0.1661,6.84601,high,other,3154.94,3157.11,3151.78,LOSS,-0.5,46,0
428,S32_4,4,ascending,diverging,0.3435,7.06948,high,other,3230.97,3231.1,3230.64,LOSS,-0.5,1,0
428,S32_4,4,ascending,diverging,0.3435,7.06948,high,other,3230.97,3231.1,3230.64,LOSS,-0.5,1,0
428,S32_4,4,ascending,diverging,0.3435,7.06948,high,other,3230.97,3231.1,3230.64,LOSS,-0.5,1,0
428,S32_4,4,ascending,diverging,0.3435,7.06948,high,other,3230.97,3231.1,3230.64,LOSS,-0.5,1,0
428,S32_4,4,ascending,diverging,0.3435,7.06948,high,other,3230.97,3231.1,3230.64,LOSS,-0.5,1,0
428,S32_4,4,ascending,diverging,0.3435,7.06948,high,other,3230.97,3231.1,3230.64,LOSS,-0.5,1,0
431,S33_4,4,ascending,converging,0.4688,8.1341,high,other,3199.9,3200.19,3197.08,LOSS,-0.5,11,0
431,S33_4,4,ascending,converging,0.4688,8.1341,high,other,3199.9,3200.19,3197.08,LOSS,-0.5,11,0
431,S33_4,4,ascending,converging,0.4688,8.1341,high,other,3199.9,3200.19,3197.08,LOSS,-0.5,11,0
431,S33_4,4,ascending,converging,0.4688,8.1341,high,other,3199.9,3200.19,3197.08,LOSS,-0.5,11,0
431,S33_4,4,ascending,converging,0.4688,8.1341,high,other,3199.9,3200.19,3197.08,LOSS,-0.5,11,0
431,S33_4,4,ascending,converging,0.4688,8.1341,high,other,3199.9,3200.19,3197.08,LOSS,-0.5,11,0
436,S34_4,4,ascending,converging,0.4933,7.92363,high,other,3224.98,3225.41,3223.08,WIN,3.0,7,1
436,S34_4,4,ascending,converging,0.4933,7.92363,high,other,3224.98,3225.41,3223.08,LOSS,-0.5,1,0
436,S34_4,4,ascending,converging,0.4933,7.92363,high,other,3224.98,3225.41,3223.08,LOSS,-0.5,1,0
436,S34_4,4,ascending,converging,0.4933,7.92363,high,other,3224.98,3225.41,3223.08,LOSS,-0.5,1,0
436,S34_4,4,ascending,converging,0.4933,7.92363,high,other,3224.98,3225.41,3223.08,LOSS,-0.5,1,0
436,S34_4,4,ascending,converging,0.4933,7.92363,high,other,3224.98,3225.41,3223.08,LOSS,-0.5,1,0
459,S35_4,4,ascending,converging,0.017,6.53929,high,other,3158.71,3163.89,3157.37,TIMEOUT,0.0,50,0
459,S35_4,4,ascending,converging,0.017,6.53929,high,other,3158.71,3163.89,3157.37,TIMEOUT,0.0,50,0
459,S35_4,4,ascending,converging,0.017,6.53929,high,other,3158.71,3163.89,3157.37,TIMEOUT,0.0,50,0
459,S35_4,4,ascending,converging,0.017,6.53929,high,other,3158.71,3163.89,3157.37,TIMEOUT,0.0,50,0
459,S35_4,4,ascending,converging,0.017,6.53929,high,other,3158.71,3163.89,3157.37,TIMEOUT,0.0,50,0
459,S35_4,4,ascending,converging,0.017,6.53929,high,other,3158.71,3163.89,3157.37,TIMEOUT,0.0,50,0
467,S36_4,4,descending,converging,0.5601,5.61379,low,london,3177.42,3179.37,3173.92,TIMEOUT,0.0,50,0
467,S36_4,4,descending,converging,0.5601,5.61379,low,london,3177.42,3179.37,3173.92,TIMEOUT,0.0,50,0
467,S36_4,4,descending,converging,0.5601,5.61379,low,london,3177.42,3179.37,3173.92,TIMEOUT,0.0,50,0
467,S36_4,4,descending,converging,0.5601,5.61379,low,london,3177.42,3179.37,3173.92,TIMEOUT,0.0,50,0
467,S36_4,4,descending,converging,0.5601,5.61379,low,london,3177.42,3179.37,3173.92,TIMEOUT,0.0,50,0
467,S36_4,4,descending,converging,0.5601,5.61379,low,london,3177.42,3179.37,3173.92,TIMEOUT,0.0,50,0
472,S37_4,4,descending,diverging,0.6405,6.68067,high,other,3146.13,3147.02,3143.95,TIMEOUT,0.0,50,0
472,S37_4,4,descending,diverging,0.6405,6.68067,high,other,3146.13,3147.02,3143.95,TIMEOUT,0.0,50,0
472,S37_4,4,descending,diverging,0.6405,6.68067,high,other,3146.13,3147.02,3143.95,TIMEOUT,0.0,50,0
472,S37_4,4,descending,diverging,0.6405,6.68067,high,other,3146.13,3147.02,3143.95,TIMEOUT,0.0,50,0
472,S37_4,4,descending,diverging,0.6405,6.68067,high,other,3146.13,3147.02,3143.95,TIMEOUT,0.0,50,0
472,S37_4,4,descending,diverging,0.6405,6.68067,high,other,3146.13,3147.02,3143.95,TIMEOUT,0.0,50,0
480,S38_4,4,descending,converging,0.0946,7.62166,high,other,3197.65,3198.98,3196.52,TIMEOUT,0.0,50,0
480,S38_4,4,descending,converging,0.0946,7.62166,high,other,3197.65,3198.98,3196.52,TIMEOUT,0.0,50,0
480,S38_4,4,descending,converging,0.0946,7.62166,high,other,3197.65,3198.98,3196.52,TIMEOUT,0.0,50,0
480,S38_4,4,descending,converging,0.0946,7.62166,high,other,3197.65,3198.98,3196.52,TIMEOUT,0.0,50,0
480,S38_4,4,descending,converging,0.0946,7.62166,high,other,3197.65,3198.98,3196.52,TIMEOUT,0.0,50,0
480,S38_4,4,descending,converging,0.0946,7.62166,high,other,3197.65,3198.98,3196.52,TIMEOUT,0.0,50,0
487,S39_4,4,ascending,diverging,0.0175,7.86009,high,other,3160.04,3161.25,3158.85,TIMEOUT,0.0,50,0
487,S39_4,4,ascending,diverging,0.0175,7.86009,high,other,3160.04,3161.25,3158.85,TIMEOUT,0.0,50,0
487,S39_4,4,ascending,diverging,0.0175,7.86009,high,other,3160.04,3161.25,3158.85,TIMEOUT,0.0,50,0
487,S39_4,4,ascending,diverging,0.0175,7.86009,high,other,3160.04,3161.25,3158.85,TIMEOUT,0.0,50,0
487,S39_4,4,ascending,diverging,0.0175,7.86009,high,other,3160.04,3161.25,3158.85,TIMEOUT,0.0,50,0
487,S39_4,4,ascending,diverging,0.0175,7.86009,high,other,3160.04,3161.25,3158.85,TIMEOUT,0.0,50,0
63,S0_5,5,descending,converging,0.3589,5.97709,low,london,2946.21,2947.1,2944.86,LOSS,-0.5,1,0
63,S0_5,5,descending,converging,0.3589,5.97709,low,london,2946.21,2947.1,2944.86,LOSS,-0.5,1,0
63,S0_5,5,descending,converging,0.3589,5.97709,low,london,2946.21,2947.1,2944.86,LOSS,-0.5,1,0
63,S0_5,5,descending,converging,0.3589,5.97709,low,london,2946.21,2947.1,2944.86,LOSS,-0.5,1,0
73,S1_5,5,ascending,diverging,0.3742,6.40753,low,other,2986.22,2989.08,2985.33,LOSS,-0.5,5,0
73,S1_5,5,ascending,diverging,0.3742,6.40753,low,other,2986.22,2989.08,2985.33,LOSS,-0.5,5,0
73,S1_5,5,ascending,diverging,0.3742,6.40753,low,other,2986.22,2989.08,2985.33,LOSS,-0.5,5,0
73,S1_5,5,ascending,diverging,0.3742,6.40753,low,other,2986.22,2989.08,2985.33,LOSS,-0.5,5,0
73,S1_5,5,ascending,diverging,0.3742,6.40753,low,other,2986.22,2989.08,2985.33,LOSS,-0.5,1,0
79,S2_5,5,descending,converging,0.2824,6.64234,high,other,2964.77,2968.54,2963.47,LOSS,-0.5,15,0
79,S2_5,5,descending,converging,0.2824,6.64234,high,other,2964.77,2968.54,2963.47,LOSS,-0.5,1,0
79,S2_5,5,descending,converging,0.2824,6.64234,high,other,2964.77,2968.54,2963.47,LOSS,-0.5,15,0
79,S2_5,5,descending,converging,0.2824,6.64234,high,other,2964.77,2968.54,2963.47,LOSS,-0.5,1,0
79,S2_5,5,descending,converging,0.2824,6.64234,high,other,2964.77,2968.54,2963.47,LOSS,-0.5,1,0
79,S2_5,5,descending,converging,0.2824,6.64234,high,other,2964.77,2968.54,2963.47,LOSS,-0.5,1,0
82,S3_5,5,ascending,diverging,1.0388,6.75174,high,london,2975.25,2978.42,2973.48,LOSS,-0.5,6,0
82,S3_5,5,ascending,diverging,1.0388,6.75174,high,london,2975.25,2978.42,2973.48,LOSS,-0.5,1,0
82,S3_5,5,ascending,diverging,1.0388,6.75174,high,london,2975.25,2978.42,2973.48,LOSS,-0.5,1,0
82,S3_5,5,ascending,diverging,1.0388,6.75174,high,london,2975.25,2978.42,2973.48,LOSS,-0.5,1,0
82,S3_5,5,ascending,diverging,1.0388,6.75174,high,london,2975.25,2978.42,2973.48,LOSS,-0.5,6,0
82,S3_5,5,ascending,diverging,1.0388,6.75174,high,london,2975.25,2978.42,2973.48,LOSS,-0.5,1,0
104,S4_5,5,descending,diverging,0.219,5.78199,low,london,2950.75,2953.55,2949.19,LOSS,-0.5,1,0
104,S4_5,5,descending,diverging,0.219,5.78199,low,london,2950.75,2953.55,2949.19,LOSS,-0.5,1,0
104,S4_5,5,descending,diverging,0.219,5.78199,low,london,2950.75,2953.55,2949.19,WIN,3.0,8,1
104,S4_5,5,descending,diverging,0.219,5.78199,low,london,2950.75,2953.55,2949.19,LOSS,-0.5,1,0
104,S4_5,5,descending,diverging,0.219,5.78199,low,london,2950.75,2953.55,2949.19,LOSS,-0.5,1,0
104,S4_5,5,descending,diverging,0.219,5.78199,low,london,2950.75,2953.55,2949.19,LOSS,-0.5,1,0
125,S5_5,5,ascending,converging,0.3121,7.37404,high,other,2996.76,2997.91,2995.6,LOSS,-0.5,1,0
125,S5_5,5,ascending,converging,0.3121,7.37404,high,other,2996.76,2997.91,2995.6,LOSS,-0.5,1,0
125,S5_5,5,ascending,converging,0.3121,7.37404,high,other,2996.76,2997.91,2995.6,LOSS,-0.5,1,0
125,S5_5,5,ascending,converging,0.3121,7.37404,high,other,2996.76,2997.91,2995.6,LOSS,-0.5,1,0
125,S5_5,5,ascending,converging,0.3121,7.37404,high,other,2996.76,2997.91,2995.6,LOSS,-0.5,1,0
125,S5_5,5,ascending,converging,0.3121,7.37404,high,other,2996.76,2997.91,2995.6,LOSS,-0.5,1,0
147,S6_5,5,descending,diverging,0.285,7.42722,high,other,2965.59,2965.67,2964.68,WIN,3.0,16,1
147,S6_5,5,descending,diverging,0.285,7.42722,high,other,2965.59,2965.67,2964.68,LOSS,-0.5,2,0
147,S6_5,5,descending,diverging,0.285,7.42722,high,other,2965.59,2965.67,2964.68,WIN,3.0,16,1
147,S6_5,5,descending,diverging,0.285,7.42722,high,other,2965.59,2965.67,2964.68,LOSS,-0.5,2,0
147,S6_5,5,descending,diverging,0.285,7.42722,high,other,2965.59,2965.67,2964.68,WIN,3.0,16,1
147,S6_5,5,descending,diverging,0.285,7.42722,high,other,2965.59,2965.67,2964.68,LOSS,-0.5,2,0
167,S7_5,5,ascending,diverging,0.9169,7.35579,high,other,3010.99,3014.47,3009.23,LOSS,-0.5,1,0
167,S7_5,5,ascending,diverging,0.9169,7.35579,high,other,3010.99,3014.47,3009.23,LOSS,-0.5,1,0
167,S7_5,5,ascending,diverging,0.9169,7.35579,high,other,3010.99,3014.47,3009.23,LOSS,-0.5,1,0
167,S7_5,5,ascending,diverging,0.9169,7.35579,high,other,3010.99,3014.47,3009.23,LOSS,-0.5,1,0
167,S7_5,5,ascending,diverging,0.9169,7.35579,high,other,3010.99,3014.47,3009.23,LOSS,-0.5,1,0
167,S7_5,5,ascending,diverging,0.9169,7.35579,high,other,3010.99,3014.47,3009.23,LOSS,-0.5,1,0
172,S8_5,5,ascending,converging,0.1072,6.47456,high,other,2995.79,2996.72,2992.66,WIN,3.0,4,1
172,S8_5,5,ascending,converging,0.1072,6.47456,high,other,2995.79,2996.72,2992.66,LOSS,-0.5,2,0
172,S8_5,5,ascending,converging,0.1072,6.47456,high,other,2995.79,2996.72,2992.66,WIN,3.0,4,1
172,S8_5,5,ascending,converging,0.1072,6.47456,high,other,2995.79,2996.72,2992.66,WIN,3.0,4,1
172,S8_5,5,ascending,converging,0.1072,6.47456,high,other,2995.79,2996.72,2992.66,WIN,3.0,4,1
172,S8_5,5,ascending,converging,0.1072,6.47456,high,other,2995.79,2996.72,2992.66,WIN,3.0,4,1
180,S9_5,5,ascending,diverging,0.4785,6.68433,high,london,3034.34,3037.45,3031.11,LOSS,-0.5,1,0
180,S9_5,5,ascending,diverging,0.4785,6.68433,high,london,3034.34,3037.45,3031.11,LOSS,-0.5,1,0
180,S9_5,5,ascending,diverging,0.4785,6.68433,high,london,3034.34,3037.45,3031.11,LOSS,-0.5,1,0
180,S9_5,5,ascending,diverging,0.4785,6.68433,high,london,3034.34,3037.45,3031.11,LOSS,-0.5,1,0
180,S9_5,5,ascending,diverging,0.4785,6.68433,high,london,3034.34,3037.45,3031.11,LOSS,-0.5,1,0
180,S9_5,5,ascending,diverging,0.4785,6.68433,high,london,3034.34,3037.45,3031.11,LOSS,-0.5,1,0
199,S10_5,5,ascending,diverging,0.0948,5.63555,low,other,3011.1,3011.26,3009.08,WIN,3.0,3,1
199,S10_5,5,ascending,diverging,0.0948,5.63555,low,other,3011.1,3011.26,3009.08,LOSS,-0.5,1,0
199,S10_5,5,ascending,diverging,0.0948,5.63555,low,other,3011.1,3011.26,3009.08,WIN,3.0,3,1
199,S10_5,5,ascending,diverging,0.0948,5.63555,low,other,3011.1,3011.26,3009.08,WIN,3.0,3,1
199,S10_5,5,ascending,diverging,0.0948,5.63555,low,other,3011.1,3011.26,3009.08,WIN,3.0,3,1
199,S10_5,5,ascending,diverging,0.0948,5.63555,low,other,3011.1,3011.26,3009.08,WIN,3.0,3,1
203,S11_5,5,ascending,converging,0.3848,5.94079,low,london,3030.76,3031.46,3029.31,LOSS,-0.5,4,0
203,S11_5,5,ascending,converging,0.3848,5.94079,low,london,3030.76,3031.46,3029.31,LOSS,-0.5,1,0
203,S11_5,5,ascending,converging,0.3848,5.94079,low,london,3030.76,3031.46,3029.31,LOSS,-0.5,1,0
203,S11_5,5,ascending,converging,0.3848,5.94079,low,london,3030.76,3031.46,3029.31,LOSS,-0.5,1,0
203,S11_5,5,ascending,converging,0.3848,5.94079,low,london,3030.76,3031.46,3029.31,LOSS,-0.5,1,0
203,S11_5,5,ascending,converging,0.3848,5.94079,low,london,3030.76,3031.46,3029.31,LOSS,-0.5,1,0
219,S12_5,5,ascending,diverging,0.5994,6.38255,low,other,3068.72,3069.45,3062.34,LOSS,-0.5,1,0
219,S12_5,5,ascending,diverging,0.5994,6.38255,low,other,3068.72,3069.45,3062.34,LOSS,-0.5,1,0
219,S12_5,5,ascending,diverging,0.5994,6.38255,low,other,3068.72,3069.45,3062.34,LOSS,-0.5,1,0
219,S12_5,5,ascending,diverging,0.5994,6.38255,low,other,3068.72,3069.45,3062.34,LOSS,-0.5,1,0
219,S12_5,5,ascending,diverging,0.5994,6.38255,low,other,3068.72,3069.45,3062.34,LOSS,-0.5,1,0
219,S12_5,5,ascending,diverging,0.5994,6.38255,low,other,3068.72,3069.45,3062.34,LOSS,-0.5,1,0
220,S13_5,5,ascending,converging,0.5968,7.30951,high,other,3083.27,3088.08,3082.67,LOSS,-0.5,2,0
220,S13_5,5,ascending,converging,0.5968,7.30951,high,other,3083.27,3088.08,3082.67,LOSS,-0.5,2,0
220,S13_5,5,ascending,converging,0.5968,7.30951,high,other,3083.27,3088.08,3082.67,LOSS,-0.5,2,0
220,S13_5,5,ascending,converging,0.5968,7.30951,high,other,3083.27,3088.08,3082.67,LOSS,-0.5,2,0
220,S13_5,5,ascending,converging,0.5968,7.30951,high,other,3083.27,3088.08,3082.67,LOSS,-0.5,2,0
220,S13_5,5,ascending,converging,0.5968,7.30951,high,other,3083.27,3088.08,3082.67,LOSS,-0.5,2,0
228,S14_5,5,ascending,converging,0.1918,7.33524,high,london,3061.73,3065.0,3057.98,LOSS,-0.5,5,0
228,S14_5,5,ascending,converging,0.1918,7.33524,high,london,3061.73,3065.0,3057.98,LOSS,-0.5,1,0
228,S14_5,5,ascending,converging,0.1918,7.33524,high,london,3061.73,3065.0,3057.98,LOSS,-0.5,1,0
228,S14_5,5,ascending,converging,0.1918,7.33524,high,london,3061.73,3065.0,3057.98,LOSS,-0.5,1,0
228,S14_5,5,ascending,converging,0.1918,7.33524,high,london,3061.73,3065.0,3057.98,LOSS,-0.5,1,0
228,S14_5,5,ascending,converging,0.1918,7.33524,high,london,3061.73,3065.0,3057.98,LOSS,-0.5,1,0
235,S15_5,5,ascending,converging,0.9614,6.81201,high,other,3078.23,3079.08,3076.54,LOSS,-0.5,3,0
235,S15_5,5,ascending,converging,0.9614,6.81201,high,other,3078.23,3079.08,3076.54,LOSS,-0.5,9,0
235,S15_5,5,ascending,converging,0.9614,6.81201,high,other,3078.23,3079.08,3076.54,LOSS,-0.5,9,0
235,S15_5,5,ascending,converging,0.9614,6.81201,high,other,3078.23,3079.08,3076.54,LOSS,-0.5,9,0
235,S15_5,5,ascending,converging,0.9614,6.81201,high,other,3078.23,3079.08,3076.54,LOSS,-0.5,9,0
235,S15_5,5,ascending,converging,0.9614,6.81201,high,other,3078.23,3079.08,3076.54,LOSS,-0.5,9,0
247,S16_5,5,ascending,converging,0.2805,6.10496,low,other,3058.3,3058.55,3057.4,LOSS,-0.5,3,0
247,S16_5,5,ascending,converging,0.2805,6.10496,low,other,3058.3,3058.55,3057.4,LOSS,-0.5,3,0
247,S16_5,5,ascending,converging,0.2805,6.10496,low,other,3058.3,3058.55,3057.4,LOSS,-0.5,3,0
247,S16_5,5,ascending,converging,0.2805,6.10496,low,other,3058.3,3058.55,3057.4,LOSS,-0.5,2,0
247,S16_5,5,ascending,converging,0.2805,6.10496,low,other,3058.3,3058.55,3057.4,LOSS,-0.5,2,0
247,S16_5,5,ascending,converging,0.2805,6.10496,low,other,3058.3,3058.55,3057.4,LOSS,-0.5,2,0
253,S17_5,5,ascending,diverging,0.4488,7.31518,high,london,3090.78,3092.48,3085.6,LOSS,-0.5,8,0
253,S17_5,5,ascending,diverging,0.4488,7.31518,high,london,3090.78,3092.48,3085.6,LOSS,-0.5,8,0
253,S17_5,5,ascending,diverging,0.4488,7.31518,high,london,3090.78,3092.48,3085.6,LOSS,-0.5,8,0
253,S17_5,5,ascending,diverging,0.4488,7.31518,high,london,3090.78,3092.48,3085.6,LOSS,-0.5,8,0
253,S17_5,5,ascending,diverging,0.4488,7.31518,high,london,3090.78,3092.48,3085.6,LOSS,-0.5,8,0
253,S17_5,5,ascending,diverging,0.4488,7.31518,high,london,3090.78,3092.48,3085.6,LOSS,-0.5,8,0
268,S18_5,5,descending,diverging,0.4625,8.27025,high,other,3051.07,3053.11,3048.47,LOSS,-0.5,0,0
268,S18_5,5,descending,diverging,0.4625,8.27025,high,other,3051.07,3053.11,3048.47,LOSS,-0.5,0,0
268,S18_5,5,descending,diverging,0.4625,8.27025,high,other,3051.07,3053.11,3048.47,LOSS,-0.5,0,0
268,S18_5,5,descending,diverging,0.4625,8.27025,high,other,3051.07,3053.11,3048.47,LOSS,-0.5,0,0
268,S18_5,5,descending,diverging,0.4625,8.27025,high,other,3051.07,3053.11,3048.47,LOSS,-0.5,0,0
268,S18_5,5,descending,diverging,0.4625,8.27025,high,other,3051.07,3053.11,3048.47,WIN,3.0,15,1
284,S19_5,5,ascending,diverging,0.2941,7.38714,high,other,3076.38,3076.74,3075.57,LOSS,-0.5,2,0
284,S19_5,5,ascending,diverging,0.2941,7.38714,high,other,3076.38,3076.74,3075.57,LOSS,-0.5,7,0
284,S19_5,5,ascending,diverging,0.2941,7.38714,high,other,3076.38,3076.74,3075.57,LOSS,-0.5,2,0
284,S19_5,5,ascending,diverging,0.2941,7.38714,high,other,3076.38,3076.74,3075.57,LOSS,-0.5,7,0
284,S19_5,5,ascending,diverging,0.2941,7.38714,high,other,3076.38,3076.74,3075.57,LOSS,-0.5,2,0
284,S19_5,5,ascending,diverging,0.2941,7.38714,high,other,3076.38,3076.74,3075.57,LOSS,-0.5,7,0
292,S20_5,5,descending,converging,0.2791,6.32583,low,other,3059.52,3060.62,3058.95,WIN,3.0,10,1
292,S20_5,5,descending,converging,0.2791,6.32583,low,other,3059.52,3060.62,3058.95,LOSS,-0.5,3,0
292,S20_5,5,descending,converging,0.2791,6.32583,low,other,3059.52,3060.62,3058.95,WIN,3.0,10,1
292,S20_5,5,descending,converging,0.2791,6.32583,low,other,3059.52,3060.62,3058.95,LOSS,-0.5,3,0
292,S20_5,5,descending,converging,0.2791,6.32583,low,other,3059.52,3060.62,3058.95,WIN,3.0,10,1
292,S20_5,5,descending,converging,0.2791,6.32583,low,other,3059.52,3060.62,3058.95,LOSS,-0.5,3,0
323,S21_5,5,ascending,diverging,0.5655,5.97645,low,london,3135.01,3139.3,3134.14,LOSS,-0.5,1,0
323,S21_5,5,ascending,diverging,0.5655,5.97645,low,london,3135.01,3139.3,3134.14,LOSS,-0.5,1,0
323,S21_5,5,ascending,diverging,0.5655,5.97645,low,london,3135.01,3139.3,3134.14,LOSS,-0.5,1,0
323,S21_5,5,ascending,diverging,0.5655,5.97645,low,london,3135.01,3139.3,3134.14,LOSS,-0.5,1,0
323,S21_5,5,ascending,diverging,0.5655,5.97645,low,london,3135.01,3139.3,3134.14,LOSS,-0.5,1,0
323,S21_5,5,ascending,diverging,0.5655,5.97645,low,london,3135.01,3139.3,3134.14,LOSS,-0.5,1,0
333,S22_5,5,ascending,converging,0.271,5.78763,low,other,3134.83,3139.25,3131.15,LOSS,-0.5,2,0
333,S22_5,5,ascending,converging,0.271,5.78763,low,other,3134.83,3139.25,3131.15,LOSS,-0.5,2,0
333,S22_5,5,ascending,converging,0.271,5.78763,low,other,3134.83,3139.25,3131.15,LOSS,-0.5,2,0
333,S22_5,5,ascending,converging,0.271,5.78763,low,other,3134.83,3139.25,3131.15,LOSS,-0.5,2,0
333,S22_5,5,ascending,converging,0.271,5.78763,low,other,3134.83,3139.25,3131.15,LOSS,-0.5,2,0
333,S22_5,5,ascending,converging,0.271,5.78763,low,other,3134.83,3139.25,3131.15,LOSS,-0.5,2,0
335,S23_5,5,ascending,converging,1.0499,5.73684,low,other,3140.65,3143.39,3139.95,LOSS,-0.5,3,0
335,S23_5,5,ascending,converging,1.0499,5.73684,low,other,3140.65,3143.39,3139.95,LOSS,-0.5,3,0
335,S23_5,5,ascending,converging,1.0499,5.73684,low,other,3140.65,3143.39,3139.95,LOSS,-0.5,3,0
335,S23_5,5,ascending,converging,1.0499,5.73684,low,other,3140.65,3143.39,3139.95,LOSS,-0.5,3,0
335,S23_5,5,ascending,converging,1.0499,5.73684,low,other,3140.65,3143.39,3139.95,LOSS,-0.5,3,0
335,S23_5,5,ascending,converging,1.0499,5.73684,low,other,3140.65,3143.39,3139.95,LOSS,-0.5,3,0
348,S24_5,5,ascending,diverging,0.3905,5.75416,low,london,3107.53,3108.83,3105.68,LOSS,-0.5,2,0
348,S24_5,5,ascending,diverging,0.3905,5.75416,low,london,3107.53,3108.83,3105.68,LOSS,-0.5,2,0
348,S24_5,5,ascending,diverging,0.3905,5.75416,low,london,3107.53,3108.83,3105.68,WIN,3.0,3,1
348,S24_5,5,ascending,diverging,0.3905,5.75416,low,london,3107.53,3108.83,3105.68,WIN,3.0,3,1
348,S24_5,5,ascending,diverging,0.3905,5.75416,low,london,3107.53,3108.83,3105.68,WIN,3.0,3,1
348,S24_5,5,ascending,diverging,0.3905,5.75416,low,london,3107.53,3108.83,3105.68,WIN,3.0,3,1
353,S25_5,5,ascending,converging,0.1846,5.71243,low,other,3123.23,3126.35,3121.23,LOSS,-0.5,7,0
353,S25_5,5,ascending,converging,0.1846,5.71243,low,other,3123.23,3126.35,3121.23,LOSS,-0.5,7,0
353,S25_5,5,ascending,converging,0.1846,5.71243,low,other,3123.23,3126.35,3121.23,LOSS,-0.5,7,0
353,S25_5,5,ascending,converging,0.1846,5.71243,low,other,3123.23,3126.35,3121.23,LOSS,-0.5,0,0
353,S25_5,5,ascending,converging,0.1846,5.71243,low,other,3123.23,3126.35,3121.23,LOSS,-0.5,0,0
353,S25_5,5,ascending,converging,0.1846,5.71243,low,other,3123.23,3126.35,3121.23,LOSS,-0.5,0,0
359,S26_5,5,descending,diverging,1.2318,5.82913,low,other,3113.67,3116.09,3110.92,WIN,3.0,7,1
359,S26_5,5,descending,diverging,1.2318,5.82913,low,other,3113.67,3116.09,3110.92,LOSS,-0.5,1,0
359,S26_5,5,descending,diverging,1.2318,5.82913,low,other,3113.67,3116.09,3110.92,LOSS,-0.5,1,0
359,S26_5,5,descending,diverging,1.2318,5.82913,low,other,3113.67,3116.09,3110.92,LOSS,-0.5,1,0
359,S26_5,5,descending,diverging,1.2318,5.82913,low,other,3113.67,3116.09,3110.92,WIN,3.0,7,1
359,S26_5,5,descending,diverging,1.2318,5.82913,low,other,3113.67,3116.09,3110.92,WIN,3.0,7,1
378,S27_5,5,ascending,diverging,0.9785,7.16842,high,other,3181.08,3183.51,3179.6,LOSS,-0.5,1,0
378,S27_5,5,ascending,diverging,0.9785,7.16842,high,other,3181.08,3183.51,3179.6,LOSS,-0.5,1,0
378,S27_5,5,ascending,diverging,0.9785,7.16842,high,other,3181.08,3183.51,3179.6,LOSS,-0.5,1,0
378,S27_5,5,ascending,diverging,0.9785,7.16842,high,other,3181.08,3183.51,3179.6,LOSS,-0.5,1,0
378,S27_5,5,ascending,diverging,0.9785,7.16842,high,other,3181.08,3183.51,3179.6,LOSS,-0.5,1,0
378,S27_5,5,ascending,diverging,0.9785,7.16842,high,other,3181.08,3183.51,3179.6,LOSS,-0.5,1,0
384,S28_5,5,ascending,converging,0.0053,7.16919,high,other,3147.19,3147.46,3144.38,WIN,3.0,3,1
384,S28_5,5,ascending,converging,0.0053,7.16919,high,other,3147.19,3147.46,3144.38,WIN,3.0,3,1
384,S28_5,5,ascending,converging,0.0053,7.16919,high,other,3147.19,3147.46,3144.38,WIN,3.0,3,1
384,S28_5,5,ascending,converging,0.0053,7.16919,high,other,3147.19,3147.46,3144.38,WIN,3.0,3,1
384,S28_5,5,ascending,converging,0.0053,7.16919,high,other,3147.19,3147.46,3144.38,WIN,3.0,3,1
384,S28_5,5,ascending,converging,0.0053,7.16919,high,other,3147.19,3147.46,3144.38,WIN,3.0,3,1
399,S29_5,5,ascending,diverging,0.7692,7.52553,high,london,3179.27,3179.47,3177.76,LOSS,-0.5,16,0
399,S29_5,5,ascending,diverging,0.7692,7.52553,high,london,3179.27,3179.47,3177.76,LOSS,-0.5,1,0
399,S29_5,5,ascending,diverging,0.7692,7.52553,high,london,3179.27,3179.47,3177.76,LOSS,-0.5,1,0
399,S29_5,5,ascending,diverging,0.7692,7.52553,high,london,3179.27,3179.47,3177.76,LOSS,-0.5,1,0
399,S29_5,5,ascending,diverging,0.7692,7.52553,high,london,3179.27,3179.47,3177.76,LOSS,-0.5,1,0
399,S29_5,5,ascending,diverging,0.7692,7.52553,high,london,3179.27,3179.47,3177.76,LOSS,-0.5,1,0
412,S30_5,5,ascending,diverging,0.3566,6.84601,high,other,3154.94,3157.11,3151.78,LOSS,-0.5,46,0
412,S30_5,5,ascending,diverging,0.3566,6.84601,high,other,3154.94,3157.11,3151.78,LOSS,-0.5,3,0
412,S30_5,5,ascending,diverging,0.3566,6.84601,high,other,3154.94,3157.11,3151.78,LOSS,-0.5,46,0
412,S30_5,5,ascending,diverging,0.3566,6.84601,high,other,3154.94,3157.11,3151.78,LOSS,-0.5,46,0
412,S30_5,5,ascending,diverging,0.3566,6.84601,high,other,3154.94,3157.11,3151.78,LOSS,-0.5,46,0
412,S30_5,5,ascending,diverging,0.3566,6.84601,high,other,3154.94,3157.11,3151.78,LOSS,-0.5,46,0
428,S31_5,5,ascending,diverging,0.3342,7.06948,high,other,3230.97,3231.1,3230.64,LOSS,-0.5,1,0
428,S31_5,5,ascending,diverging,0.3342,7.06948,high,other,3230.97,3231.1,3230.64,LOSS,-0.5,1,0
428,S31_5,5,ascending,diverging,0.3342,7.06948,high,other,3230.97,3231.1,3230.64,LOSS,-0.5,1,0
428,S31_5,5,ascending,diverging,0.3342,7.06948,high,other,3230.97,3231.1,3230.64,LOSS,-0.5,1,0
428,S31_5,5,ascending,diverging,0.3342,7.06948,high,other,3230.97,3231.1,3230.64,LOSS,-0.5,1,0
428,S31_5,5,ascending,diverging,0.3342,7.06948,high,other,3230.97,3231.1,3230.64,LOSS,-0.5,1,0
431,S32_5,5,ascending,converging,0.0841,8.1341,high,other,3199.9,3200.19,3197.08,LOSS,-0.5,11,0
431,S32_5,5,ascending,converging,0.0841,8.1341,high,other,3199.9,3200.19,3197.08,LOSS,-0.5,11,0
431,S32_5,5,ascending,converging,0.0841,8.1341,high,other,3199.9,3200.19,3197.08,LOSS,-0.5,11,0
431,S32_5,5,ascending,converging,0.0841,8.1341,high,other,3199.9,3200.19,3197.08,LOSS,-0.5,11,0
431,S32_5,5,ascending,converging,0.0841,8.1341,high,other,3199.9,3200.19,3197.08,LOSS,-0.5,11,0
431,S32_5,5,ascending,converging,0.0841,8.1341,high,other,3199.9,3200.19,3197.08,LOSS,-0.5,11,0
436,S33_5,5,ascending,converging,0.6277,7.92363,high,other,3224.98,3225.41,3223.08,WIN,3.0,7,1
436,S33_5,5,ascending,converging,0.6277,7.92363,high,other,3224.98,3225.41,3223.08,LOSS,-0.5,1,0
436,S33_5,5,ascending,converging,0.6277,7.92363,high,other,3224.98,3225.41,3223.08,LOSS,-0.5,1,0
436,S33_5,5,ascending,converging,0.6277,7.92363,high,other,3224.98,3225.41,3223.08,LOSS,-0.5,1,0
436,S33_5,5,ascending,converging,0.6277,7.92363,high,other,3224.98,3225.41,3223.08,LOSS,-0.5,1,0
436,S33_5,5,ascending,converging,0.6277,7.92363,high,other,3224.98,3225.41,3223.08,LOSS,-0.5,1,0
459,S34_5,5,descending,diverging,0.1635,6.53929,high,other,3158.71,3163.89,3157.37,TIMEOUT,0.0,50,0
459,S34_5,5,descending,diverging,0.1635,6.53929,high,other,3158.71,3163.89,3157.37,TIMEOUT,0.0,50,0
459,S34_5,5,descending,diverging,0.1635,6.53929,high,other,3158.71,3163.89,3157.37,TIMEOUT,0.0,50,0
459,S34_5,5,descending,diverging,0.1635,6.53929,high,other,3158.71,3163.89,3157.37,TIMEOUT,0.0,50,0
459,S34_5,5,descending,diverging,0.1635,6.53929,high,other,3158.71,3163.89,3157.37,TIMEOUT,0.0,50,0
459,S34_5,5,descending,diverging,0.1635,6.53929,high,other,3158.71,3163.89,3157.37,TIMEOUT,0.0,50,0
467,S35_5,5,ascending,converging,0.0738,5.61379,low,london,3177.42,3179.37,3173.92,TIMEOUT,0.0,50,0
467,S35_5,5,ascending,converging,0.0738,5.61379,low,london,3177.42,3179.37,3173.92,TIMEOUT,0.0,50,0
467,S35_5,5,ascending,converging,0.0738,5.61379,low,london,3177.42,3179.37,3173.92,TIMEOUT,0.0,50,0
467,S35_5,5,ascending,converging,0.0738,5.61379,low,london,3177.42,3179.37,3173.92,TIMEOUT,0.0,50,0
467,S35_5,5,ascending,converging,0.0738,5.61379,low,london,3177.42,3179.37,3173.92,TIMEOUT,0.0,50,0
467,S35_5,5,ascending,converging,0.0738,5.61379,low,london,3177.42,3179.37,3173.92,TIMEOUT,0.0,50,0
472,S36_5,5,descending,diverging,0.7609,6.68067,high,other,3146.13,3147.02,3143.95,TIMEOUT,0.0,50,0
472,S36_5,5,descending,diverging,0.7609,6.68067,high,other,3146.13,3147.02,3143.95,TIMEOUT,0.0,50,0
472,S36_5,5,descending,diverging,0.7609,6.68067,high,other,3146.13,3147.02,3143.95,TIMEOUT,0.0,50,0
472,S36_5,5,descending,diverging,0.7609,6.68067,high,other,3146.13,3147.02,3143.95,TIMEOUT,0.0,50,0
472,S36_5,5,descending,diverging,0.7609,6.68067,high,other,3146.13,3147.02,3143.95,TIMEOUT,0.0,50,0
472,S36_5,5,descending,diverging,0.7609,6.68067,high,other,3146.13,3147.02,3143.95,TIMEOUT,0.0,50,0
480,S37_5,5,ascending,diverging,0.0175,7.62166,high,other,3197.65,3198.98,3196.52,TIMEOUT,0.0,50,0
480,S37_5,5,ascending,diverging,0.0175,7.62166,high,other,3197.65,3198.98,3196.52,TIMEOUT,0.0,50,0
480,S37_5,5,ascending,diverging,0.0175,7.62166,high,other,3197.65,3198.98,3196.52,TIMEOUT,0.0,50,0
480,S37_5,5,ascending,diverging,0.0175,7.62166,high,other,3197.65,3198.98,3196.52,TIMEOUT,0.0,50,0
480,S37_5,5,ascending,diverging,0.0175,7.62166,high,other,3197.65,3198.98,3196.52,TIMEOUT,0.0,50,0
480,S37_5,5,ascending,diverging,0.0175,7.62166,high,other,3197.65,3198.98,3196.52,TIMEOUT,0.0,50,0
487,S38_5,5,descending,converging,0.2002,7.86009,high,other,3160.04,3161.25,3158.85,TIMEOUT,0.0,50,0
487,S38_5,5,descending,converging,0.2002,7.86009,high,other,3160.04,3161.25,3158.85,TIMEOUT,0.0,50,0
487,S38_5,5,descending,converging,0.2002,7.86009,high,other,3160.04,3161.25,3158.85,TIMEOUT,0.0,50,0
487,S38_5,5,descending,converging,0.2002,7.86009,high,other,3160.04,3161.25,3158.85,TIMEOUT,0.0,50,0
487,S38_5,5,descending,converging,0.2002,7.86009,high,other,3160.04,3161.25,3158.85,TIMEOUT,0.0,50,0
487,S38_5,5,descending,converging,0.2002,7.86009,high,other,3160.04,3161.25,3158.85,TIMEOUT,0.0,50,0
73,S0_6,6,descending,converging,0.1345,6.40753,low,other,2986.22,2989.08,2985.33,LOSS,-0.5,5,0
73,S0_6,6,descending,converging,0.1345,6.40753,low,other,2986.22,2989.08,2985.33,LOSS,-0.5,5,0
73,S0_6,6,descending,converging,0.1345,6.40753,low,other,2986.22,2989.08,2985.33,LOSS,-0.5,5,0
73,S0_6,6,descending,converging,0.1345,6.40753,low,other,2986.22,2989.08,2985.33,LOSS,-0.5,5,0
73,S0_6,6,descending,converging,0.1345,6.40753,low,other,2986.22,2989.08,2985.33,LOSS,-0.5,1,0
79,S1_6,6,descending,diverging,0.0638,6.64234,high,other,2964.77,2968.54,2963.47,LOSS,-0.5,15,0
79,S1_6,6,descending,diverging,0.0638,6.64234,high,other,2964.77,2968.54,2963.47,LOSS,-0.5,1,0
79,S1_6,6,descending,diverging,0.0638,6.64234,high,other,2964.77,2968.54,2963.47,LOSS,-0.5,15,0
79,S1_6,6,descending,diverging,0.0638,6.64234,high,other,2964.77,2968.54,2963.47,LOSS,-0.5,1,0
79,S1_6,6,descending,diverging,0.0638,6.64234,high,other,2964.77,2968.54,2963.47,LOSS,-0.5,1,0
79,S1_6,6,descending,diverging,0.0638,6.64234,high,other,2964.77,2968.54,2963.47,LOSS,-0.5,1,0
82,S2_6,6,descending,converging,0.0899,6.75174,high,london,2975.25,2978.42,2973.48,LOSS,-0.5,6,0
82,S2_6,6,descending,converging,0.0899,6.75174,high,london,2975.25,2978.42,2973.48,LOSS,-0.5,1,0
82,S2_6,6,descending,converging,0.0899,6.75174,high,london,2975.25,2978.42,2973.48,LOSS,-0.5,1,0
82,S2_6,6,descending,converging,0.0899,6.75174,high,london,2975.25,2978.42,2973.48,LOSS,-0.5,1,0
82,S2_6,6,descending,converging,0.0899,6.75174,high,london,2975.25,2978.42,2973.48,LOSS,-0.5,6,0
82,S2_6,6,descending,converging,0.0899,6.75174,high,london,2975.25,2978.42,2973.48,LOSS,-0.5,1,0
104,S3_6,6,descending,diverging,0.3474,5.78199,low,london,2950.75,2953.55,2949.19,LOSS,-0.5,1,0
104,S3_6,6,descending,diverging,0.3474,5.78199,low,london,2950.75,2953.55,2949.19,LOSS,-0.5,1,0
104,S3_6,6,descending,diverging,0.3474,5.78199,low,london,2950.75,2953.55,2949.19,WIN,3.0,8,1
104,S3_6,6,descending,diverging,0.3474,5.78199,low,london,2950.75,2953.55,2949.19,LOSS,-0.5,1,0
104,S3_6,6,descending,diverging,0.3474,5.78199,low,london,2950.75,2953.55,2949.19,LOSS,-0.5,1,0
104,S3_6,6,descending,diverging,0.3474,5.78199,low,london,2950.75,2953.55,2949.19,LOSS,-0.5,1,0
125,S4_6,6,ascending,diverging,0.3552,7.37404,high,other,2996.76,2997.91,2995.6,LOSS,-0.5,1,0
125,S4_6,6,ascending,diverging,0.3552,7.37404,high,other,2996.76,2997.91,2995.6,LOSS,-0.5,1,0
125,S4_6,6,ascending,diverging,0.3552,7.37404,high,other,2996.76,2997.91,2995.6,LOSS,-0.5,1,0
125,S4_6,6,ascending,diverging,0.3552,7.37404,high,other,2996.76,2997.91,2995.6,LOSS,-0.5,1,0
125,S4_6,6,ascending,diverging,0.3552,7.37404,high,other,2996.76,2997.91,2995.6,LOSS,-0.5,1,0
125,S4_6,6,ascending,diverging,0.3552,7.37404,high,other,2996.76,2997.91,2995.6,LOSS,-0.5,1,0
147,S5_6,6,ascending,converging,0.0987,7.42722,high,other,2965.59,2965.67,2964.68,WIN,3.0,16,1
147,S5_6,6,ascending,converging,0.0987,7.42722,high,other,2965.59,2965.67,2964.68,LOSS,-0.5,2,0
147,S5_6,6,ascending,converging,0.0987,7.42722,high,other,2965.59,2965.67,2964.68,WIN,3.0,16,1
147,S5_6,6,ascending,converging,0.0987,7.42722,high,other,2965.59,2965.67,2964.68,LOSS,-0.5,2,0
147,S5_6,6,ascending,converging,0.0987,7.42722,high,other,2965.59,2965.67,2964.68,WIN,3.0,16,1
147,S5_6,6,ascending,converging,0.0987,7.42722,high,other,2965.59,2965.67,2964.68,LOSS,-0.5,2,0
167,S6_6,6,ascending,diverging,0.2273,7.35579,high,other,3010.99,3014.47,3009.23,LOSS,-0.5,1,0
167,S6_6,6,ascending,diverging,0.2273,7.35579,high,other,3010.99,3014.47,3009.23,LOSS,-0.5,1,0
167,S6_6,6,ascending,diverging,0.2273,7.35579,high,other,3010.99,3014.47,3009.23,LOSS,-0.5,1,0
167,S6_6,6,ascending,diverging,0.2273,7.35579,high,other,3010.99,3014.47,3009.23,LOSS,-0.5,1,0
167,S6_6,6,ascending,diverging,0.2273,7.35579,high,other,3010.99,3014.47,3009.23,LOSS,-0.5,1,0
167,S6_6,6,ascending,diverging,0.2273,7.35579,high,other,3010.99,3014.47,3009.23,LOSS,-0.5,1,0
172,S7_6,6,ascending,diverging,0.4628,6.47456,high,other,2995.79,2996.72,2992.66,WIN,3.0,4,1
172,S7_6,6,ascending,diverging,0.4628,6.47456,high,other,2995.79,2996.72,2992.66,LOSS,-0.5,2,0
172,S7_6,6,ascending,diverging,0.4628,6.47456,high,other,2995.79,2996.72,2992.66,WIN,3.0,4,1
172,S7_6,6,ascending,diverging,0.4628,6.47456,high,other,2995.79,2996.72,2992.66,WIN,3.0,4,1
172,S7_6,6,ascending,diverging,0.4628,6.47456,high,other,2995.79,2996.72,2992.66,WIN,3.0,4,1
172,S7_6,6,ascending,diverging,0.4628,6.47456,high,other,2995.79,2996.72,2992.66,WIN,3.0,4,1
180,S8_6,6,ascending,diverging,0.3541,6.68433,high,london,3034.34,3037.45,3031.11,LOSS,-0.5,1,0
180,S8_6,6,ascending,diverging,0.3541,6.68433,high,london,3034.34,3037.45,3031.11,LOSS,-0.5,1,0
180,S8_6,6,ascending,diverging,0.3541,6.68433,high,london,3034.34,3037.45,3031.11,LOSS,-0.5,1,0
180,S8_6,6,ascending,diverging,0.3541,6.68433,high,london,3034.34,3037.45,3031.11,LOSS,-0.5,1,0
180,S8_6,6,ascending,diverging,0.3541,6.68433,high,london,3034.34,3037.45,3031.11,LOSS,-0.5,1,0
180,S8_6,6,ascending,diverging,0.3541,6.68433,high,london,3034.34,3037.45,3031.11,LOSS,-0.5,1,0
199,S9_6,6,ascending,converging,0.2751,5.63555,low,other,3011.1,3011.26,3009.08,WIN,3.0,3,1
199,S9_6,6,ascending,converging,0.2751,5.63555,low,other,3011.1,3011.26,3009.08,LOSS,-0.5,1,0
199,S9_6,6,ascending,converging,0.2751,5.63555,low,other,3011.1,3011.26,3009.08,WIN,3.0,3,1
199,S9_6,6,ascending,converging,0.2751,5.63555,low,other,3011.1,3011.26,3009.08,WIN,3.0,3,1
199,S9_6,6,ascending,converging,0.2751,5.63555,low,other,3011.1,3011.26,3009.08,WIN,3.0,3,1
199,S9_6,6,ascending,converging,0.2751,5.63555,low,other,3011.1,3011.26,3009.08,WIN,3.0,3,1
203,S10_6,6,ascending,converging,0.249,5.94079,low,london,3030.76,3031.46,3029.31,LOSS,-0.5,4,0
203,S10_6,6,ascending,converging,0.249,5.94079,low,london,3030.76,3031.46,3029.31,LOSS,-0.5,1,0
203,S10_6,6,ascending,converging,0.249,5.94079,low,london,3030.76,3031.46,3029.31,LOSS,-0.5,1,0
203,S10_6,6,ascending,converging,0.249,5.94079,low,london,3030.76,3031.46,3029.31,LOSS,-0.5,1,0
203,S10_6,6,ascending,converging,0.249,5.94079,low,london,3030.76,3031.46,3029.31,LOSS,-0.5,1,0
203,S10_6,6,ascending,converging,0.249,5.94079,low,london,3030.76,3031.46,3029.31,LOSS,-0.5,1,0
219,S11_6,6,ascending,converging,0.4734,6.38255,low,other,3068.72,3069.45,3062.34,LOSS,-0.5,1,0
219,S11_6,6,ascending,converging,0.4734,6.38255,low,other,3068.72,3069.45,3062.34,LOSS,-0.5,1,0
219,S11_6,6,ascending,converging,0.4734,6.38255,low,other,3068.72,3069.45,3062.34,LOSS,-0.5,1,0
219,S11_6,6,ascending,converging,0.4734,6.38255,low,other,3068.72,3069.45,3062.34,LOSS,-0.5,1,0
219,S11_6,6,ascending,converging,0.4734,6.38255,low,other,3068.72,3069.45,3062.34,LOSS,-0.5,1,0
219,S11_6,6,ascending,converging,0.4734,6.38255,low,other,3068.72,3069.45,3062.34,LOSS,-0.5,1,0
220,S12_6,6,ascending,diverging,0.8025,7.30951,high,other,3083.27,3088.08,3082.67,LOSS,-0.5,2,0
220,S12_6,6,ascending,diverging,0.8025,7.30951,high,other,3083.27,3088.08,3082.67,LOSS,-0.5,2,0
220,S12_6,6,ascending,diverging,0.8025,7.30951,high,other,3083.27,3088.08,3082.67,LOSS,-0.5,2,0
220,S12_6,6,ascending,diverging,0.8025,7.30951,high,other,3083.27,3088.08,3082.67,LOSS,-0.5,2,0
220,S12_6,6,ascending,diverging,0.8025,7.30951,high,other,3083.27,3088.08,3082.67,LOSS,-0.5,2,0
220,S12_6,6,ascending,diverging,0.8025,7.30951,high,other,3083.27,3088.08,3082.67,LOSS,-0.5,2,0
228,S13_6,6,ascending,converging,0.3486,7.33524,high,london,3061.73,3065.0,3057.98,LOSS,-0.5,5,0
228,S13_6,6,ascending,converging,0.3486,7.33524,high,london,3061.73,3065.0,3057.98,LOSS,-0.5,1,0
228,S13_6,6,ascending,converging,0.3486,7.33524,high,london,3061.73,3065.0,3057.98,LOSS,-0.5,1,0
228,S13_6,6,ascending,converging,0.3486,7.33524,high,london,3061.73,3065.0,3057.98,LOSS,-0.5,1,0
228,S13_6,6,ascending,converging,0.3486,7.33524,high,london,3061.73,3065.0,3057.98,LOSS,-0.5,1,0
228,S13_6,6,ascending,converging,0.3486,7.33524,high,london,3061.73,3065.0,3057.98,LOSS,-0.5,1,0
235,S14_6,6,ascending,converging,0.3394,6.81201,high,other,3078.23,3079.08,3076.54,LOSS,-0.5,3,0
235,S14_6,6,ascending,converging,0.3394,6.81201,high,other,3078.23,3079.08,3076.54,LOSS,-0.5,9,0
235,S14_6,6,ascending,converging,0.3394,6.81201,high,other,3078.23,3079.08,3076.54,LOSS,-0.5,9,0
235,S14_6,6,ascending,converging,0.3394,6.81201,high,other,3078.23,3079.08,3076.54,LOSS,-0.5,9,0
235,S14_6,6,ascending,converging,0.3394,6.81201,high,other,3078.23,3079.08,3076.54,LOSS,-0.5,9,0
235,S14_6,6,ascending,converging,0.3394,6.81201,high,other,3078.23,3079.08,3076.54,LOSS,-0.5,9,0
247,S15_6,6,ascending,converging,0.5606,6.10496,low,other,3058.3,3058.55,3057.4,LOSS,-0.5,3,0
247,S15_6,6,ascending,converging,0.5606,6.10496,low,other,3058.3,3058.55,3057.4,LOSS,-0.5,3,0
247,S15_6,6,ascending,converging,0.5606,6.10496,low,other,3058.3,3058.55,3057.4,LOSS,-0.5,3,0
247,S15_6,6,ascending,converging,0.5606,6.10496,low,other,3058.3,3058.55,3057.4,LOSS,-0.5,2,0
247,S15_6,6,ascending,converging,0.5606,6.10496,low,other,3058.3,3058.55,3057.4,LOSS,-0.5,2,0
247,S15_6,6,ascending,converging,0.5606,6.10496,low,other,3058.3,3058.55,3057.4,LOSS,-0.5,2,0
253,S16_6,6,ascending,converging,0.5275,7.31518,high,london,3090.78,3092.48,3085.6,LOSS,-0.5,8,0
253,S16_6,6,ascending,converging,0.5275,7.31518,high,london,3090.78,3092.48,3085.6,LOSS,-0.5,8,0
253,S16_6,6,ascending,converging,0.5275,7.31518,high,london,3090.78,3092.48,3085.6,LOSS,-0.5,8,0
253,S16_6,6,ascending,converging,0.5275,7.31518,high,london,3090.78,3092.48,3085.6,LOSS,-0.5,8,0
253,S16_6,6,ascending,converging,0.5275,7.31518,high,london,3090.78,3092.48,3085.6,LOSS,-0.5,8,0
253,S16_6,6,ascending,converging,0.5275,7.31518,high,london,3090.78,3092.48,3085.6,LOSS,-0.5,8,0
268,S17_6,6,descending,diverging,0.1615,8.27025,high,other,3051.07,3053.11,3048.47,LOSS,-0.5,0,0
268,S17_6,6,descending,diverging,0.1615,8.27025,high,other,3051.07,3053.11,3048.47,LOSS,-0.5,0,0
268,S17_6,6,descending,diverging,0.1615,8.27025,high,other,3051.07,3053.11,3048.47,LOSS,-0.5,0,0
268,S17_6,6,descending,diverging,0.1615,8.27025,high,other,3051.07,3053.11,3048.47,LOSS,-0.5,0,0
268,S17_6,6,descending,diverging,0.1615,8.27025,high,other,3051.07,3053.11,3048.47,LOSS,-0.5,0,0
268,S17_6,6,descending,diverging,0.1615,8.27025,high,other,3051.07,3053.11,3048.47,WIN,3.0,15,1
284,S18_6,6,descending,converging,0.1119,7.38714,high,other,3076.38,3076.74,3075.57,LOSS,-0.5,2,0
284,S18_6,6,descending,converging,0.1119,7.38714,high,other,3076.38,3076.74,3075.57,LOSS,-0.5,7,0
284,S18_6,6,descending,converging,0.1119,7.38714,high,other,3076.38,3076.74,3075.57,LOSS,-0.5,2,0
284,S18_6,6,descending,converging,0.1119,7.38714,high,other,3076.38,3076.74,3075.57,LOSS,-0.5,7,0
284,S18_6,6,descending,converging,0.1119,7.38714,high,other,3076.38,3076.74,3075.57,LOSS,-0.5,2,0
284,S18_6,6,descending,converging,0.1119,7.38714,high,other,3076.38,3076.74,3075.57,LOSS,-0.5,7,0
292,S19_6,6,ascending,converging,0.0134,6.32583,low,other,3059.52,3060.62,3058.95,WIN,3.0,10,1
292,S19_6,6,ascending,converging,0.0134,6.32583,low,other,3059.52,3060.62,3058.95,LOSS,-0.5,3,0
292,S19_6,6,ascending,converging,0.0134,6.32583,low,other,3059.52,3060.62,3058.95,WIN,3.0,10,1
292,S19_6,6,ascending,converging,0.0134,6.32583,low,other,3059.52,3060.62,3058.95,LOSS,-0.5,3,0
292,S19_6,6,ascending,converging,0.0134,6.32583,low,other,3059.52,3060.62,3058.95,WIN,3.0,10,1
292,S19_6,6,ascending,converging,0.0134,6.32583,low,other,3059.52,3060.62,3058.95,LOSS,-0.5,3,0
323,S20_6,6,ascending,diverging,0.5024,5.97645,low,london,3135.01,3139.3,3134.14,LOSS,-0.5,1,0
323,S20_6,6,ascending,diverging,0.5024,5.97645,low,london,3135.01,3139.3,3134.14,LOSS,-0.5,1,0
323,S20_6,6,ascending,diverging,0.5024,5.97645,low,london,3135.01,3139.3,3134.14,LOSS,-0.5,1,0
323,S20_6,6,ascending,diverging,0.5024,5.97645,low,london,3135.01,3139.3,3134.14,LOSS,-0.5,1,0
323,S20_6,6,ascending,diverging,0.5024,5.97645,low,london,3135.01,3139.3,3134.14,LOSS,-0.5,1,0
323,S20_6,6,ascending,diverging,0.5024,5.97645,low,london,3135.01,3139.3,3134.14,LOSS,-0.5,1,0
333,S21_6,6,ascending,converging,0.4865,5.78763,low,other,3134.83,3139.25,3131.15,LOSS,-0.5,2,0
333,S21_6,6,ascending,converging,0.4865,5.78763,low,other,3134.83,3139.25,3131.15,LOSS,-0.5,2,0
333,S21_6,6,ascending,converging,0.4865,5.78763,low,other,3134.83,3139.25,3131.15,LOSS,-0.5,2,0
333,S21_6,6,ascending,converging,0.4865,5.78763,low,other,3134.83,3139.25,3131.15,LOSS,-0.5,2,0
333,S21_6,6,ascending,converging,0.4865,5.78763,low,other,3134.83,3139.25,3131.15,LOSS,-0.5,2,0
333,S21_6,6,ascending,converging,0.4865,5.78763,low,other,3134.83,3139.25,3131.15,LOSS,-0.5,2,0
335,S22_6,6,ascending,converging,0.3305,5.73684,low,other,3140.65,3143.39,3139.95,LOSS,-0.5,3,0
335,S22_6,6,ascending,converging,0.3305,5.73684,low,other,3140.65,3143.39,3139.95,LOSS,-0.5,3,0
335,S22_6,6,ascending,converging,0.3305,5.73684,low,other,3140.65,3143.39,3139.95,LOSS,-0.5,3,0
335,S22_6,6,ascending,converging,0.3305,5.73684,low,other,3140.65,3143.39,3139.95,LOSS,-0.5,3,0
335,S22_6,6,ascending,converging,0.3305,5.73684,low,other,3140.65,3143.39,3139.95,LOSS,-0.5,3,0
335,S22_6,6,ascending,converging,0.3305,5.73684,low,other,3140.65,3143.39,3139.95,LOSS,-0.5,3,0
348,S23_6,6,ascending,diverging,0.4954,5.75416,low,london,3107.53,3108.83,3105.68,LOSS,-0.5,2,0
348,S23_6,6,ascending,diverging,0.4954,5.75416,low,london,3107.53,3108.83,3105.68,LOSS,-0.5,2,0
348,S23_6,6,ascending,diverging,0.4954,5.75416,low,london,3107.53,3108.83,3105.68,WIN,3.0,3,1
348,S23_6,6,ascending,diverging,0.4954,5.75416,low,london,3107.53,3108.83,3105.68,WIN,3.0,3,1
348,S23_6,6,ascending,diverging,0.4954,5.75416,low,london,3107.53,3108.83,3105.68,WIN,3.0,3,1
348,S23_6,6,ascending,diverging,0.4954,5.75416,low,london,3107.53,3108.83,3105.68,WIN,3.0,3,1
353,S24_6,6,ascending,diverging,0.5886,5.71243,low,other,3123.23,3126.35,3121.23,LOSS,-0.5,7,0
353,S24_6,6,ascending,diverging,0.5886,5.71243,low,other,3123.23,3126.35,3121.23,LOSS,-0.5,7,0
353,S24_6,6,ascending,diverging,0.5886,5.71243,low,other,3123.23,3126.35,3121.23,LOSS,-0.5,7,0
353,S24_6,6,ascending,diverging,0.5886,5.71243,low,other,3123.23,3126.35,3121.23,LOSS,-0.5,0,0
353,S24_6,6,ascending,diverging,0.5886,5.71243,low,other,3123.23,3126.35,3121.23,LOSS,-0.5,0,0
353,S24_6,6,ascending,diverging,0.5886,5.71243,low,other,3123.23,3126.35,3121.23,LOSS,-0.5,0,0
359,S25_6,6,ascending,converging,0.1297,5.82913,low,other,3113.67,3116.09,3110.92,WIN,3.0,7,1
359,S25_6,6,ascending,converging,0.1297,5.82913,low,other,3113.67,3116.09,3110.92,LOSS,-0.5,1,0
359,S25_6,6,ascending,converging,0.1297,5.82913,low,other,3113.67,3116.09,3110.92,LOSS,-0.5,1,0
359,S25_6,6,ascending,converging,0.1297,5.82913,low,other,3113.67,3116.09,3110.92,LOSS,-0.5,1,0
359,S25_6,6,ascending,converging,0.1297,5.82913,low,other,3113.67,3116.09,3110.92,WIN,3.0,7,1
359,S25_6,6,ascending,converging,0.1297,5.82913,low,other,3113.67,3116.09,3110.92,WIN,3.0,7,1
378,S26_6,6,ascending,diverging,1.1853,7.16842,high,other,3181.08,3183.51,3179.6,LOSS,-0.5,1,0
378,S26_6,6,ascending,diverging,1.1853,7.16842,high,other,3181.08,3183.51,3179.6,LOSS,-0.5,1,0
378,S26_6,6,ascending,diverging,1.1853,7.16842,high,other,3181.08,3183.51,3179.6,LOSS,-0.5,1,0
378,S26_6,6,ascending,diverging,1.1853,7.16842,high,other,3181.08,3183.51,3179.6,LOSS,-0.5,1,0
378,S26_6,6,ascending,diverging,1.1853,7.16842,high,other,3181.08,3183.51,3179.6,LOSS,-0.5,1,0
378,S26_6,6,ascending,diverging,1.1853,7.16842,high,other,3181.08,3183.51,3179.6,LOSS,-0.5,1,0
384,S27_6,6,ascending,diverging,0.2031,7.16919,high,other,3147.19,3147.46,3144.38,WIN,3.0,3,1
384,S27_6,6,ascending,diverging,0.2031,7.16919,high,other,3147.19,3147.46,3144.38,WIN,3.0,3,1
384,S27_6,6,ascending,diverging,0.2031,7.16919,high,other,3147.19,3147.46,3144.38,WIN,3.0,3,1
384,S27_6,6,ascending,diverging,0.2031,7.16919,high,other,3147.19,3147.46,3144.38,WIN,3.0,3,1
384,S27_6,6,ascending,diverging,0.2031,7.16919,high,other,3147.19,3147.46,3144.38,WIN,3.0,3,1
384,S27_6,6,ascending,diverging,0.2031,7.16919,high,other,3147.19,3147.46,3144.38,WIN,3.0,3,1
399,S28_6,6,ascending,converging,0.1665,7.52553,high,london,3179.27,3179.47,3177.76,LOSS,-0.5,16,0
399,S28_6,6,ascending,converging,0.1665,7.52553,high,london,3179.27,3179.47,3177.76,LOSS,-0.5,1,0
399,S28_6,6,ascending,converging,0.1665,7.52553,high,london,3179.27,3179.47,3177.76,LOSS,-0.5,1,0
399,S28_6,6,ascending,converging,0.1665,7.52553,high,london,3179.27,3179.47,3177.76,LOSS,-0.5,1,0
399,S28_6,6,ascending,converging,0.1665,7.52553,high,london,3179.27,3179.47,3177.76,LOSS,-0.5,1,0
399,S28_6,6,ascending,converging,0.1665,7.52553,high,london,3179.27,3179.47,3177.76,LOSS,-0.5,1,0
412,S29_6,6,ascending,diverging,0.4169,6.84601,high,other,3154.94,3157.11,3151.78,LOSS,-0.5,46,0
412,S29_6,6,ascending,diverging,0.4169,6.84601,high,other,3154.94,3157.11,3151.78,LOSS,-0.5,3,0
412,S29_6,6,ascending,diverging,0.4169,6.84601,high,other,3154.94,3157.11,3151.78,LOSS,-0.5,46,0
412,S29_6,6,ascending,diverging,0.4169,6.84601,high,other,3154.94,3157.11,3151.78,LOSS,-0.5,46,0
412,S29_6,6,ascending,diverging,0.4169,6.84601,high,other,3154.94,3157.11,3151.78,LOSS,-0.5,46,0
412,S29_6,6,ascending,diverging,0.4169,6.84601,high,other,3154.94,3157.11,3151.78,LOSS,-0.5,46,0
428,S30_6,6,ascending,diverging,1.037,7.06948,high,other,3230.97,3231.1,3230.64,LOSS,-0.5,1,0
428,S30_6,6,ascending,diverging,1.037,7.06948,high,other,3230.97,3231.1,3230.64,LOSS,-0.5,1,0
428,S30_6,6,ascending,diverging,1.037,7.06948,high,other,3230.97,3231.1,3230.64,LOSS,-0.5,1,0
428,S30_6,6,ascending,diverging,1.037,7.06948,high,other,3230.97,3231.1,3230.64,LOSS,-0.5,1,0
428,S30_6,6,ascending,diverging,1.037,7.06948,high,other,3230.97,3231.1,3230.64,LOSS,-0.5,1,0
428,S30_6,6,ascending,diverging,1.037,7.06948,high,other,3230.97,3231.1,3230.64,LOSS,-0.5,1,0
431,S31_6,6,ascending,converging,0.2143,8.1341,high,other,3199.9,3200.19,3197.08,LOSS,-0.5,11,0
431,S31_6,6,ascending,converging,0.2143,8.1341,high,other,3199.9,3200.19,3197.08,LOSS,-0.5,11,0
431,S31_6,6,ascending,converging,0.2143,8.1341,high,other,3199.9,3200.19,3197.08,LOSS,-0.5,11,0
431,S31_6,6,ascending,converging,0.2143,8.1341,high,other,3199.9,3200.19,3197.08,LOSS,-0.5,11,0
431,S31_6,6,ascending,converging,0.2143,8.1341,high,other,3199.9,3200.19,3197.08,LOSS,-0.5,11,0
431,S31_6,6,ascending,converging,0.2143,8.1341,high,other,3199.9,3200.19,3197.08,LOSS,-0.5,11,0
436,S32_6,6,ascending,converging,0.2316,7.92363,high,other,3224.98,3225.41,3223.08,WIN,3.0,7,1
436,S32_6,6,ascending,converging,0.2316,7.92363,high,other,3224.98,3225.41,3223.08,LOSS,-0.5,1,0
436,S32_6,6,ascending,converging,0.2316,7.92363,high,other,3224.98,3225.41,3223.08,LOSS,-0.5,1,0
436,S32_6,6,ascending,converging,0.2316,7.92363,high,other,3224.98,3225.41,3223.08,LOSS,-0.5,1,0
436,S32_6,6,ascending,converging,0.2316,7.92363,high,other,3224.98,3225.41,3223.08,LOSS,-0.5,1,0
436,S32_6,6,ascending,converging,0.2316,7.92363,high,other,3224.98,3225.41,3223.08,LOSS,-0.5,1,0
459,S33_6,6,ascending,diverging,0.0731,6.53929,high,other,3158.71,3163.89,3157.37,TIMEOUT,0.0,50,0
459,S33_6,6,ascending,diverging,0.0731,6.53929,high,other,3158.71,3163.89,3157.37,TIMEOUT,0.0,50,0
459,S33_6,6,ascending,diverging,0.0731,6.53929,high,other,3158.71,3163.89,3157.37,TIMEOUT,0.0,50,0
459,S33_6,6,ascending,diverging,0.0731,6.53929,high,other,3158.71,3163.89,3157.37,TIMEOUT,0.0,50,0
459,S33_6,6,ascending,diverging,0.0731,6.53929,high,other,3158.71,3163.89,3157.37,TIMEOUT,0.0,50,0
459,S33_6,6,ascending,diverging,0.0731,6.53929,high,other,3158.71,3163.89,3157.37,TIMEOUT,0.0,50,0
467,S34_6,6,descending,converging,0.0007,5.61379,low,london,3177.42,3179.37,3173.92,TIMEOUT,0.0,50,0
467,S34_6,6,descending,converging,0.0007,5.61379,low,london,3177.42,3179.37,3173.92,TIMEOUT,0.0,50,0
467,S34_6,6,descending,converging,0.0007,5.61379,low,london,3177.42,3179.37,3173.92,TIMEOUT,0.0,50,0
467,S34_6,6,descending,converging,0.0007,5.61379,low,london,3177.42,3179.37,3173.92,TIMEOUT,0.0,50,0
467,S34_6,6,descending,converging,0.0007,5.61379,low,london,3177.42,3179.37,3173.92,TIMEOUT,0.0,50,0
467,S34_6,6,descending,converging,0.0007,5.61379,low,london,3177.42,3179.37,3173.92,TIMEOUT,0.0,50,0
472,S35_6,6,descending,converging,0.0181,6.68067,high,other,3146.13,3147.02,3143.95,TIMEOUT,0.0,50,0
472,S35_6,6,descending,converging,0.0181,6.68067,high,other,3146.13,3147.02,3143.95,TIMEOUT,0.0,50,0
472,S35_6,6,descending,converging,0.0181,6.68067,high,other,3146.13,3147.02,3143.95,TIMEOUT,0.0,50,0
472,S35_6,6,descending,converging,0.0181,6.68067,high,other,3146.13,3147.02,3143.95,TIMEOUT,0.0,50,0
472,S35_6,6,descending,converging,0.0181,6.68067,high,other,3146.13,3147.02,3143.95,TIMEOUT,0.0,50,0
472,S35_6,6,descending,converging,0.0181,6.68067,high,other,3146.13,3147.02,3143.95,TIMEOUT,0.0,50,0
480,S36_6,6,descending,diverging,0.2219,7.62166,high,other,3197.65,3198.98,3196.52,TIMEOUT,0.0,50,0
480,S36_6,6,descending,diverging,0.2219,7.62166,high,other,3197.65,3198.98,3196.52,TIMEOUT,0.0,50,0
480,S36_6,6,descending,diverging,0.2219,7.62166,high,other,3197.65,3198.98,3196.52,TIMEOUT,0.0,50,0
480,S36_6,6,descending,diverging,0.2219,7.62166,high,other,3197.65,3198.98,3196.52,TIMEOUT,0.0,50,0
480,S36_6,6,descending,diverging,0.2219,7.62166,high,other,3197.65,3198.98,3196.52,TIMEOUT,0.0,50,0
480,S36_6,6,descending,diverging,0.2219,7.62166,high,other,3197.65,3198.98,3196.52,TIMEOUT,0.0,50,0
487,S37_6,6,descending,diverging,0.301,7.86009,high,other,3160.04,3161.25,3158.85,TIMEOUT,0.0,50,0
487,S37_6,6,descending,diverging,0.301,7.86009,high,other,3160.04,3161.25,3158.85,TIMEOUT,0.0,50,0
487,S37_6,6,descending,diverging,0.301,7.86009,high,other,3160.04,3161.25,3158.85,TIMEOUT,0.0,50,0
487,S37_6,6,descending,diverging,0.301,7.86009,high,other,3160.04,3161.25,3158.85,TIMEOUT,0.0,50,0
487,S37_6,6,descending,diverging,0.301,7.86009,high,other,3160.04,3161.25,3158.85,TIMEOUT,0.0,50,0
487,S37_6,6,descending,diverging,0.301,7.86009,high,other,3160.04,3161.25,3158.85,TIMEOUT,0.0,50,0
79,S0_7,7,descending,converging,0.1906,6.64234,high,other,2964.77,2968.54,2963.47,LOSS,-0.5,15,0
79,S0_7,7,descending,converging,0.1906,6.64234,high,other,2964.77,2968.54,2963.47,LOSS,-0.5,1,0
79,S0_7,7,descending,converging,0.1906,6.64234,high,other,2964.77,2968.54,2963.47,LOSS,-0.5,15,0
79,S0_7,7,descending,converging,0.1906,6.64234,high,other,2964.77,2968.54,2963.47,LOSS,-0.5,1,0
79,S0_7,7,descending,converging,0.1906,6.64234,high,other,2964.77,2968.54,2963.47,LOSS,-0.5,1,0
79,S0_7,7,descending,converging,0.1906,6.64234,high,other,2964.77,2968.54,2963.47,LOSS,-0.5,1,0
82,S1_7,7,ascending,converging,0.1406,6.75174,high,london,2975.25,2978.42,2973.48,LOSS,-0.5,6,0
82,S1_7,7,ascending,converging,0.1406,6.75174,high,london,2975.25,2978.42,2973.48,LOSS,-0.5,1,0
82,S1_7,7,ascending,converging,0.1406,6.75174,high,london,2975.25,2978.42,2973.48,LOSS,-0.5,1,0
82,S1_7,7,ascending,converging,0.1406,6.75174,high,london,2975.25,2978.42,2973.48,LOSS,-0.5,1,0
82,S1_7,7,ascending,converging,0.1406,6.75174,high,london,2975.25,2978.42,2973.48,LOSS,-0.5,6,0
82,S1_7,7,ascending,converging,0.1406,6.75174,high,london,2975.25,2978.42,2973.48,LOSS,-0.5,1,0
104,S2_7,7,descending,diverging,0.3322,5.78199,low,london,2950.75,2953.55,2949.19,LOSS,-0.5,1,0
104,S2_7,7,descending,diverging,0.3322,5.78199,low,london,2950.75,2953.55,2949.19,LOSS,-0.5,1,0
104,S2_7,7,descending,diverging,0.3322,5.78199,low,london,2950.75,2953.55,2949.19,WIN,3.0,8,1
104,S2_7,7,descending,diverging,0.3322,5.78199,low,london,2950.75,2953.55,2949.19,LOSS,-0.5,1,0
104,S2_7,7,descending,diverging,0.3322,5.78199,low,london,2950.75,2953.55,2949.19,LOSS,-0.5,1,0
104,S2_7,7,descending,diverging,0.3322,5.78199,low,london,2950.75,2953.55,2949.19,LOSS,-0.5,1,0
125,S3_7,7,ascending,diverging,1.2165,7.37404,high,other,2996.76,2997.91,2995.6,LOSS,-0.5,1,0
125,S3_7,7,ascending,diverging,1.2165,7.37404,high,other,2996.76,2997.91,2995.6,LOSS,-0.5,1,0
125,S3_7,7,ascending,diverging,1.2165,7.37404,high,other,2996.76,2997.91,2995.6,LOSS,-0.5,1,0
125,S3_7,7,ascending,diverging,1.2165,7.37404,high,other,2996.76,2997.91,2995.6,LOSS,-0.5,1,0
125,S3_7,7,ascending,diverging,1.2165,7.37404,high,other,2996.76,2997.91,2995.6,LOSS,-0.5,1,0
125,S3_7,7,ascending,diverging,1.2165,7.37404,high,other,2996.76,2997.91,2995.6,LOSS,-0.5,1,0
147,S4_7,7,descending,diverging,0.001,7.42722,high,other,2965.59,2965.67,2964.68,WIN,3.0,16,1
147,S4_7,7,descending,diverging,0.001,7.42722,high,other,2965.59,2965.67,2964.68,LOSS,-0.5,2,0
147,S4_7,7,descending,diverging,0.001,7.42722,high,other,2965.59,2965.67,2964.68,WIN,3.0,16,1
147,S4_7,7,descending,diverging,0.001,7.42722,high,other,2965.59,2965.67,2964.68,LOSS,-0.5,2,0
147,S4_7,7,descending,diverging,0.001,7.42722,high,other,2965.59,2965.67,2964.68,WIN,3.0,16,1
147,S4_7,7,descending,diverging,0.001,7.42722,high,other,2965.59,2965.67,2964.68,LOSS,-0.5,2,0
167,S5_7,7,ascending,converging,0.2811,7.35579,high,other,3010.99,3014.47,3009.23,LOSS,-0.5,1,0
167,S5_7,7,ascending,converging,0.2811,7.35579,high,other,3010.99,3014.47,3009.23,LOSS,-0.5,1,0
167,S5_7,7,ascending,converging,0.2811,7.35579,high,other,3010.99,3014.47,3009.23,LOSS,-0.5,1,0
167,S5_7,7,ascending,converging,0.2811,7.35579,high,other,3010.99,3014.47,3009.23,LOSS,-0.5,1,0
167,S5_7,7,ascending,converging,0.2811,7.35579,high,other,3010.99,3014.47,3009.23,LOSS,-0.5,1,0
167,S5_7,7,ascending,converging,0.2811,7.35579,high,other,3010.99,3014.47,3009.23,LOSS,-0.5,1,0
172,S6_7,7,ascending,converging,0.0287,6.47456,high,other,2995.79,2996.72,2992.66,WIN,3.0,4,1
172,S6_7,7,ascending,converging,0.0287,6.47456,high,other,2995.79,2996.72,2992.66,LOSS,-0.5,2,0
172,S6_7,7,ascending,converging,0.0287,6.47456,high,other,2995.79,2996.72,2992.66,WIN,3.0,4,1
172,S6_7,7,ascending,converging,0.0287,6.47456,high,other,2995.79,2996.72,2992.66,WIN,3.0,4,1
172,S6_7,7,ascending,converging,0.0287,6.47456,high,other,2995.79,2996.72,2992.66,WIN,3.0,4,1
172,S6_7,7,ascending,converging,0.0287,6.47456,high,other,2995.79,2996.72,2992.66,WIN,3.0,4,1
180,S7_7,7,ascending,diverging,0.9495,6.68433,high,london,3034.34,3037.45,3031.11,LOSS,-0.5,1,0
180,S7_7,7,ascending,diverging,0.9495,6.68433,high,london,3034.34,3037.45,3031.11,LOSS,-0.5,1,0
180,S7_7,7,ascending,diverging,0.9495,6.68433,high,london,3034.34,3037.45,3031.11,LOSS,-0.5,1,0
180,S7_7,7,ascending,diverging,0.9495,6.68433,high,london,3034.34,3037.45,3031.11,LOSS,-0.5,1,0
180,S7_7,7,ascending,diverging,0.9495,6.68433,high,london,3034.34,3037.45,3031.11,LOSS,-0.5,1,0
180,S7_7,7,ascending,diverging,0.9495,6.68433,high,london,3034.34,3037.45,3031.11,LOSS,-0.5,1,0
199,S8_7,7,ascending,converging,0.1596,5.63555,low,other,3011.1,3011.26,3009.08,WIN,3.0,3,1
199,S8_7,7,ascending,converging,0.1596,5.63555,low,other,3011.1,3011.26,3009.08,LOSS,-0.5,1,0
199,S8_7,7,ascending,converging,0.1596,5.63555,low,other,3011.1,3011.26,3009.08,WIN,3.0,3,1
199,S8_7,7,ascending,converging,0.1596,5.63555,low,other,3011.1,3011.26,3009.08,WIN,3.0,3,1
199,S8_7,7,ascending,converging,0.1596,5.63555,low,other,3011.1,3011.26,3009.08,WIN,3.0,3,1
199,S8_7,7,ascending,converging,0.1596,5.63555,low,other,3011.1,3011.26,3009.08,WIN,3.0,3,1
203,S9_7,7,ascending,converging,0.3391,5.94079,low,london,3030.76,3031.46,3029.31,LOSS,-0.5,4,0
203,S9_7,7,ascending,converging,0.3391,5.94079,low,london,3030.76,3031.46,3029.31,LOSS,-0.5,1,0
203,S9_7,7,ascending,converging,0.3391,5.94079,low,london,3030.76,3031.46,3029.31,LOSS,-0.5,1,0
203,S9_7,7,ascending,converging,0.3391,5.94079,low,london,3030.76,3031.46,3029.31,LOSS,-0.5,1,0
203,S9_7,7,ascending,converging,0.3391,5.94079,low,london,3030.76,3031.46,3029.31,LOSS,-0.5,1,0
203,S9_7,7,ascending,converging,0.3391,5.94079,low,london,3030.76,3031.46,3029.31,LOSS,-0.5,1,0
219,S10_7,7,ascending,diverging,0.412,6.38255,low,other,3068.72,3069.45,3062.34,LOSS,-0.5,1,0
219,S10_7,7,ascending,diverging,0.412,6.38255,low,other,3068.72,3069.45,3062.34,LOSS,-0.5,1,0
219,S10_7,7,ascending,diverging,0.412,6.38255,low,other,3068.72,3069.45,3062.34,LOSS,-0.5,1,0
219,S10_7,7,ascending,diverging,0.412,6.38255,low,other,3068.72,3069.45,3062.34,LOSS,-0.5,1,0
219,S10_7,7,ascending,diverging,0.412,6.38255,low,other,3068.72,3069.45,3062.34,LOSS,-0.5,1,0
219,S10_7,7,ascending,diverging,0.412,6.38255,low,other,3068.72,3069.45,3062.34,LOSS,-0.5,1,0
220,S11_7,7,ascending,converging,0.5362,7.30951,high,other,3083.27,3088.08,3082.67,LOSS,-0.5,2,0
220,S11_7,7,ascending,converging,0.5362,7.30951,high,other,3083.27,3088.08,3082.67,LOSS,-0.5,2,0
220,S11_7,7,ascending,converging,0.5362,7.30951,high,other,3083.27,3088.08,3082.67,LOSS,-0.5,2,0
220,S11_7,7,ascending,converging,0.5362,7.30951,high,other,3083.27,3088.08,3082.67,LOSS,-0.5,2,0
220,S11_7,7,ascending,converging,0.5362,7.30951,high,other,3083.27,3088.08,3082.67,LOSS,-0.5,2,0
220,S11_7,7,ascending,converging,0.5362,7.30951,high,other,3083.27,3088.08,3082.67,LOSS,-0.5,2,0
228,S12_7,7,ascending,diverging,0.4122,7.33524,high,london,3061.73,3065.0,3057.98,LOSS,-0.5,5,0
228,S12_7,7,ascending,diverging,0.4122,7.33524,high,london,3061.73,3065.0,3057.98,LOSS,-0.5,1,0
228,S12_7,7,ascending,diverging,0.4122,7.33524,high,london,3061.73,3065.0,3057.98,LOSS,-0.5,1,0
228,S12_7,7,ascending,diverging,0.4122,7.33524,high,london,3061.73,3065.0,3057.98,LOSS,-0.5,1,0
228,S12_7,7,ascending,diverging,0.4122,7.33524,high,london,3061.73,3065.0,3057.98,LOSS,-0.5,1,0
228,S12_7,7,ascending,diverging,0.4122,7.33524,high,london,3061.73,3065.0,3057.98,LOSS,-0.5,1,0
235,S13_7,7,ascending,converging,0.4152,6.81201,high,other,3078.23,3079.08,3076.54,LOSS,-0.5,3,0
235,S13_7,7,ascending,converging,0.4152,6.81201,high,other,3078.23,3079.08,3076.54,LOSS,-0.5,9,0
235,S13_7,7,ascending,converging,0.4152,6.81201,high,other,3078.23,3079.08,3076.54,LOSS,-0.5,9,0
235,S13_7,7,ascending,converging,0.4152,6.81201,high,other,3078.23,3079.08,3076.54,LOSS,-0.5,9,0
235,S13_7,7,ascending,converging,0.4152,6.81201,high,other,3078.23,3079.08,3076.54,LOSS,-0.5,9,0
235,S13_7,7,ascending,converging,0.4152,6.81201,high,other,3078.23,3079.08,3076.54,LOSS,-0.5,9,0
247,S14_7,7,ascending,converging,0.142,6.10496,low,other,3058.3,3058.55,3057.4,LOSS,-0.5,3,0
247,S14_7,7,ascending,converging,0.142,6.10496,low,other,3058.3,3058.55,3057.4,LOSS,-0.5,3,0
247,S14_7,7,ascending,converging,0.142,6.10496,low,other,3058.3,3058.55,3057.4,LOSS,-0.5,3,0
247,S14_7,7,ascending,converging,0.142,6.10496,low,other,3058.3,3058.55,3057.4,LOSS,-0.5,2,0
247,S14_7,7,ascending,converging,0.142,6.10496,low,other,3058.3,3058.55,3057.4,LOSS,-0.5,2,0
247,S14_7,7,ascending,converging,0.142,6.10496,low,other,3058.3,3058.55,3057.4,LOSS,-0.5,2,0
253,S15_7,7,ascending,diverging,0.8,7.31518,high,london,3090.78,3092.48,3085.6,LOSS,-0.5,8,0
253,S15_7,7,ascending,diverging,0.8,7.31518,high,london,3090.78,3092.48,3085.6,LOSS,-0.5,8,0
253,S15_7,7,ascending,diverging,0.8,7.31518,high,london,3090.78,3092.48,3085.6,LOSS,-0.5,8,0
253,S15_7,7,ascending,diverging,0.8,7.31518,high,london,3090.78,3092.48,3085.6,LOSS,-0.5,8,0
253,S15_7,7,ascending,diverging,0.8,7.31518,high,london,3090.78,3092.48,3085.6,LOSS,-0.5,8,0
253,S15_7,7,ascending,diverging,0.8,7.31518,high,london,3090.78,3092.48,3085.6,LOSS,-0.5,8,0
268,S16_7,7,ascending,diverging,0.1203,8.27025,high,other,3051.07,3053.11,3048.47,LOSS,-0.5,0,0
268,S16_7,7,ascending,diverging,0.1203,8.27025,high,other,3051.07,3053.11,3048.47,LOSS,-0.5,0,0
268,S16_7,7,ascending,diverging,0.1203,8.27025,high,other,3051.07,3053.11,3048.47,LOSS,-0.5,0,0
268,S16_7,7,ascending,diverging,0.1203,8.27025,high,other,3051.07,3053.11,3048.47,LOSS,-0.5,0,0
268,S16_7,7,ascending,diverging,0.1203,8.27025,high,other,3051.07,3053.11,3048.47,LOSS,-0.5,0,0
268,S16_7,7,ascending,diverging,0.1203,8.27025,high,other,3051.07,3053.11,3048.47,WIN,3.0,15,1
284,S17_7,7,ascending,diverging,0.1449,7.38714,high,other,3076.38,3076.74,3075.57,LOSS,-0.5,2,0
284,S17_7,7,ascending,diverging,0.1449,7.38714,high,other,3076.38,3076.74,3075.57,LOSS,-0.5,7,0
284,S17_7,7,ascending,diverging,0.1449,7.38714,high,other,3076.38,3076.74,3075.57,LOSS,-0.5,2,0
284,S17_7,7,ascending,diverging,0.1449,7.38714,high,other,3076.38,3076.74,3075.57,LOSS,-0.5,7,0
284,S17_7,7,ascending,diverging,0.1449,7.38714,high,other,3076.38,3076.74,3075.57,LOSS,-0.5,2,0
284,S17_7,7,ascending,diverging,0.1449,7.38714,high,other,3076.38,3076.74,3075.57,LOSS,-0.5,7,0
292,S18_7,7,descending,converging,0.2581,6.32583,low,other,3059.52,3060.62,3058.95,WIN,3.0,10,1
292,S18_7,7,descending,converging,0.2581,6.32583,low,other,3059.52,3060.62,3058.95,LOSS,-0.5,3,0
292,S18_7,7,descending,converging,0.2581,6.32583,low,other,3059.52,3060.62,3058.95,WIN,3.0,10,1
292,S18_7,7,descending,converging,0.2581,6.32583,low,other,3059.52,3060.62,3058.95,LOSS,-0.5,3,0
292,S18_7,7,descending,converging,0.2581,6.32583,low,other,3059.52,3060.62,3058.95,WIN,3.0,10,1
292,S18_7,7,descending,converging,0.2581,6.32583,low,other,3059.52,3060.62,3058.95,LOSS,-0.5,3,0
323,S19_7,7,ascending,diverging,0.7125,5.97645,low,london,3135.01,3139.3,3134.14,LOSS,-0.5,1,0
323,S19_7,7,ascending,diverging,0.7125,5.97645,low,london,3135.01,3139.3,3134.14,LOSS,-0.5,1,0
323,S19_7,7,ascending,diverging,0.7125,5.97645,low,london,3135.01,3139.3,3134.14,LOSS,-0.5,1,0
323,S19_7,7,ascending,diverging,0.7125,5.97645,low,london,3135.01,3139.3,3134.14,LOSS,-0.5,1,0
323,S19_7,7,ascending,diverging,0.7125,5.97645,low,london,3135.01,3139.3,3134.14,LOSS,-0.5,1,0
323,S19_7,7,ascending,diverging,0.7125,5.97645,low,london,3135.01,3139.3,3134.14,LOSS,-0.5,1,0
333,S20_7,7,ascending,converging,0.417,5.78763,low,other,3134.83,3139.25,3131.15,LOSS,-0.5,2,0
333,S20_7,7,ascending,converging,0.417,5.78763,low,other,3134.83,3139.25,3131.15,LOSS,-0.5,2,0
333,S20_7,7,ascending,converging,0.417,5.78763,low,other,3134.83,3139.25,3131.15,LOSS,-0.5,2,0
333,S20_7,7,ascending,converging,0.417,5.78763,low,other,3134.83,3139.25,3131.15,LOSS,-0.5,2,0
333,S20_7,7,ascending,converging,0.417,5.78763,low,other,3134.83,3139.25,3131.15,LOSS,-0.5,2,0
333,S20_7,7,ascending,converging,0.417,5.78763,low,other,3134.83,3139.25,3131.15,LOSS,-0.5,2,0
335,S21_7,7,ascending,converging,0.5314,5.73684,low,other,3140.65,3143.39,3139.95,LOSS,-0.5,3,0
335,S21_7,7,ascending,converging,0.5314,5.73684,low,other,3140.65,3143.39,3139.95,LOSS,-0.5,3,0
335,S21_7,7,ascending,converging,0.5314,5.73684,low,other,3140.65,3143.39,3139.95,LOSS,-0.5,3,0
335,S21_7,7,ascending,converging,0.5314,5.73684,low,other,3140.65,3143.39,3139.95,LOSS,-0.5,3,0
335,S21_7,7,ascending,converging,0.5314,5.73684,low,other,3140.65,3143.39,3139.95,LOSS,-0.5,3,0
335,S21_7,7,ascending,converging,0.5314,5.73684,low,other,3140.65,3143.39,3139.95,LOSS,-0.5,3,0
348,S22_7,7,ascending,diverging,0.0699,5.75416,low,london,3107.53,3108.83,3105.68,LOSS,-0.5,2,0
348,S22_7,7,ascending,diverging,0.0699,5.75416,low,london,3107.53,3108.83,3105.68,LOSS,-0.5,2,0
348,S22_7,7,ascending,diverging,0.0699,5.75416,low,london,3107.53,3108.83,3105.68,WIN,3.0,3,1
348,S22_7,7,ascending,diverging,0.0699,5.75416,low,london,3107.53,3108.83,3105.68,WIN,3.0,3,1
348,S22_7,7,ascending,diverging,0.0699,5.75416,low,london,3107.53,3108.83,3105.68,WIN,3.0,3,1
348,S22_7,7,ascending,diverging,0.0699,5.75416,low,london,3107.53,3108.83,3105.68,WIN,3.0,3,1
353,S23_7,7,ascending,converging,0.6021,5.71243,low,other,3123.23,3126.35,3121.23,LOSS,-0.5,7,0
353,S23_7,7,ascending,converging,0.6021,5.71243,low,other,3123.23,3126.35,3121.23,LOSS,-0.5,7,0
353,S23_7,7,ascending,converging,0.6021,5.71243,low,other,3123.23,3126.35,3121.23,LOSS,-0.5,7,0
353,S23_7,7,ascending,converging,0.6021,5.71243,low,other,3123.23,3126.35,3121.23,LOSS,-0.5,0,0
353,S23_7,7,ascending,converging,0.6021,5.71243,low,other,3123.23,3126.35,3121.23,LOSS,-0.5,0,0
353,S23_7,7,ascending,converging,0.6021,5.71243,low,other,3123.23,3126.35,3121.23,LOSS,-0.5,0,0
359,S24_7,7,ascending,converging,0.3726,5.82913,low,other,3113.67,3116.09,3110.92,WIN,3.0,7,1
359,S24_7,7,ascending,converging,0.3726,5.82913,low,other,3113.67,3116.09,3110.92,LOSS,-0.5,1,0
359,S24_7,7,ascending,converging,0.3726,5.82913,low,other,3113.67,3116.09,3110.92,LOSS,-0.5,1,0
359,S24_7,7,ascending,converging,0.3726,5.82913,low,other,3113.67,3116.09,3110.92,LOSS,-0.5,1,0
359,S24_7,7,ascending,converging,0.3726,5.82913,low,other,3113.67,3116.09,3110.92,WIN,3.0,7,1
359,S24_7,7,ascending,converging,0.3726,5.82913,low,other,3113.67,3116.09,3110.92,WIN,3.0,7,1
378,S25_7,7,ascending,converging,0.232,7.16842,high,other,3181.08,3183.51,3179.6,LOSS,-0.5,1,0
378,S25_7,7,ascending,converging,0.232,7.16842,high,other,3181.08,3183.51,3179.6,LOSS,-0.5,1,0
378,S25_7,7,ascending,converging,0.232,7.16842,high,other,3181.08,3183.51,3179.6,LOSS,-0.5,1,0
378,S25_7,7,ascending,converging,0.232,7.16842,high,other,3181.08,3183.51,3179.6,LOSS,-0.5,1,0
378,S25_7,7,ascending,converging,0.232,7.16842,high,other,3181.08,3183.51,3179.6,LOSS,-0.5,1,0
378,S25_7,7,ascending,converging,0.232,7.16842,high,other,3181.08,3183.51,3179.6,LOSS,-0.5,1,0
384,S26_7,7,ascending,diverging,0.1129,7.16919,high,other,3147.19,3147.46,3144.38,WIN,3.0,3,1
384,S26_7,7,ascending,diverging,0.1129,7.16919,high,other,3147.19,3147.46,3144.38,WIN,3.0,3,1
384,S26_7,7,ascending,diverging,0.1129,7.16919,high,other,3147.19,3147.46,3144.38,WIN,3.0,3,1
384,S26_7,7,ascending,diverging,0.1129,7.16919,high,other,3147.19,3147.46,3144.38,WIN,3.0,3,1
384,S26_7,7,ascending,diverging,0.1129,7.16919,high,other,3147.19,3147.46,3144.38,WIN,3.0,3,1
384,S26_7,7,ascending,diverging,0.1129,7.16919,high,other,3147.19,3147.46,3144.38,WIN,3.0,3,1
399,S27_7,7,ascending,diverging,0.6434,7.52553,high,london,3179.27,3179.47,3177.76,LOSS,-0.5,16,0
399,S27_7,7,ascending,diverging,0.6434,7.52553,high,london,3179.27,3179.47,3177.76,LOSS,-0.5,1,0
399,S27_7,7,ascending,diverging,0.6434,7.52553,high,london,3179.27,3179.47,3177.76,LOSS,-0.5,1,0
399,S27_7,7,ascending,diverging,0.6434,7.52553,high,london,3179.27,3179.47,3177.76,LOSS,-0.5,1,0
399,S27_7,7,ascending,diverging,0.6434,7.52553,high,london,3179.27,3179.47,3177.76,LOSS,-0.5,1,0
399,S27_7,7,ascending,diverging,0.6434,7.52553,high,london,3179.27,3179.47,3177.76,LOSS,-0.5,1,0
412,S28_7,7,ascending,converging,0.0345,6.84601,high,other,3154.94,3157.11,3151.78,LOSS,-0.5,46,0
412,S28_7,7,ascending,converging,0.0345,6.84601,high,other,3154.94,3157.11,3151.78,LOSS,-0.5,3,0
412,S28_7,7,ascending,converging,0.0345,6.84601,high,other,3154.94,3157.11,3151.78,LOSS,-0.5,46,0
412,S28_7,7,ascending,converging,0.0345,6.84601,high,other,3154.94,3157.11,3151.78,LOSS,-0.5,46,0
412,S28_7,7,ascending,converging,0.0345,6.84601,high,other,3154.94,3157.11,3151.78,LOSS,-0.5,46,0
412,S28_7,7,ascending,converging,0.0345,6.84601,high,other,3154.94,3157.11,3151.78,LOSS,-0.5,46,0
428,S29_7,7,ascending,diverging,0.8297,7.06948,high,other,3230.97,3231.1,3230.64,LOSS,-0.5,1,0
428,S29_7,7,ascending,diverging,0.8297,7.06948,high,other,3230.97,3231.1,3230.64,LOSS,-0.5,1,0
428,S29_7,7,ascending,diverging,0.8297,7.06948,high,other,3230.97,3231.1,3230.64,LOSS,-0.5,1,0
428,S29_7,7,ascending,diverging,0.8297,7.06948,high,other,3230.97,3231.1,3230.64,LOSS,-0.5,1,0
428,S29_7,7,ascending,diverging,0.8297,7.06948,high,other,3230.97,3231.1,3230.64,LOSS,-0.5,1,0
428,S29_7,7,ascending,diverging,0.8297,7.06948,high,other,3230.97,3231.1,3230.64,LOSS,-0.5,1,0
431,S30_7,7,ascending,diverging,0.6311,8.1341,high,other,3199.9,3200.19,3197.08,LOSS,-0.5,11,0
431,S30_7,7,ascending,diverging,0.6311,8.1341,high,other,3199.9,3200.19,3197.08,LOSS,-0.5,11,0
431,S30_7,7,ascending,diverging,0.6311,8.1341,high,other,3199.9,3200.19,3197.08,LOSS,-0.5,11,0
431,S30_7,7,ascending,diverging,0.6311,8.1341,high,other,3199.9,3200.19,3197.08,LOSS,-0.5,11,0
431,S30_7,7,ascending,diverging,0.6311,8.1341,high,other,3199.9,3200.19,3197.08,LOSS,-0.5,11,0
431,S30_7,7,ascending,diverging,0.6311,8.1341,high,other,3199.9,3200.19,3197.08,LOSS,-0.5,11,0
436,S31_7,7,ascending,converging,0.2613,7.92363,high,other,3224.98,3225.41,3223.08,WIN,3.0,7,1
436,S31_7,7,ascending,converging,0.2613,7.92363,high,other,3224.98,3225.41,3223.08,LOSS,-0.5,1,0
436,S31_7,7,ascending,converging,0.2613,7.92363,high,other,3224.98,3225.41,3223.08,LOSS,-0.5,1,0
436,S31_7,7,ascending,converging,0.2613,7.92363,high,other,3224.98,3225.41,3223.08,LOSS,-0.5,1,0
436,S31_7,7,ascending,converging,0.2613,7.92363,high,other,3224.98,3225.41,3223.08,LOSS,-0.5,1,0
436,S31_7,7,ascending,converging,0.2613,7.92363,high,other,3224.98,3225.41,3223.08,LOSS,-0.5,1,0
459,S32_7,7,descending,diverging,0.11,6.53929,high,other,3158.71,3163.89,3157.37,TIMEOUT,0.0,50,0
459,S32_7,7,descending,diverging,0.11,6.53929,high,other,3158.71,3163.89,3157.37,TIMEOUT,0.0,50,0
459,S32_7,7,descending,diverging,0.11,6.53929,high,other,3158.71,3163.89,3157.37,TIMEOUT,0.0,50,0
459,S32_7,7,descending,diverging,0.11,6.53929,high,other,3158.71,3163.89,3157.37,TIMEOUT,0.0,50,0
459,S32_7,7,descending,diverging,0.11,6.53929,high,other,3158.71,3163.89,3157.37,TIMEOUT,0.0,50,0
459,S32_7,7,descending,diverging,0.11,6.53929,high,other,3158.71,3163.89,3157.37,TIMEOUT,0.0,50,0
467,S33_7,7,ascending,converging,0.1786,5.61379,low,london,3177.42,3179.37,3173.92,TIMEOUT,0.0,50,0
467,S33_7,7,ascending,converging,0.1786,5.61379,low,london,3177.42,3179.37,3173.92,TIMEOUT,0.0,50,0
467,S33_7,7,ascending,converging,0.1786,5.61379,low,london,3177.42,3179.37,3173.92,TIMEOUT,0.0,50,0
467,S33_7,7,ascending,converging,0.1786,5.61379,low,london,3177.42,3179.37,3173.92,TIMEOUT,0.0,50,0
467,S33_7,7,ascending,converging,0.1786,5.61379,low,london,3177.42,3179.37,3173.92,TIMEOUT,0.0,50,0
467,S33_7,7,ascending,converging,0.1786,5.61379,low,london,3177.42,3179.37,3173.92,TIMEOUT,0.0,50,0
472,S34_7,7,descending,diverging,0.2059,6.68067,high,other,3146.13,3147.02,3143.95,TIMEOUT,0.0,50,0
472,S34_7,7,descending,diverging,0.2059,6.68067,high,other,3146.13,3147.02,3143.95,TIMEOUT,0.0,50,0
472,S34_7,7,descending,diverging,0.2059,6.68067,high,other,3146.13,3147.02,3143.95,TIMEOUT,0.0,50,0
472,S34_7,7,descending,diverging,0.2059,6.68067,high,other,3146.13,3147.02,3143.95,TIMEOUT,0.0,50,0
472,S34_7,7,descending,diverging,0.2059,6.68067,high,other,3146.13,3147.02,3143.95,TIMEOUT,0.0,50,0
472,S34_7,7,descending,diverging,0.2059,6.68067,high,other,3146.13,3147.02,3143.95,TIMEOUT,0.0,50,0
480,S35_7,7,ascending,converging,0.0918,7.62166,high,other,3197.65,3198.98,3196.52,TIMEOUT,0.0,50,0
480,S35_7,7,ascending,converging,0.0918,7.62166,high,other,3197.65,3198.98,3196.52,TIMEOUT,0.0,50,0
480,S35_7,7,ascending,converging,0.0918,7.62166,high,other,3197.65,3198.98,3196.52,TIMEOUT,0.0,50,0
480,S35_7,7,ascending,converging,0.0918,7.62166,high,other,3197.65,3198.98,3196.52,TIMEOUT,0.0,50,0
480,S35_7,7,ascending,converging,0.0918,7.62166,high,other,3197.65,3198.98,3196.52,TIMEOUT,0.0,50,0
480,S35_7,7,ascending,converging,0.0918,7.62166,high,other,3197.65,3198.98,3196.52,TIMEOUT,0.0,50,0
487,S36_7,7,descending,diverging,0.435,7.86009,high,other,3160.04,3161.25,3158.85,TIMEOUT,0.0,50,0
487,S36_7,7,descending,diverging,0.435,7.86009,high,other,3160.04,3161.25,3158.85,TIMEOUT,0.0,50,0
487,S36_7,7,descending,diverging,0.435,7.86009,high,other,3160.04,3161.25,3158.85,TIMEOUT,0.0,50,0
487,S36_7,7,descending,diverging,0.435,7.86009,high,other,3160.04,3161.25,3158.85,TIMEOUT,0.0,50,0
487,S36_7,7,descending,diverging,0.435,7.86009,high,other,3160.04,3161.25,3158.85,TIMEOUT,0.0,50,0
487,S36_7,7,descending,diverging,0.435,7.86009,high,other,3160.04,3161.25,3158.85,TIMEOUT,0.0,50,0
