bar_index,sequence_id,n_legs,trend,shape,efficiency_ratio,atr_at_event,volatility_regime,session,close_price,high_price,low_price,label_outcome,label_pnl_atr,label_bars_to_outcome,label_win,regime_viterbi,regime_smoothed_prob,regime_prob_BREAKOUT,regime_prob_PULLBACK,regime_prob_CHOPZONE,regime_prob_COMPRESSION
32,S0_2,2,descending,converging,0.303,6.16727,low,london,2983.5,2986.63,2983.06,LOSS,-0.5,1,0,PULLBACK,0.9720705388959859,0.0031697279341728725,0.9720705388959859,0.019502369457628295,0.005257363712213013
38,S1_2,2,descending,diverging,0.4445,6.78499,high,london,2958.34,2959.22,2958.0,LOSS,-0.5,1,0,BREAKOUT,0.5344336642390058,0.5344336642390058,0.4655663311476219,4.3745469637266865e-09,2.388251370888395e-10
38,S1_2,2,descending,diverging,0.4445,6.78499,high,london,2958.34,2959.22,2958.0,LOSS,-0.5,1,0,BREAKOUT,0.739110781356159,0.739110781356159,0.2608892165017761,2.0120826418208426e-09,1.2998220150702826e-10
59,S2_2,2,descending,converging,0.968,6.02187,low,london,2962.56,2964.79,2959.04,LOSS,-0.5,5,0,BREAKOUT,0.8188629634833787,0.8188629634833787,0.1811370349223378,1.4974001499108085e-09,9.68832858682877e-11
59,S2_2,2,descending,converging,0.968,6.02187,low,london,2962.56,2964.79,2959.04,LOSS,-0.5,5,0,BREAKOUT,0.8488777355911918,0.8488777355911918,0.1511222630227144,1.301552146369424e-09,8.454150635996326e-11
59,S2_2,2,descending,converging,0.968,6.02187,low,london,2962.56,2964.79,2959.04,LOSS,-0.5,5,0,BREAKOUT,0.857451958706681,0.857451958706681,0.1425480399720974,1.239900037001839e-09,8.132147085912565e-11
63,S3_2,2,descending,diverging,2.6118,5.97709,low,london,2946.21,2947.1,2944.86,LOSS,-0.5,1,0,BREAKOUT,0.8526691058291644,0.8526691058291644,0.14733089283232775,1.2543204029616693e-09,8.418744427032975e-11
63,S3_2,2,descending,diverging,2.6118,5.97709,low,london,2946.21,2947.1,2944.86,LOSS,-0.5,1,0,BREAKOUT,0.8300200731512923,0.8300200731512923,0.16997992539445805,1.358408253068653e-09,9.584136452710039e-11
63,S3_2,2,descending,diverging,2.6118,5.97709,low,london,2946.21,2947.1,2944.86,LOSS,-0.5,1,0,BREAKOUT,0.7681521571515616,0.7681521571515616,0.2318478410708722,1.650295956886169e-09,1.2727016486527045e-10
63,S3_2,2,descending,diverging,2.6118,5.97709,low,london,2946.21,2947.1,2944.86,LOSS,-0.5,1,0,BREAKOUT,0.6087384738933647,0.6087384738933647,0.39126148257404,4.2722818210620956e-08,8.097771899946227e-10
73,S4_2,2,ascending,diverging,0.7117,6.40753,low,other,2986.22,2989.08,2985.33,LOSS,-0.5,5,0,CHOPZONE,0.7986358964702681,5.750402175910936e-08,0.19724953453511068,0.7986358964702681,0.004114511490599505
73,S4_2,2,ascending,diverging,0.7117,6.40753,low,other,2986.22,2989.08,2985.33,LOSS,-0.5,5,0,CHOPZONE,0.940970418516902,3.262900481646486e-09,0.05720015851859839,0.940970418516902,0.001829419701599236
73,S4_2,2,ascending,diverging,0.7117,6.40753,low,other,2986.22,2989.08,2985.33,LOSS,-0.5,5,0,CHOPZONE,0.9729899299901377,1.8203192309294566e-09,0.025573778750117727,0.9729899299901377,0.0014362894394254137
73,S4_2,2,ascending,diverging,0.7117,6.40753,low,other,2986.22,2989.08,2985.33,LOSS,-0.5,5,0,CHOPZONE,0.980637744297086,1.4695401983061545e-09,0.018020663774431272,0.980637744297086,0.0013415904589425454
73,S4_2,2,ascending,diverging,0.7117,6.40753,low,other,2986.22,2989.08,2985.33,LOSS,-0.5,1,0,CHOPZONE,0.9843517396026181,1.2725139447127579e-09,0.01437011479632619,0.9843517396026181,0.0012781443285417254
79,S5_2,2,ascending,converging,0.2507,6.64234,high,other,2964.77,2968.54,2963.47,LOSS,-0.5,15,0,CHOPZONE,0.9949265222610483,2.767122502115472e-10,0.005049545491803762,0.9949265222610483,2.3931970435712466e-05
79,S5_2,2,ascending,converging,0.2507,6.64234,high,other,2964.77,2968.54,2963.47,LOSS,-0.5,1,0,CHOPZONE,0.9952211132488873,2.7285169930650937e-10,0.004755264631831973,0.9952211132488873,2.362184642902398e-05
79,S5_2,2,ascending,converging,0.2507,6.64234,high,other,2964.77,2968.54,2963.47,LOSS,-0.5,15,0,CHOPZONE,0.9893398031712345,5.097763480238567e-10,0.010630591752773946,0.9893398031712345,2.9604566215292846e-05
79,S5_2,2,ascending,converging,0.2507,6.64234,high,other,2964.77,2968.54,2963.47,LOSS,-0.5,1,0,CHOPZONE,0.9155446563322687,3.4744826013129013e-09,0.08435103620458509,0.9155446563322687,0.00010430398866367464
79,S5_2,2,ascending,converging,0.2507,6.64234,high,other,2964.77,2968.54,2963.47,LOSS,-0.5,1,0,PULLBACK,0.9999239443665796,1.0654460652903103e-05,0.9999239443665796,4.600815103918809e-05,1.9393021728387483e-05
79,S5_2,2,ascending,converging,0.2507,6.64234,high,other,2964.77,2968.54,2963.47,LOSS,-0.5,1,0,PULLBACK,0.9999904929262282,4.752251341711567e-06,0.9999904929262282,1.7838525023333857e-06,2.970969927712255e-06
82,S6_2,2,descending,converging,0.4555,6.75174,high,london,2975.25,2978.42,2973.48,LOSS,-0.5,6,0,PULLBACK,0.9999994740369715,2.629817582256839e-07,0.9999994740369715,9.861893770531249e-08,1.643623324945783e-07
82,S6_2,2,descending,converging,0.4555,6.75174,high,london,2975.25,2978.42,2973.48,LOSS,-0.5,1,0,PULLBACK,0.9999994740604335,2.629698064165066e-07,0.9999994740604335,9.861377257106767e-08,1.6435598745232126e-07
82,S6_2,2,descending,converging,0.4555,6.75174,high,london,2975.25,2978.42,2973.48,LOSS,-0.5,1,0,PULLBACK,0.999999585056659,2.0747168711406563e-07,0.999999585056659,7.780194865146757e-08,1.296697051689034e-07
82,S6_2,2,descending,converging,0.4555,6.75174,high,london,2975.25,2978.42,2973.48,LOSS,-0.5,1,0,PULLBACK,0.9999996700755747,1.6496220964453014e-07,0.9999996700755747,6.186089212058724e-08,1.031013236062687e-07
82,S6_2,2,descending,converging,0.4555,6.75174,high,london,2975.25,2978.42,2973.48,LOSS,-0.5,6,0,PULLBACK,0.9999997200456318,1.3215663339660608e-07,0.9999997200456318,6.519985996957555e-08,8.259787489985191e-08
82,S6_2,2,descending,converging,0.4555,6.75174,high,london,2975.25,2978.42,2973.48,LOSS,-0.5,1,0,PULLBACK,0.9999997193166517,1.0542183121592369e-07,0.9999997193166517,1.0933056322497593e-07,6.593095381062274e-08
104,S7_2,2,descending,diverging,0.8871,5.78199,low,london,2950.75,2953.55,2949.19,LOSS,-0.5,1,0,PULLBACK,0.9994886395501448,3.1343998254656717e-06,0.9994886395501448,0.0005078039278810183,4.221221488270063e-07
104,S7_2,2,descending,diverging,0.8871,5.78199,low,london,2950.75,2953.55,2949.19,LOSS,-0.5,1,0,PULLBACK,0.9995152381700008,3.204684437859118e-06,0.9995152381700008,0.00048119054918016515,3.665963812976663e-07
104,S7_2,2,descending,diverging,0.8871,5.78199,low,london,2950.75,2953.55,2949.19,WIN,3.0,8,1,PULLBACK,0.999128199586281,3.1752689877121274e-05,0.999128199586281,0.0008396742124821718,3.7351135972172365e-07
104,S7_2,2,descending,diverging,0.8871,5.78199,low,london,2950.75,2953.55,2949.19,LOSS,-0.5,1,0,BREAKOUT,0.9169875651098689,0.9169875651098689,0.08301243468296216,1.020134901131805e-10,1.051553983043466e-10
104,S7_2,2,descending,diverging,0.8871,5.78199,low,london,2950.75,2953.55,2949.19,LOSS,-0.5,1,0,BREAKOUT,0.9801445142363062,0.9801445142363062,0.019855485703824564,2.7451291842378126e-11,3.241798632004423e-11
104,S7_2,2,descending,diverging,0.8871,5.78199,low,london,2950.75,2953.55,2949.19,LOSS,-0.5,1,0,BREAKOUT,0.9265905329380796,0.9265905329380796,0.07340946685099208,7.909814185079724e-11,1.3183013237672816e-10
125,S8_2,2,ascending,diverging,0.3306,7.37404,high,other,2996.76,2997.91,2995.6,LOSS,-0.5,1,0,PULLBACK,0.9999943116104362,5.572057783080437e-06,0.9999943116104362,4.362443561924945e-08,7.270734510265489e-08
125,S8_2,2,ascending,diverging,0.3306,7.37404,high,other,2996.76,2997.91,2995.6,LOSS,-0.5,1,0,PULLBACK,0.9999994350754265,5.054316257800155e-07,0.9999994350754265,2.230987244827251e-08,3.7183075333145453e-08
125,S8_2,2,ascending,diverging,0.3306,7.37404,high,other,2996.76,2997.91,2995.6,LOSS,-0.5,1,0,PULLBACK,0.9999994733152308,4.62920587117312e-07,0.9999994733152308,3.3670904933318466e-08,3.009327720594466e-08
125,S8_2,2,ascending,diverging,0.3306,7.37404,high,other,2996.76,2997.91,2995.6,LOSS,-0.5,1,0,PULLBACK,0.999999498175065,4.244206128856985e-07,0.999999498175065,5.2887092703613764e-08,2.4517229487037172e-08
125,S8_2,2,ascending,diverging,0.3306,7.37404,high,other,2996.76,2997.91,2995.6,LOSS,-0.5,1,0,PULLBACK,0.9999995081736022,3.8949737621225094e-07,0.9999995081736022,8.222553852765288e-08,2.010348311002915e-08
125,S8_2,2,ascending,diverging,0.3306,7.37404,high,other,2996.76,2997.91,2995.6,LOSS,-0.5,1,0,PULLBACK,0.9999994990361176,3.5778791197819835e-07,0.9999994990361176,1.2658761477162457e-07,1.6588355738425013e-08
147,S9_2,2,ascending,converging,0.2116,7.42722,high,other,2965.59,2965.67,2964.68,WIN,3.0,16,1,PULLBACK,0.9999936209804917,4.853286984474835e-07,0.9999936209804917,5.5903459943721484e-06,3.0334481549253585e-07
147,S9_2,2,ascending,converging,0.2116,7.42722,high,other,2965.59,2965.67,2964.68,LOSS,-0.5,2,0,PULLBACK,0.9999839936799183,3.226587945701438e-07,0.9999839936799183,1.5481971640764357e-05,2.0168964631541272e-07
147,S9_2,2,ascending,converging,0.2116,7.42722,high,other,2965.59,2965.67,2964.68,WIN,3.0,16,1,PULLBACK,0.9999637705988521,2.3314118704981446e-07,0.9999637705988521,3.585049932259332e-05,1.4576063826815384e-07
147,S9_2,2,ascending,converging,0.2116,7.42722,high,other,2965.59,2965.67,2964.68,LOSS,-0.5,2,0,PULLBACK,0.9999193626759397,1.7249918153321977e-07,0.9999193626759397,8.035693551994314e-05,1.0788935892125422e-07
147,S9_2,2,ascending,converging,0.2116,7.42722,high,other,2965.59,2965.67,2964.68,WIN,3.0,16,1,PULLBACK,0.999825032217117,1.306078004848324e-07,0.999825032217117,0.00017475541935385477,8.175572859824962e-08
147,S9_2,2,ascending,converging,0.2116,7.42722,high,other,2965.59,2965.67,2964.68,LOSS,-0.5,2,0,PULLBACK,0.9996279525187837,1.0114542172105261e-07,0.9996279525187837,0.00037188287065733386,6.346513720585561e-08
167,S10_2,2,ascending,diverging,0.3292,7.35579,high,other,3010.99,3014.47,3009.23,LOSS,-0.5,1,0,PULLBACK,0.9990065414913424,1.9722792261878436e-07,0.9990065414913424,0.000993128132833178,1.331479018434497e-07
167,S10_2,2,ascending,diverging,0.3292,7.35579,high,other,3010.99,3014.47,3009.23,LOSS,-0.5,1,0,PULLBACK,0.9968789538502549,1.704351813753674e-07,0.9968789538502549,0.003120416122685235,4.595918784813792e-07
167,S10_2,2,ascending,diverging,0.3292,7.35579,high,other,3010.99,3014.47,3009.23,LOSS,-0.5,1,0,PULLBACK,0.9596899267017454,1.1877844267722876e-07,0.9596899267017454,0.04029923689517923,1.0717624632736306e-05
167,S10_2,2,ascending,diverging,0.3292,7.35579,high,other,3010.99,3014.47,3009.23,LOSS,-0.5,1,0,PULLBACK,0.7383020469212995,6.861372712449924e-08,0.7383020469212995,0.26153014633037036,0.00016773813460305644
167,S10_2,2,ascending,diverging,0.3292,7.35579,high,other,3010.99,3014.47,3009.23,LOSS,-0.5,1,0,CHOPZONE,0.6634523859984501,2.2464365182039175e-08,0.33559180210241085,0.6634523859984501,0.0009557894347737835
167,S10_2,2,ascending,diverging,0.3292,7.35579,high,other,3010.99,3014.47,3009.23,LOSS,-0.5,1,0,CHOPZONE,0.9030826608308052,4.38501792982739e-09,0.09115638970586382,0.9030826608308052,0.005760945078312998
172,S11_2,2,ascending,converging,0.4078,6.47456,high,other,2995.79,2996.72,2992.66,WIN,3.0,4,1,CHOPZONE,0.7702300751946146,1.497692775429332e-10,0.006547482617212889,0.7702300751946146,0.2232224420384032
172,S11_2,2,ascending,converging,0.4078,6.47456,high,other,2995.79,2996.72,2992.66,LOSS,-0.5,2,0,CHOPZONE,0.5962669635803175,6.367185828390182e-10,0.030528951794444033,0.5962669635803175,0.3732040839885199
172,S11_2,2,ascending,converging,0.4078,6.47456,high,other,2995.79,2996.72,2992.66,WIN,3.0,4,1,PULLBACK,0.9954406146042141,0.004557006081820483,0.9954406146042141,1.8636695735443645e-06,5.156443919282554e-07
172,S11_2,2,ascending,converging,0.4078,6.47456,high,other,2995.79,2996.72,2992.66,WIN,3.0,4,1,PULLBACK,0.9964751646462434,0.0035246602618717498,0.9964751646462434,1.3321901863061482e-07,4.187286632881599e-08
172,S11_2,2,ascending,converging,0.4078,6.47456,high,other,2995.79,2996.72,2992.66,WIN,3.0,4,1,PULLBACK,0.9955834164842141,0.004416408429328556,0.9955834164842141,1.4925775982560066e-07,2.5828697566368e-08
172,S11_2,2,ascending,converging,0.4078,6.47456,high,other,2995.79,2996.72,2992.66,WIN,3.0,4,1,PULLBACK,0.9934515383073359,0.006548280656949771,0.9934515383073359,1.650892543961304e-07,1.59464599351819e-08
180,S12_2,2,ascending,diverging,0.6775,6.68433,high,london,3034.34,3037.45,3031.11,LOSS,-0.5,1,0,PULLBACK,0.9734853262699695,0.02651454560543055,0.9734853262699695,1.2640447643781016e-07,1.7201234989272319e-09
180,S12_2,2,ascending,diverging,0.6775,6.68433,high,london,3034.34,3037.45,3031.11,LOSS,-0.5,1,0,PULLBACK,0.9592820246824804,0.04071786678873239,0.9592820246824804,1.072290887937085e-07,1.2996984485895939e-09
180,S12_2,2,ascending,diverging,0.6775,6.68433,high,london,3034.34,3037.45,3031.11,LOSS,-0.5,1,0,PULLBACK,0.9404874756421486,0.05951243303603413,0.9404874756421486,9.028600440244305e-08,1.0358128026799806e-09
180,S12_2,2,ascending,diverging,0.6775,6.68433,high,london,3034.34,3037.45,3031.11,LOSS,-0.5,1,0,PULLBACK,0.9081402901049384,0.09185964302818193,0.9081402901049384,6.609692965455466e-08,7.699499500746854e-10
180,S12_2,2,ascending,diverging,0.6775,6.68433,high,london,3034.34,3037.45,3031.11,LOSS,-0.5,1,0,PULLBACK,0.8678558496662371,0.1321441054618327,0.8678558496662371,4.428171708309073e-08,5.902131970143324e-10
180,S12_2,2,ascending,diverging,0.6775,6.68433,high,london,3034.34,3037.45,3031.11,LOSS,-0.5,1,0,PULLBACK,0.8448769084376075,0.15512248592821287,0.8448769084376075,6.033775487535424e-07,2.256630871984389e-09
199,S13_2,2,ascending,converging,0.2088,5.63555,low,other,3011.1,3011.26,3009.08,WIN,3.0,3,1,CHOPZONE,0.9951256040903849,6.415544197388103e-08,0.003778215970034435,0.9951256040903849,0.0010961157841387595
199,S13_2,2,ascending,converging,0.2088,5.63555,low,other,3011.1,3011.26,3009.08,LOSS,-0.5,1,0,CHOPZONE,0.9994690404741366,8.746256104009362e-10,0.0001369938083191275,0.9994690404741366,0.00039396484291859404
199,S13_2,2,ascending,converging,0.2088,5.63555,low,other,3011.1,3011.26,3009.08,WIN,3.0,3,1,CHOPZONE,0.9993966042764845,2.757649021467811e-10,0.00010391935528137285,0.9993966042764845,0.0004994760924692446
199,S13_2,2,ascending,converging,0.2088,5.63555,low,other,3011.1,3011.26,3009.08,WIN,3.0,3,1,CHOPZONE,0.9993358727223599,1.1159578737086821e-10,9.715931282579971e-05,0.9993358727223599,0.0005669678532185567
199,S13_2,2,ascending,converging,0.2088,5.63555,low,other,3011.1,3011.26,3009.08,WIN,3.0,3,1,CHOPZONE,0.9993353889054704,5.259540823477044e-11,0.00010897968461128569,0.9993353889054704,0.000555631357322991
199,S13_2,2,ascending,converging,0.2088,5.63555,low,other,3011.1,3011.26,3009.08,WIN,3.0,3,1,CHOPZONE,0.9982058830797297,1.5054397408461017e-10,0.000967050309606006,0.9982058830797297,0.0008270664601203342
203,S14_2,2,descending,converging,0.1352,5.94079,low,london,3030.76,3031.46,3029.31,LOSS,-0.5,4,0,CHOPZONE,0.7598733417543249,1.1515973418833258e-08,0.24010974386987244,0.7598733417543249,1.6902859829261188e-05
203,S14_2,2,descending,converging,0.1352,5.94079,low,london,3030.76,3031.46,3029.31,LOSS,-0.5,1,0,PULLBACK,0.849154155659099,5.511506982363756e-08,0.849154155659099,0.15084536818955122,4.210362799686026e-07
203,S14_2,2,descending,converging,0.1352,5.94079,low,london,3030.76,3031.46,3029.31,LOSS,-0.5,1,0,PULLBACK,0.9999933932031682,1.1626520026894372e-06,0.9999933932031682,4.336514879978783e-06,1.1076299492323986e-06
203,S14_2,2,descending,converging,0.1352,5.94079,low,london,3030.76,3031.46,3029.31,LOSS,-0.5,1,0,PULLBACK,0.9999964614155415,1.7692541309653196e-06,0.9999964614155415,6.635351945962711e-07,1.1057951328894593e-06
203,S14_2,2,descending,converging,0.1352,5.94079,low,london,3030.76,3031.46,3029.31,LOSS,-0.5,1,0,PULLBACK,0.99999352641191,3.2375196400112867e-06,0.99999352641191,1.2136103214304075e-06,2.022458128476917e-06
203,S14_2,2,descending,converging,0.1352,5.94079,low,london,3030.76,3031.46,3029.31,LOSS,-0.5,1,0,PULLBACK,0.9999335882929279,5.808529499195858e-05,0.9999335882929279,4.1590681402660155e-06,4.167343939882998e-06
219,S15_2,2,ascending,diverging,1.6429,6.38255,low,other,3068.72,3069.45,3062.34,LOSS,-0.5,1,0,BREAKOUT,0.9940196216913407,0.9940196216913407,0.0059803767624849935,7.723214425293338e-10,7.738528226048989e-10
219,S15_2,2,ascending,diverging,1.6429,6.38255,low,other,3068.72,3069.45,3062.34,LOSS,-0.5,1,0,BREAKOUT,0.9993949677070769,0.9993949677070769,0.0006050320629207313,1.1488627151536834e-10,1.1511598961049174e-10
219,S15_2,2,ascending,diverging,1.6429,6.38255,low,other,3068.72,3069.45,3062.34,LOSS,-0.5,1,0,BREAKOUT,0.9994240376745289,0.9994240376745289,0.0005759621025863734,1.1133109772023933e-10,1.1155370922970839e-10
219,S15_2,2,ascending,diverging,1.6429,6.38255,low,other,3068.72,3069.45,3062.34,LOSS,-0.5,1,0,BREAKOUT,0.9994241946001367,0.9994241946001367,0.0005758051770170545,1.113118960063224e-10,1.1153448947569575e-10
219,S15_2,2,ascending,diverging,1.6429,6.38255,low,other,3068.72,3069.45,3062.34,LOSS,-0.5,1,0,BREAKOUT,0.9994241426929,0.9994241426929,0.0005758570842407795,1.1131636511544851e-10,1.115427292678031e-10
219,S15_2,2,ascending,diverging,1.6429,6.38255,low,other,3068.72,3069.45,3062.34,LOSS,-0.5,1,0,BREAKOUT,0.9994143872872601,0.9994143872872601,0.0005856124874923646,1.1216197367082223e-10,1.1308561554739751e-10
220,S16_2,2,ascending,converging,1.3999,7.30951,high,other,3083.27,3088.08,3082.67,LOSS,-0.5,2,0,BREAKOUT,0.9976105085627331,0.9976105085627331,0.0023894914225745896,7.310931076884919e-12,7.381368763194372e-12
220,S16_2,2,ascending,converging,1.3999,7.30951,high,other,3083.27,3088.08,3082.67,LOSS,-0.5,2,0,BREAKOUT,0.9971532528068972,0.9971532528068972,0.00284674718101478,6.0008928310934756e-12,6.087290548781961e-12
220,S16_2,2,ascending,converging,1.3999,7.30951,high,other,3083.27,3088.08,3082.67,LOSS,-0.5,2,0,BREAKOUT,0.9957047993358378,0.9957047993358378,0.004295200656729807,3.672977825048002e-12,3.759466599234497e-12
220,S16_2,2,ascending,converging,1.3999,7.30951,high,other,3083.27,3088.08,3082.67,LOSS,-0.5,2,0,BREAKOUT,0.9928108413805099,0.9928108413805099,0.007189158614324147,2.5048495860598425e-12,2.661082923789665e-12
220,S16_2,2,ascending,converging,1.3999,7.30951,high,other,3083.27,3088.08,3082.67,LOSS,-0.5,2,0,BREAKOUT,0.9796275201322542,0.9796275201322542,0.020372479862057265,2.486508567268692e-12,3.20205761295909e-12
220,S16_2,2,ascending,converging,1.3999,7.30951,high,other,3083.27,3088.08,3082.67,LOSS,-0.5,2,0,BREAKOUT,0.8639055520427239,0.8639055520427239,0.13609444791746908,3.0064062233287696e-11,9.743005423872104e-12
228,S17_2,2,descending,diverging,0.1624,7.33524,high,london,3061.73,3065.0,3057.98,LOSS,-0.5,5,0,PULLBACK,0.9990462632632738,4.5651085190550953e-07,0.9990462632632738,0.0009532314996095742,4.8726264638570165e-08
228,S17_2,2,descending,diverging,0.1624,7.33524,high,london,3061.73,3065.0,3057.98,LOSS,-0.5,1,0,PULLBACK,0.9694670381838729,3.4191490617930787e-08,0.9694670381838729,0.03053287660498792,5.1019648530278726e-08
228,S17_2,2,descending,diverging,0.1624,7.33524,high,london,3061.73,3065.0,3057.98,LOSS,-0.5,1,0,CHOPZONE,0.5430005442867267,8.665616474405204e-09,0.4569892443301923,0.5430005442867267,1.0202717464459945e-05
228,S17_2,2,descending,diverging,0.1624,7.33524,high,london,3061.73,3065.0,3057.98,LOSS,-0.5,1,0,CHOPZONE,0.9256473544025916,1.2867533885228851e-09,0.07431092909287487,0.9256473544025916,4.171521778018899e-05
228,S17_2,2,descending,diverging,0.1624,7.33524,high,london,3061.73,3065.0,3057.98,LOSS,-0.5,1,0,CHOPZONE,0.993451817572734,1.4425925000971037e-10,0.00648109419043318,0.993451817572734,6.708809257347248e-05
228,S17_2,2,descending,diverging,0.1624,7.33524,high,london,3061.73,3065.0,3057.98,LOSS,-0.5,1,0,CHOPZONE,0.9987375300266034,3.8913941645132957e-11,0.0011180747500373538,0.9987375300266034,0.00014439518444527195
235,S18_2,2,descending,converging,0.3046,6.81201,high,other,3078.23,3079.08,3076.54,LOSS,-0.5,3,0,CHOPZONE,0.9927928153294728,1.869071776607648e-11,0.0002040824103959227,0.9927928153294728,0.007003102241440528
235,S18_2,2,descending,converging,0.3046,6.81201,high,other,3078.23,3079.08,3076.54,LOSS,-0.5,9,0,CHOPZONE,0.9943217098207222,5.7231098084301e-11,0.0002586352636686741,0.9943217098207222,0.005419654858378042
235,S18_2,2,descending,converging,0.3046,6.81201,high,other,3078.23,3079.08,3076.54,LOSS,-0.5,9,0,CHOPZONE,0.99656410960332,1.5601352113516723e-10,0.0002701478752958391,0.99656410960332,0.0031657423653707103
235,S18_2,2,descending,converging,0.3046,6.81201,high,other,3078.23,3079.08,3076.54,LOSS,-0.5,9,0,CHOPZONE,0.9966194891415333,1.5536347478008175e-10,0.0002679162521899788,0.9966194891415333,0.0031125944509132818
235,S18_2,2,descending,converging,0.3046,6.81201,high,other,3078.23,3079.08,3076.54,LOSS,-0.5,9,0,CHOPZONE,0.9966224948480032,1.5530843996415207e-10,0.00026778204298173215,0.9966224948480032,0.003109722953706562
235,S18_2,2,descending,converging,0.3046,6.81201,high,other,3078.23,3079.08,3076.54,LOSS,-0.5,9,0,CHOPZONE,0.996691534535602,1.5386412688743962e-10,0.00026509856818475507,0.996691534535602,0.003043366742349158
247,S19_2,2,descending,diverging,0.0282,6.10496,low,other,3058.3,3058.55,3057.4,LOSS,-0.5,3,0,CHOPZONE,0.9995481522913521,2.8054234784532895e-09,0.00016987975870989778,0.9995481522913521,0.00028196514451450823
247,S19_2,2,descending,diverging,0.0282,6.10496,low,other,3058.3,3058.55,3057.4,LOSS,-0.5,3,0,CHOPZONE,0.9995500571277001,2.3970313864084154e-09,0.00016126099757680625,0.9995500571277001,0.0002886794776916787
247,S19_2,2,descending,diverging,0.0282,6.10496,low,other,3058.3,3058.55,3057.4,LOSS,-0.5,3,0,CHOPZONE,0.9995155210736113,1.2759648464245791e-09,0.00013835597818072888,0.9995155210736113,0.0003461216722431747
247,S19_2,2,descending,diverging,0.0282,6.10496,low,other,3058.3,3058.55,3057.4,LOSS,-0.5,2,0,CHOPZONE,0.9994716039133986,6.906135486602324e-10,0.00012122263517186633,0.9994716039133986,0.0004071727608159695
247,S19_2,2,descending,diverging,0.0282,6.10496,low,other,3058.3,3058.55,3057.4,LOSS,-0.5,2,0,CHOPZONE,0.9994010335053239,3.7811176392841337e-10,0.00011435878662573515,0.9994010335053239,0.00048460732993862635
247,S19_2,2,descending,diverging,0.0282,6.10496,low,other,3058.3,3058.55,3057.4,LOSS,-0.5,2,0,CHOPZONE,0.9949989486466265,3.070218114773634e-09,0.0023730833119659745,0.9949989486466265,0.0026279649711894804
253,S20_2,2,ascending,diverging,0.4521,7.31518,high,london,3090.78,3092.48,3085.6,LOSS,-0.5,8,0,PULLBACK,0.9984149689506298,2.915244527359822e-05,0.9984149689506298,0.0015557680401082938,1.105639883655768e-07
253,S20_2,2,ascending,diverging,0.4521,7.31518,high,london,3090.78,3092.48,3085.6,LOSS,-0.5,8,0,PULLBACK,0.9997527269067441,0.00021517509863177767,0.9997527269067441,3.209665927174792e-05,1.3353524134125712e-09
253,S20_2,2,ascending,diverging,0.4521,7.31518,high,london,3090.78,3092.48,3085.6,LOSS,-0.5,8,0,BREAKOUT,0.9699519394871509,0.9699519394871509,0.03004806023385713,1.3905900960405283e-10,1.3993290339115536e-10
253,S20_2,2,ascending,diverging,0.4521,7.31518,high,london,3090.78,3092.48,3085.6,LOSS,-0.5,8,0,BREAKOUT,0.9975746416000625,0.9975746416000625,0.0024253583344401456,3.267078145123221e-11,3.282663674624044e-11
253,S20_2,2,ascending,diverging,0.4521,7.31518,high,london,3090.78,3092.48,3085.6,LOSS,-0.5,8,0,BREAKOUT,0.9985979244219751,0.9985979244219751,0.0014020754930049973,4.190090845871122e-11,4.311893603174804e-11
253,S20_2,2,ascending,diverging,0.4521,7.31518,high,london,3090.78,3092.48,3085.6,LOSS,-0.5,8,0,BREAKOUT,0.991285513102674,0.991285513102674,0.008714485989530622,3.405398102034805e-10,5.672555700876536e-10
268,S21_2,2,descending,diverging,0.1841,8.27025,high,other,3051.07,3053.11,3048.47,LOSS,-0.5,0,0,PULLBACK,0.9929112617622816,0.007088736537362842,0.9929112617622816,1.2515700246629448e-09,4.4878542606851764e-10
268,S21_2,2,descending,diverging,0.1841,8.27025,high,other,3051.07,3053.11,3048.47,LOSS,-0.5,0,0,PULLBACK,0.9994097484161774,0.0005902488003869281,0.9994097484161774,2.6028633142720954e-09,1.8057235568931522e-10
268,S21_2,2,descending,diverging,0.1841,8.27025,high,other,3051.07,3053.11,3048.47,LOSS,-0.5,0,0,PULLBACK,0.9995985185374537,0.0004014676933529302,0.9995985185374537,1.368370155426885e-08,8.549178516710474e-11
268,S21_2,2,descending,diverging,0.1841,8.27025,high,other,3051.07,3053.11,3048.47,LOSS,-0.5,0,0,PULLBACK,0.9997086908776723,0.0002912442110026284,0.9997086908776723,6.486764573638729e-08,4.36793579673688e-11
268,S21_2,2,descending,diverging,0.1841,8.27025,high,other,3051.07,3053.11,3048.47,LOSS,-0.5,0,0,PULLBACK,0.9997868465189207,0.00021287549800631428,0.9997868465189207,2.779591593366364e-07,2.391366400712982e-11
268,S21_2,2,descending,diverging,0.1841,8.27025,high,other,3051.07,3053.11,3048.47,WIN,3.0,15,1,PULLBACK,0.9998348097685054,0.0001641010206141788,0.9998348097685054,1.089191027776106e-06,1.9852663865209738e-11
284,S22_2,2,descending,converging,0.3233,7.38714,high,other,3076.38,3076.74,3075.57,LOSS,-0.5,2,0,PULLBACK,0.9947726250316342,0.0051491346732892886,0.9947726250316342,6.4476141889301e-05,1.376415318721237e-05
284,S22_2,2,descending,converging,0.3233,7.38714,high,other,3076.38,3076.74,3075.57,LOSS,-0.5,7,0,PULLBACK,0.9950959317864786,0.004803480277724952,0.9950959317864786,7.983606259416238e-05,2.0751873202277068e-05
284,S22_2,2,descending,converging,0.3233,7.38714,high,other,3076.38,3076.74,3075.57,LOSS,-0.5,2,0,PULLBACK,0.9960540496044811,0.0037743600312691874,0.9960540496044811,0.0001233980934491126,4.819227080071665e-05
284,S22_2,2,descending,converging,0.3233,7.38714,high,other,3076.38,3076.74,3075.57,LOSS,-0.5,7,0,PULLBACK,0.9968164391496105,0.002881212179916762,0.9968164391496105,0.0001909158911812438,0.00011143277929147637
284,S22_2,2,descending,converging,0.3233,7.38714,high,other,3076.38,3076.74,3075.57,LOSS,-0.5,2,0,PULLBACK,0.9973670761214241,0.002005208859381829,0.9973670761214241,0.0003233734724062894,0.00030434154678778933
284,S22_2,2,descending,converging,0.3233,7.38714,high,other,3076.38,3076.74,3075.57,LOSS,-0.5,7,0,PULLBACK,0.9974093537857195,0.0013779142096738816,0.9974093537857195,0.0005010370887397308,0.0007116949158668876
292,S23_2,2,ascending,converging,0.4125,6.32583,low,other,3059.52,3060.62,3058.95,WIN,3.0,10,1,PULLBACK,0.9989020103272898,0.0010958576728055652,0.9989020103272898,2.062845209432048e-06,6.915469532997772e-08
292,S23_2,2,ascending,converging,0.4125,6.32583,low,other,3059.52,3060.62,3058.95,LOSS,-0.5,3,0,PULLBACK,0.9989092623105965,0.0010886356761976204,0.9989092623105965,2.033516961260224e-06,6.849624459039757e-08
292,S23_2,2,ascending,converging,0.4125,6.32583,low,other,3059.52,3060.62,3058.95,WIN,3.0,10,1,PULLBACK,0.9992598077929796,0.0007270609090293665,0.9992598077929796,1.1654820439554335e-05,1.4764775514831736e-06
292,S23_2,2,ascending,converging,0.4125,6.32583,low,other,3059.52,3060.62,3058.95,LOSS,-0.5,3,0,PULLBACK,0.9991536555917206,0.0008316229545272245,0.9991536555917206,1.2882648753093757e-05,1.8388049990266706e-06
292,S23_2,2,ascending,converging,0.4125,6.32583,low,other,3059.52,3060.62,3058.95,WIN,3.0,10,1,PULLBACK,0.9990263162572065,0.0009573779674969871,0.9990263162572065,1.4069724991674586e-05,2.2360503049454567e-06
292,S23_2,2,ascending,converging,0.4125,6.32583,low,other,3059.52,3060.62,3058.95,LOSS,-0.5,3,0,PULLBACK,0.9988675565304451,0.0011146085466504886,0.9988675565304451,1.5182881059254755e-05,2.652041845136221e-06
323,S24_2,2,ascending,diverging,1.3684,5.97645,low,london,3135.01,3139.3,3134.14,LOSS,-0.5,1,0,PULLBACK,0.9977302448886191,0.002269547925591311,0.9977302448886191,9.93678855345332e-08,1.0781790404046916e-07
323,S24_2,2,ascending,diverging,1.3684,5.97645,low,london,3135.01,3139.3,3134.14,LOSS,-0.5,1,0,PULLBACK,0.9972364101788141,0.002763405127242267,0.9972364101788141,1.1485448682424459e-07,6.983945676988126e-08
323,S24_2,2,ascending,diverging,1.3684,5.97645,low,london,3135.01,3139.3,3134.14,LOSS,-0.5,1,0,PULLBACK,0.9961569175907393,0.0038429081057884096,0.9961569175907393,1.4034700936038548e-07,3.395646301626715e-08
323,S24_2,2,ascending,diverging,1.3684,5.97645,low,london,3135.01,3139.3,3134.14,LOSS,-0.5,1,0,PULLBACK,0.9944147551794034,0.00558506665778027,0.9944147551794034,1.6169439962714257e-07,1.6468416708311704e-08
323,S24_2,2,ascending,diverging,1.3684,5.97645,low,london,3135.01,3139.3,3134.14,LOSS,-0.5,1,0,PULLBACK,0.9911617011367946,0.008838118248846807,0.9911617011367946,1.7270664966545638e-07,7.907708981368806e-09
323,S24_2,2,ascending,diverging,1.3684,5.97645,low,london,3135.01,3139.3,3134.14,LOSS,-0.5,1,0,PULLBACK,0.9823683396011351,0.01762803875276553,0.9823683396011351,3.6015203756720114e-06,2.0125723686534605e-08
333,S25_2,2,ascending,converging,0.3616,5.78763,low,other,3134.83,3139.25,3131.15,LOSS,-0.5,2,0,CHOPZONE,0.9170390934086636,1.848529112476053e-11,0.005103358556776793,0.9170390934086636,0.0778575480160743
333,S25_2,2,ascending,converging,0.3616,5.78763,low,other,3134.83,3139.25,3131.15,LOSS,-0.5,2,0,CHOPZONE,0.9729699144869653,1.0096676109773066e-12,0.00034863504438803787,0.9729699144869653,0.026681450467636977
333,S25_2,2,ascending,converging,0.3616,5.78763,low,other,3134.83,3139.25,3131.15,LOSS,-0.5,2,0,CHOPZONE,0.9985945902098101,1.875181965338204e-11,0.001026428356960914,0.9985945902098101,0.00037898141447717103
333,S25_2,2,ascending,converging,0.3616,5.78763,low,other,3134.83,3139.25,3131.15,LOSS,-0.5,2,0,CHOPZONE,0.9882090044224882,1.4072232331608193e-10,0.011603742959481921,0.9882090044224882,0.0001872524773076563
333,S25_2,2,ascending,converging,0.3616,5.78763,low,other,3134.83,3139.25,3131.15,LOSS,-0.5,2,0,CHOPZONE,0.8046552386243825,2.2607962063737876e-09,0.19527744165802166,0.8046552386243825,6.731745679959823e-05
333,S25_2,2,ascending,converging,0.3616,5.78763,low,other,3134.83,3139.25,3131.15,LOSS,-0.5,2,0,PULLBACK,0.8107683547774823,1.287941906058965e-08,0.8107683547774823,0.1892296828096073,1.9495334912958866e-06
335,S26_2,2,ascending,diverging,0.8201,5.73684,low,other,3140.65,3143.39,3139.95,LOSS,-0.5,3,0,PULLBACK,0.9991185465305145,0.0007878536693062846,0.9991185465305145,9.352252658918418e-05,7.727358995401085e-08
335,S26_2,2,ascending,diverging,0.8201,5.73684,low,other,3140.65,3143.39,3139.95,LOSS,-0.5,3,0,PULLBACK,0.9980345659020066,0.0019651340546147254,0.9980345659020066,3.000307322253905e-07,1.264641991305424e-11
335,S26_2,2,ascending,diverging,0.8201,5.73684,low,other,3140.65,3143.39,3139.95,LOSS,-0.5,3,0,PULLBACK,0.9939010699701841,0.006098929688477885,0.9939010699701841,2.116950598340951e-10,1.2964286055116277e-10
335,S26_2,2,ascending,diverging,0.8201,5.73684,low,other,3140.65,3143.39,3139.95,LOSS,-0.5,3,0,PULLBACK,0.9935372975526399,0.006462702104883544,0.9935372975526399,2.1256289707687486e-10,1.299137815836363e-10
335,S26_2,2,ascending,diverging,0.8201,5.73684,low,other,3140.65,3143.39,3139.95,LOSS,-0.5,3,0,PULLBACK,0.9908502623852397,0.009149737261961213,0.9908502623852397,2.2199434158418247e-10,1.30804797937076e-10
335,S26_2,2,ascending,diverging,0.8201,5.73684,low,other,3140.65,3143.39,3139.95,LOSS,-0.5,3,0,PULLBACK,0.9408316465647522,0.05916835289004115,0.9408316465647522,3.979663091042453e-10,1.472404003639574e-10
348,S27_2,2,descending,diverging,1.3742,5.75416,low,london,3107.53,3108.83,3105.68,LOSS,-0.5,2,0,BREAKOUT,0.9943392745902172,0.9943392745902172,0.005660723941953266,7.331817554599752e-10,7.346477845959046e-10
348,S27_2,2,descending,diverging,1.3742,5.75416,low,london,3107.53,3108.83,3105.68,LOSS,-0.5,2,0,BREAKOUT,0.9993966963909328,0.9993966963909328,0.0006033033794882476,1.1467485825241581e-10,1.1490415407734292e-10
348,S27_2,2,descending,diverging,1.3742,5.75416,low,london,3107.53,3108.83,3105.68,WIN,3.0,3,1,BREAKOUT,0.9994240461697872,0.9994240461697872,0.0005759536073300682,1.1133002836861251e-10,1.115526985931279e-10
348,S27_2,2,descending,diverging,1.3742,5.75416,low,london,3107.53,3108.83,3105.68,WIN,3.0,3,1,BREAKOUT,0.9994240368660104,0.9994240368660104,0.000575962911104485,1.1132556680656193e-10,1.1155943807690722e-10
348,S27_2,2,descending,diverging,1.3742,5.75416,low,london,3107.53,3108.83,3105.68,WIN,3.0,3,1,BREAKOUT,0.999394966669716,0.999394966669716,0.0006050331002815639,1.1384538235348826e-10,1.1615713213854988e-10
348,S27_2,2,descending,diverging,1.3742,5.75416,low,london,3107.53,3108.83,3105.68,WIN,3.0,3,1,BREAKOUT,0.9940194307154712,0.9940194307154712,0.0059805677383561635,5.798189902959032e-10,9.663536277324404e-10
353,S28_2,2,descending,converging,0.2556,5.71243,low,other,3123.23,3126.35,3121.23,LOSS,-0.5,7,0,PULLBACK,0.9999719450481169,2.4537547502079893e-05,0.9999719450481169,1.3190407292972593e-06,2.1983636516544794e-06
353,S28_2,2,descending,converging,0.2556,5.71243,low,other,3123.23,3126.35,3121.23,LOSS,-0.5,7,0,PULLBACK,0.9999931653755337,3.4176401338023387e-06,0.9999931653755337,1.2813929354004111e-06,2.1355913970328225e-06
353,S28_2,2,descending,converging,0.2556,5.71243,low,other,3123.23,3126.35,3121.23,LOSS,-0.5,7,0,PULLBACK,0.9999923275653242,3.836222784677141e-06,0.9999923275653242,1.4386072888640473e-06,2.397604602273329e-06
353,S28_2,2,descending,converging,0.2556,5.71243,low,other,3123.23,3126.35,3121.23,LOSS,-0.5,0,0,PULLBACK,0.9999917188041503,4.140604521923545e-06,0.9999917188041503,1.5527555359196458e-06,2.5878357919302094e-06
353,S28_2,2,descending,converging,0.2556,5.71243,low,other,3123.23,3126.35,3121.23,LOSS,-0.5,0,0,PULLBACK,0.999990675988157,4.662014290941492e-06,0.999990675988157,1.7482923457155132e-06,2.9137052062941222e-06
353,S28_2,2,descending,converging,0.2556,5.71243,low,other,3123.23,3126.35,3121.23,LOSS,-0.5,0,0,PULLBACK,0.9999891296923802,5.435164228520814e-06,0.9999891296923802,2.0382320146575607e-06,3.3969113765861186e-06
359,S29_2,2,ascending,converging,0.2311,5.82913,low,other,3113.67,3116.09,3110.92,WIN,3.0,7,1,PULLBACK,0.9999888745462072,5.562737782341555e-06,0.9999888745462072,2.0860723729619105e-06,3.4766436374794525e-06
359,S29_2,2,ascending,converging,0.2311,5.82913,low,other,3113.67,3116.09,3110.92,LOSS,-0.5,1,0,PULLBACK,0.9999899936101513,5.003203789664561e-06,0.9999899936101513,1.8762371377181783e-06,3.1269489212377003e-06
359,S29_2,2,ascending,converging,0.2311,5.82913,low,other,3113.67,3116.09,3110.92,LOSS,-0.5,1,0,PULLBACK,0.9999922226733208,3.888668953345021e-06,0.9999922226733208,1.4582726150707524e-06,2.4303851107101957e-06
359,S29_2,2,ascending,converging,0.2311,5.82913,low,other,3113.67,3116.09,3110.92,LOSS,-0.5,1,0,PULLBACK,0.9999946063503009,2.696827766878136e-06,0.9999946063503009,1.0113215293516686e-06,1.6855004029137376e-06
359,S29_2,2,ascending,converging,0.2311,5.82913,low,other,3113.67,3116.09,3110.92,WIN,3.0,7,1,PULLBACK,0.9999962462390535,1.876972485025032e-06,0.9999962462390535,7.038119739248806e-07,1.1729764876267673e-06
359,S29_2,2,ascending,converging,0.2311,5.82913,low,other,3113.67,3116.09,3110.92,WIN,3.0,7,1,PULLBACK,0.9999849097882935,1.2959145926917508e-05,0.9999849097882935,1.2012911253177502e-06,9.297746542592177e-07
378,S30_2,2,ascending,diverging,1.6905,7.16842,high,other,3181.08,3183.51,3179.6,LOSS,-0.5,1,0,BREAKOUT,0.9939967645129517,0.9939967645129517,0.006003233937186858,7.736185009618034e-10,7.762429471169217e-10
378,S30_2,2,ascending,diverging,1.6905,7.16842,high,other,3181.08,3183.51,3179.6,LOSS,-0.5,1,0,BREAKOUT,0.9989698908083712,0.9989698908083712,0.0010301090774448146,5.692527527462738e-11,5.725871268224269e-11
378,S30_2,2,ascending,diverging,1.6905,7.16842,high,other,3181.08,3183.51,3179.6,LOSS,-0.5,1,0,BREAKOUT,0.9982982380735731,0.9982982380735731,0.0017017618629628266,3.156761058637818e-11,3.189642995659274e-11
378,S30_2,2,ascending,diverging,1.6905,7.16842,high,other,3181.08,3183.51,3179.6,LOSS,-0.5,1,0,BREAKOUT,0.9969385425056503,0.9969385425056503,0.003061457450729531,2.152238574897965e-11,2.2097846778499835e-11
378,S30_2,2,ascending,diverging,1.6905,7.16842,high,other,3181.08,3183.51,3179.6,LOSS,-0.5,1,0,BREAKOUT,0.9918923499812655,0.9918923499812655,0.00810764997171769,2.1450261117749703e-11,2.556650722948926e-11
378,S30_2,2,ascending,diverging,1.6905,7.16842,high,other,3181.08,3183.51,3179.6,LOSS,-0.5,1,0,BREAKOUT,0.9254701861302735,0.9254701861302735,0.07452981338739431,3.019169279809534e-10,1.80415224221744e-10
384,S31_2,2,ascending,converging,0.212,7.16919,high,other,3147.19,3147.46,3144.38,WIN,3.0,3,1,PULLBACK,0.8024507818514894,3.503461231276021e-07,0.8024507818514894,0.19754825249985666,6.153025307676272e-07
384,S31_2,2,ascending,converging,0.212,7.16919,high,other,3147.19,3147.46,3144.38,WIN,3.0,3,1,CHOPZONE,0.6085739547526196,1.4870047539413537e-08,0.3914207303799356,0.6085739547526196,5.2999973973829545e-06
384,S31_2,2,ascending,converging,0.212,7.16919,high,other,3147.19,3147.46,3144.38,WIN,3.0,3,1,CHOPZONE,0.9233879330463676,2.703573605911067e-09,0.07659396494233138,0.9233879330463676,1.8099307727482575e-05
384,S31_2,2,ascending,converging,0.212,7.16919,high,other,3147.19,3147.46,3144.38,WIN,3.0,3,1,CHOPZONE,0.9928525820593774,3.0822655542464484e-10,0.007111147892729206,0.9928525820593774,3.626973966686559e-05
384,S31_2,2,ascending,converging,0.212,7.16919,high,other,3147.19,3147.46,3144.38,WIN,3.0,3,1,CHOPZONE,0.9987330179639203,7.894486533974435e-11,0.0011920264044955311,0.9987330179639203,7.495555263924432e-05
384,S31_2,2,ascending,converging,0.212,7.16919,high,other,3147.19,3147.46,3144.38,WIN,3.0,3,1,CHOPZONE,0.9992679577290076,4.789699249122971e-11,0.000575100465945618,0.9992679577290076,0.00015694175714984425
399,S32_2,2,descending,converging,0.0731,7.52553,high,london,3179.27,3179.47,3177.76,LOSS,-0.5,16,0,CHOPZONE,0.9911776012378222,5.76510490635435e-10,0.008812500734583083,0.9911776012378222,9.897451084269313e-06
399,S32_2,2,descending,converging,0.0731,7.52553,high,london,3179.27,3179.47,3177.76,LOSS,-0.5,1,0,CHOPZONE,0.9973185796702857,1.5777884613141735e-10,0.0026452230042743868,0.9973185796702857,3.6197167661126254e-05
399,S32_2,2,descending,converging,0.0731,7.52553,high,london,3179.27,3179.47,3177.76,LOSS,-0.5,1,0,CHOPZONE,0.999371539136992,4.161707119125427e-11,0.0004663007946812354,0.999371539136992,0.00016216002670980533
399,S32_2,2,descending,converging,0.0731,7.52553,high,london,3179.27,3179.47,3177.76,LOSS,-0.5,1,0,CHOPZONE,0.9994753862195257,3.1287238433272634e-11,0.00022289720300523792,0.9994753862195257,0.00030171654618180513
399,S32_2,2,descending,converging,0.0731,7.52553,high,london,3179.27,3179.47,3177.76,LOSS,-0.5,1,0,CHOPZONE,0.9994079547576968,3.469610109152849e-11,0.00013826053752019878,0.9994079547576968,0.00045378467008686056
399,S32_2,2,descending,converging,0.0731,7.52553,high,london,3179.27,3179.47,3177.76,LOSS,-0.5,1,0,CHOPZONE,0.9993324223737349,5.451351612224937e-11,0.0001060337744866579,0.9993324223737349,0.0005615437972649429
412,S33_2,2,ascending,converging,0.1823,6.84601,high,other,3154.94,3157.11,3151.78,LOSS,-0.5,46,0,CHOPZONE,0.9982054798327901,3.305968707299533e-10,0.00022382561179346594,0.9982054798327901,0.0015706942248196463
412,S33_2,2,ascending,converging,0.1823,6.84601,high,other,3154.94,3157.11,3151.78,LOSS,-0.5,3,0,CHOPZONE,0.9981897406819176,3.317181074019549e-10,0.00022531687251389765,0.9981897406819176,0.0015849421138504393
412,S33_2,2,ascending,converging,0.1823,6.84601,high,other,3154.94,3157.11,3151.78,LOSS,-0.5,46,0,CHOPZONE,0.9980926413841891,2.661883655738712e-10,0.0002130055873386207,0.9980926413841891,0.001694352762283904
412,S33_2,2,ascending,converging,0.1823,6.84601,high,other,3154.94,3157.11,3151.78,LOSS,-0.5,46,0,CHOPZONE,0.9979764866373363,2.0975045540409842e-10,0.00020095104024826012,0.9979764866373363,0.0018225621126649607
412,S33_2,2,ascending,converging,0.1823,6.84601,high,other,3154.94,3157.11,3151.78,LOSS,-0.5,46,0,CHOPZONE,0.9976525099665902,1.6867883386250916e-10,0.00019746305147217411,0.9976525099665902,0.0021500268132588476
412,S33_2,2,ascending,converging,0.1823,6.84601,high,other,3154.94,3157.11,3151.78,LOSS,-0.5,46,0,CHOPZONE,0.985071678807199,4.1466327996592236e-10,0.0006231159825464065,0.985071678807199,0.014305204795591336
428,S34_2,2,ascending,diverging,0.8362,7.06948,high,other,3230.97,3231.1,3230.64,LOSS,-0.5,1,0,COMPRESSION,0.7391635199707944,2.3660807038395658e-07,0.016828486039488274,0.24400775738164687,0.7391635199707944
428,S34_2,2,ascending,diverging,0.8362,7.06948,high,other,3230.97,3231.1,3230.64,LOSS,-0.5,1,0,COMPRESSION,0.8151866235260977,8.486752952919964e-07,0.08361632146052392,0.10119620633808311,0.8151866235260977
428,S34_2,2,ascending,diverging,0.8362,7.06948,high,other,3230.97,3231.1,3230.64,LOSS,-0.5,1,0,PULLBACK,0.9795549601574262,0.02044405249899871,0.9795549601574262,9.614352173609444e-07,2.5908357801511055e-08
428,S34_2,2,ascending,diverging,0.8362,7.06948,high,other,3230.97,3231.1,3230.64,LOSS,-0.5,1,0,PULLBACK,0.9774426505193253,0.022557206830661015,0.9774426505193253,1.4045582027437674e-07,2.194193419077895e-09
428,S34_2,2,ascending,diverging,0.8362,7.06948,high,other,3230.97,3231.1,3230.64,LOSS,-0.5,1,0,PULLBACK,0.9737982222686277,0.02620164933330545,0.9737982222686277,1.266394828719787e-07,1.7585840053871394e-09
428,S34_2,2,ascending,diverging,0.8362,7.06948,high,other,3230.97,3231.1,3230.64,LOSS,-0.5,1,0,PULLBACK,0.9764075636633655,0.02359231274338291,0.9764075636633655,1.2190970095902077e-07,1.6835505888956595e-09
431,S35_2,2,ascending,converging,0.2621,8.1341,high,other,3199.9,3200.19,3197.08,LOSS,-0.5,11,0,PULLBACK,0.9999689336885119,3.106013594824556e-05,0.9999689336885119,3.869293786882678e-09,2.306246116195094e-09
431,S35_2,2,ascending,converging,0.2621,8.1341,high,other,3199.9,3200.19,3197.08,LOSS,-0.5,11,0,PULLBACK,0.9999822926949937,1.7680847740974865e-05,0.9999822926949937,2.5499493950133583e-08,9.57771339439226e-10
431,S35_2,2,ascending,converging,0.2621,8.1341,high,other,3199.9,3200.19,3197.08,LOSS,-0.5,11,0,PULLBACK,0.99998581141072,1.4108508220038769e-05,0.99998581141072,7.950229344003839e-08,5.787666283586384e-10
431,S35_2,2,ascending,converging,0.2621,8.1341,high,other,3199.9,3200.19,3197.08,LOSS,-0.5,11,0,PULLBACK,0.9999884824030071,1.1280219553142489e-05,0.9999884824030071,2.370161606687231e-07,3.612790982889225e-10
431,S35_2,2,ascending,converging,0.2621,8.1341,high,other,3199.9,3200.19,3197.08,LOSS,-0.5,11,0,PULLBACK,0.9999902876719683,9.035758389489082e-06,0.9999902876719683,6.763368590671985e-07,2.3278317003701174e-10
431,S35_2,2,ascending,converging,0.2621,8.1341,high,other,3199.9,3200.19,3197.08,LOSS,-0.5,11,0,PULLBACK,0.9999907637233098,7.261521505152288e-06,0.9999907637233098,1.9745987425758033e-06,1.5644248484962907e-10
436,S36_2,2,descending,converging,0.1754,7.92363,high,other,3224.98,3225.41,3223.08,WIN,3.0,7,1,PULLBACK,0.9970438487190298,4.76828967153685e-08,0.9970438487190298,0.0029558652738854935,2.3832418795817368e-07
436,S36_2,2,descending,converging,0.1754,7.92363,high,other,3224.98,3225.41,3223.08,LOSS,-0.5,1,0,PULLBACK,0.9800514682370803,4.482131244767828e-08,0.9800514682370803,0.019947480373027817,1.0065685794780327e-06
436,S36_2,2,descending,converging,0.1754,7.92363,high,other,3224.98,3225.41,3223.08,LOSS,-0.5,1,0,PULLBACK,0.773784149293599,3.0633602010170074e-08,0.773784149293599,0.22621470585966802,1.114213131085351e-06
436,S36_2,2,descending,converging,0.1754,7.92363,high,other,3224.98,3225.41,3223.08,LOSS,-0.5,1,0,CHOPZONE,0.6009182784970418,1.3820636548306848e-08,0.3990755797463401,0.6009182784970418,6.127935981689092e-06
436,S36_2,2,descending,converging,0.1754,7.92363,high,other,3224.98,3225.41,3223.08,LOSS,-0.5,1,0,CHOPZONE,0.8353878939770577,4.709709936582843e-09,0.1645933815673469,0.8353878939770577,1.8719745885473104e-05
436,S36_2,2,descending,converging,0.1754,7.92363,high,other,3224.98,3225.41,3223.08,LOSS,-0.5,1,0,CHOPZONE,0.8273678344467971,5.140168894225305e-09,0.1725171673112997,0.8273678344467971,0.00011499310173427903
459,S37_2,2,descending,diverging,0.7944,6.53929,high,other,3158.71,3163.89,3157.37,TIMEOUT,0.0,50,0,PULLBACK,0.9974140836240367,0.0025700374933043204,0.9974140836240367,1.5790836120425625e-05,8.804653855978327e-08
459,S37_2,2,descending,diverging,0.7944,6.53929,high,other,3158.71,3163.89,3157.37,TIMEOUT,0.0,50,0,PULLBACK,0.9984702734144119,0.0015288813514828328,0.9984702734144119,8.303226196069328e-07,1.4911485625799296e-08
459,S37_2,2,descending,diverging,0.7944,6.53929,high,other,3158.71,3163.89,3157.37,TIMEOUT,0.0,50,0,PULLBACK,0.9983244442079453,0.0016746407915612077,0.9983244442079453,8.981353379550951e-07,1.6865155481956733e-08
459,S37_2,2,descending,diverging,0.7944,6.53929,high,other,3158.71,3163.89,3157.37,TIMEOUT,0.0,50,0,PULLBACK,0.9981426699048818,0.0018563441428623194,0.9981426699048818,9.66161023034358e-07,1.979123285333067e-08
459,S37_2,2,descending,diverging,0.7944,6.53929,high,other,3158.71,3163.89,3157.37,TIMEOUT,0.0,50,0,PULLBACK,0.9979197845183541,0.002079158468109701,0.9979197845183541,1.0340854454551498e-06,2.292809071305679e-08
459,S37_2,2,descending,diverging,0.7944,6.53929,high,other,3158.71,3163.89,3157.37,TIMEOUT,0.0,50,0,PULLBACK,0.9966429627604356,0.0033331053341283403,0.9966429627604356,2.3791306158734432e-05,1.4059927731071948e-07
467,S38_2,2,descending,converging,0.3089,5.61379,low,london,3177.42,3179.37,3173.92,TIMEOUT,0.0,50,0,CHOPZONE,0.8808459707725046,2.207005862623097e-10,0.014153516227957996,0.8808459707725046,0.10500051277883678
467,S38_2,2,descending,converging,0.3089,5.61379,low,london,3177.42,3179.37,3173.92,TIMEOUT,0.0,50,0,CHOPZONE,0.9331171917961075,1.4999061603158112e-11,0.0009461788095132875,0.9331171917961075,0.06593662937938019
467,S38_2,2,descending,converging,0.3089,5.61379,low,london,3177.42,3179.37,3173.92,TIMEOUT,0.0,50,0,CHOPZONE,0.9070677119660413,4.2083415869725604e-12,0.0006691940478186734,0.9070677119660413,0.09226309398193167
467,S38_2,2,descending,converging,0.3089,5.61379,low,london,3177.42,3179.37,3173.92,TIMEOUT,0.0,50,0,CHOPZONE,0.8660624557298123,5.3363514275988246e-12,0.0006262409068052825,0.8660624557298123,0.13331130335804614
467,S38_2,2,descending,converging,0.3089,5.61379,low,london,3177.42,3179.37,3173.92,TIMEOUT,0.0,50,0,CHOPZONE,0.8026688588074395,8.596341860326395e-12,0.0007362342029125071,0.8026688588074395,0.1965949069810516
467,S38_2,2,descending,converging,0.3089,5.61379,low,london,3177.42,3179.37,3173.92,TIMEOUT,0.0,50,0,CHOPZONE,0.6764219165134809,1.0103503780213541e-10,0.008665764864988903,0.6764219165134809,0.3149123185204951
472,S39_2,2,descending,diverging,0.3714,6.68067,high,other,3146.13,3147.02,3143.95,TIMEOUT,0.0,50,0,PULLBACK,0.9846743086949761,1.422411626196505e-05,0.9846743086949761,0.015284410142181657,2.7057046580363863e-05
472,S39_2,2,descending,diverging,0.3714,6.68067,high,other,3146.13,3147.02,3143.95,TIMEOUT,0.0,50,0,PULLBACK,0.9996252443182266,1.2005285137577198e-05,0.9996252443182266,0.0003623642292912015,3.861673446357768e-07
472,S39_2,2,descending,diverging,0.3714,6.68067,high,other,3146.13,3147.02,3143.95,TIMEOUT,0.0,50,0,PULLBACK,0.999961755058131,2.8552989879577067e-05,0.999961755058131,9.691455063701366e-06,4.969257259854381e-10
472,S39_2,2,descending,diverging,0.3714,6.68067,high,other,3146.13,3147.02,3143.95,TIMEOUT,0.0,50,0,PULLBACK,0.9999576916836563,3.9976067166982e-05,0.9999576916836563,2.3322191745776788e-06,3.000210505285824e-11
472,S39_2,2,descending,diverging,0.3714,6.68067,high,other,3146.13,3147.02,3143.95,TIMEOUT,0.0,50,0,PULLBACK,0.9999356568090833,6.406229825034185e-05,0.9999356568090833,2.808263918454679e-07,6.627468332750163e-11
472,S39_2,2,descending,diverging,0.3714,6.68067,high,other,3146.13,3147.02,3143.95,TIMEOUT,0.0,50,0,PULLBACK,0.9998946346042562,0.00010533993446587561,0.9998946346042562,2.5275725968414e-08,1.8555202849915563e-10
480,S40_2,2,ascending,diverging,0.2954,7.62166,high,other,3197.65,3198.98,3196.52,TIMEOUT,0.0,50,0,PULLBACK,0.9999949475282301,5.0381408501621075e-06,0.9999949475282301,6.5294167482587565e-09,7.801502931472462e-09
480,S40_2,2,ascending,diverging,0.2954,7.62166,high,other,3197.65,3198.98,3196.52,TIMEOUT,0.0,50,0,PULLBACK,0.9999949523952218,5.033274138032575e-06,0.9999949523952218,6.5293332920562765e-09,7.801306796363299e-09
480,S40_2,2,ascending,diverging,0.2954,7.62166,high,other,3197.65,3198.98,3196.52,TIMEOUT,0.0,50,0,PULLBACK,0.999993256962987,3.371595983955759e-06,0.999993256962987,1.264298772537747e-06,2.107142256486914e-06
480,S40_2,2,ascending,diverging,0.2954,7.62166,high,other,3197.65,3198.98,3196.52,TIMEOUT,0.0,50,0,PULLBACK,0.9999957826614285,2.1086711572398303e-06,0.9999957826614285,7.907586370166132e-07,1.3179087772137624e-06
480,S40_2,2,ascending,diverging,0.2954,7.62166,high,other,3197.65,3198.98,3196.52,TIMEOUT,0.0,50,0,PULLBACK,0.99999728196318,1.359012550159114e-06,0.99999728196318,5.096432318492905e-07,8.493810379630661e-07
480,S40_2,2,ascending,diverging,0.2954,7.62166,high,other,3197.65,3198.98,3196.52,TIMEOUT,0.0,50,0,PULLBACK,0.9999972683109235,9.01434165229034e-07,0.9999972683109235,1.2668631247345823e-06,5.633917865240914e-07
487,S41_2,2,ascending,converging,0.1674,7.86009,high,other,3160.04,3161.25,3158.85,TIMEOUT,0.0,50,0,PULLBACK,0.9999946066925253,2.6966415287767627e-06,0.9999946066925253,1.0112669948700819e-06,1.6853989511094236e-06
487,S41_2,2,ascending,converging,0.1674,7.86009,high,other,3160.04,3161.25,3158.85,TIMEOUT,0.0,50,0,PULLBACK,0.9999968421382025,1.5789147650311678e-06,0.9999968421382025,5.921241103871525e-07,9.86822922032399e-07
487,S41_2,2,ascending,converging,0.1674,7.86009,high,other,3160.04,3161.25,3158.85,TIMEOUT,0.0,50,0,PULLBACK,0.9999965383126352,6.970663046147402e-07,0.9999965383126352,2.3289349881598103e-06,4.3568607194812616e-07
487,S41_2,2,ascending,converging,0.1674,7.86009,high,other,3160.04,3161.25,3158.85,TIMEOUT,0.0,50,0,PULLBACK,0.9999847434476304,3.29306159397959e-07,0.9999847434476304,1.4721364142107078e-05,2.0588206797805787e-07
487,S41_2,2,ascending,converging,0.1674,7.86009,high,other,3160.04,3161.25,3158.85,TIMEOUT,0.0,50,0,PULLBACK,0.9999049546680758,1.6365588266271576e-07,0.9999049546680758,9.477901845734743e-05,1.0265758421371888e-07
487,S41_2,2,ascending,converging,0.1674,7.86009,high,other,3160.04,3161.25,3158.85,TIMEOUT,0.0,50,0,PULLBACK,0.9989072633425219,9.087619303070978e-07,0.9989072633425219,0.0010917621453300729,6.57502177927802e-08
38,S0_3,3,descending,converging,0.3799,6.78499,high,london,2958.34,2959.22,2958.0,LOSS,-0.5,1,0,BREAKOUT,0.9832687914045445,0.9832687914045445,0.01673120776773926,4.023248375841116e-10,4.253914098898146e-10
38,S0_3,3,descending,converging,0.3799,6.78499,high,london,2958.34,2959.22,2958.0,LOSS,-0.5,1,0,BREAKOUT,0.9761598834927836,0.9761598834927836,0.023840114721310954,6.70040935203816e-10,1.1158646279094702e-09
59,S1_3,3,descending,converging,0.1193,6.02187,low,london,2962.56,2964.79,2959.04,LOSS,-0.5,5,0,PULLBACK,0.9981672929438296,0.0016008390635202006,0.9981672929438296,8.698436672947668e-05,0.00014488362592077268
59,S1_3,3,descending,converging,0.1193,6.02187,low,london,2962.56,2964.79,2959.04,LOSS,-0.5,5,0,PULLBACK,0.9997480451214329,0.00012714083045625412,0.9997480451214329,4.687183038766329e-05,7.794221772312869e-05
59,S1_3,3,descending,converging,0.1193,6.02187,low,london,2962.56,2964.79,2959.04,LOSS,-0.5,5,0,PULLBACK,0.9990334794853186,0.0008287853229399556,0.9990334794853186,6.606025174908743e-05,7.167493999239355e-05
63,S2_3,3,descending,converging,1.1402,5.97709,low,london,2946.21,2947.1,2944.86,LOSS,-0.5,1,0,BREAKOUT,0.7730640454810376,0.7730640454810376,0.22693484339151604,5.351863038909531e-07,5.759411424305291e-07
63,S2_3,3,descending,converging,1.1402,5.97709,low,london,2946.21,2947.1,2944.86,LOSS,-0.5,1,0,BREAKOUT,0.9346740483409599,0.9346740483409599,0.06532566200239286,1.40140571395691e-07,1.4951607587883073e-07
63,S2_3,3,descending,converging,1.1402,5.97709,low,london,2946.21,2947.1,2944.86,LOSS,-0.5,1,0,BREAKOUT,0.9686352949559732,0.9686352949559732,0.03136457710025051,6.24489549761736e-08,6.549482139186905e-08
63,S2_3,3,descending,converging,1.1402,5.97709,low,london,2946.21,2947.1,2944.86,LOSS,-0.5,1,0,BREAKOUT,0.9813742011914804,0.9813742011914804,0.0186257501649708,2.4206712597784093e-08,2.4436836062310592e-08
73,S3_3,3,ascending,diverging,2.4257,6.40753,low,other,2986.22,2989.08,2985.33,LOSS,-0.5,5,0,BREAKOUT,0.9967790654284321,0.9967790654284321,0.0032209340860957685,2.41856093280672e-10,2.436160276681993e-10
73,S3_3,3,ascending,diverging,2.4257,6.40753,low,other,2986.22,2989.08,2985.33,LOSS,-0.5,5,0,BREAKOUT,0.9978394026514857,0.9978394026514857,0.0021605970975544656,1.2512245564012554e-10,1.2583737387952026e-10
73,S3_3,3,ascending,diverging,2.4257,6.40753,low,other,2986.22,2989.08,2985.33,LOSS,-0.5,5,0,BREAKOUT,0.9983229235995454,0.9983229235995454,0.0016770762472893249,7.639026156046436e-11,7.677497704941495e-11
73,S3_3,3,ascending,diverging,2.4257,6.40753,low,other,2986.22,2989.08,2985.33,LOSS,-0.5,5,0,BREAKOUT,0.9985295148602943,0.9985295148602943,0.001470485031523271,5.311621245945291e-11,5.506623466006972e-11
73,S3_3,3,ascending,diverging,2.4257,6.40753,low,other,2986.22,2989.08,2985.33,LOSS,-0.5,1,0,BREAKOUT,0.9888839704747107,0.9888839704747107,0.011116029045656842,1.798625327622165e-10,2.9976998010310383e-10
79,S4_3,3,descending,diverging,0.0281,6.64234,high,other,2964.77,2968.54,2963.47,LOSS,-0.5,15,0,PULLBACK,0.9999928024699655,6.2927916779430165e-06,0.9999928024699655,3.392775356342618e-07,5.654608209113167e-07
79,S4_3,3,descending,diverging,0.0281,6.64234,high,other,2964.77,2968.54,2963.47,LOSS,-0.5,1,0,PULLBACK,0.9999987705614787,6.147343523419829e-07,0.9999987705614787,2.3051497563572603e-07,3.8418919334970686e-07
79,S4_3,3,descending,diverging,0.0281,6.64234,high,other,2964.77,2968.54,2963.47,LOSS,-0.5,15,0,PULLBACK,0.9999985528389579,7.235807476014082e-07,0.9999985528389579,2.71343817215608e-07,4.522364773143506e-07
79,S4_3,3,descending,diverging,0.0281,6.64234,high,other,2964.77,2968.54,2963.47,LOSS,-0.5,1,0,PULLBACK,0.9999978912969064,1.0543520946590383e-06,0.9999978912969064,3.9538469109384125e-07,6.589663078940524e-07
79,S4_3,3,descending,diverging,0.0281,6.64234,high,other,2964.77,2968.54,2963.47,LOSS,-0.5,1,0,PULLBACK,0.9999959046276709,2.0476888148408722e-06,0.9999959046276709,7.678968671717971e-07,1.2797866471349448e-06
79,S4_3,3,descending,diverging,0.0281,6.64234,high,other,2964.77,2968.54,2963.47,LOSS,-0.5,1,0,PULLBACK,0.9999883045235823,5.8477672139150485e-06,0.9999883045235823,2.1929007973923974e-06,3.654808406353103e-06
82,S5_3,3,ascending,converging,0.3749,6.75174,high,london,2975.25,2978.42,2973.48,LOSS,-0.5,6,0,PULLBACK,0.9999988932007245,1.060936785125191e-06,0.9999988932007245,1.7198633646390955e-08,2.866385672816728e-08
82,S5_3,3,ascending,converging,0.3749,6.75174,high,london,2975.25,2978.42,2973.48,LOSS,-0.5,1,0,PULLBACK,0.9999988932567688,1.0608832798688331e-06,0.9999988932567688,1.7197496443961815e-08,2.866245481982682e-08
82,S5_3,3,ascending,converging,0.3749,6.75174,high,london,2975.25,2978.42,2973.48,LOSS,-0.5,1,0,PULLBACK,0.9999991066059415,8.43874214155871e-07,0.9999991066059415,3.310497075975169e-08,1.6414873576999245e-08
82,S5_3,3,ascending,converging,0.3749,6.75174,high,london,2975.25,2978.42,2973.48,LOSS,-0.5,1,0,PULLBACK,0.999999212567254,6.680472586505633e-07,0.999999212567254,1.0980704834773932e-07,9.57843908593214e-09
82,S5_3,3,ascending,converging,0.3749,6.75174,high,london,2975.25,2978.42,2973.48,LOSS,-0.5,6,0,PULLBACK,0.9999991164383756,5.296013789141025e-07,0.9999991164383756,3.481794605355033e-07,5.780785066776428e-09
82,S5_3,3,ascending,converging,0.3749,6.75174,high,london,2975.25,2978.42,2973.48,LOSS,-0.5,1,0,PULLBACK,0.9999904530999153,6.180504450786756e-07,0.9999904530999153,8.894360993208162e-06,3.44886464398334e-08
104,S6_3,3,descending,diverging,0.93,5.78199,low,london,2950.75,2953.55,2949.19,LOSS,-0.5,1,0,COMPRESSION,0.8442172675983007,4.6197230873414775e-08,0.0322394307726796,0.12354325543178878,0.8442172675983007
104,S6_3,3,descending,diverging,0.93,5.78199,low,london,2950.75,2953.55,2949.19,LOSS,-0.5,1,0,COMPRESSION,0.8974592904137667,6.660012826443771e-09,0.004012216923506204,0.09852848600271424,0.8974592904137667
104,S6_3,3,descending,diverging,0.93,5.78199,low,london,2950.75,2953.55,2949.19,WIN,3.0,8,1,COMPRESSION,0.9068678043892394,3.562598150808333e-09,0.0027154322961079444,0.09041675975205449,0.9068678043892394
104,S6_3,3,descending,diverging,0.93,5.78199,low,london,2950.75,2953.55,2949.19,LOSS,-0.5,1,0,COMPRESSION,0.882567285702598,1.375059607422676e-09,0.004364915547221173,0.1130677973751213,0.882567285702598
104,S6_3,3,descending,diverging,0.93,5.78199,low,london,2950.75,2953.55,2949.19,LOSS,-0.5,1,0,COMPRESSION,0.8875344536932875,1.5320516421312585e-09,0.004047401803624373,0.1084181429710365,0.8875344536932875
104,S6_3,3,descending,diverging,0.93,5.78199,low,london,2950.75,2953.55,2949.19,LOSS,-0.5,1,0,COMPRESSION,0.8682520816672802,9.436599375910755e-09,0.025856040943647518,0.10589186795247292,0.8682520816672802
125,S7_3,3,ascending,diverging,1.1209,7.37404,high,other,2996.76,2997.91,2995.6,LOSS,-0.5,1,0,PULLBACK,0.9897772623206191,0.010222734920483112,0.9897772623206191,1.4576638089239209e-09,1.3012340472338074e-09
125,S7_3,3,ascending,diverging,1.1209,7.37404,high,other,2996.76,2997.91,2995.6,LOSS,-0.5,1,0,PULLBACK,0.9545807994743979,0.04541919854783299,0.9545807994743979,1.904870189620358e-09,7.289903045827319e-11
125,S7_3,3,ascending,diverging,1.1209,7.37404,high,other,2996.76,2997.91,2995.6,LOSS,-0.5,1,0,BREAKOUT,0.9903653982375198,0.9903653982375198,0.009634601024867243,3.6803288725270485e-10,3.695800050945257e-10
125,S7_3,3,ascending,diverging,1.1209,7.37404,high,other,2996.76,2997.91,2995.6,LOSS,-0.5,1,0,BREAKOUT,0.9986836489165885,0.9986836489165885,0.0013163509921441793,4.549634781303344e-11,4.577091621335995e-11
125,S7_3,3,ascending,diverging,1.1209,7.37404,high,other,2996.76,2997.91,2995.6,LOSS,-0.5,1,0,BREAKOUT,0.9982416630708362,0.9982416630708362,0.0017583368524170802,3.723716092028929e-11,3.950945465392676e-11
125,S7_3,3,ascending,diverging,1.1209,7.37404,high,other,2996.76,2997.91,2995.6,LOSS,-0.5,1,0,BREAKOUT,0.9809080055581753,0.9809080055581753,0.01909199405044311,1.4677318728679984e-10,2.4460840217619546e-10
147,S8_3,3,descending,converging,0.1684,7.42722,high,other,2965.59,2965.67,2964.68,WIN,3.0,16,1,PULLBACK,0.999993586335579,2.11035557386529e-06,0.999993586335579,4.297363442524385e-06,5.945404647429167e-09
147,S8_3,3,descending,converging,0.1684,7.42722,high,other,2965.59,2965.67,2964.68,LOSS,-0.5,2,0,PULLBACK,0.9999918479754897,1.6320877045325445e-07,0.9999918479754897,7.986163436277256e-06,2.6523036128537456e-09
147,S8_3,3,descending,converging,0.1684,7.42722,high,other,2965.59,2965.67,2964.68,WIN,3.0,16,1,PULLBACK,0.9999637768099511,2.3313907996099094e-07,0.9999637768099511,3.584429608375414e-05,1.4575488523801343e-07
147,S8_3,3,descending,converging,0.1684,7.42722,high,other,2965.59,2965.67,2964.68,LOSS,-0.5,2,0,PULLBACK,0.9999193627435878,1.724991778393681e-07,0.9999193627435878,8.035686789118303e-05,1.0788934307265299e-07
147,S8_3,3,descending,converging,0.1684,7.42722,high,other,2965.59,2965.67,2964.68,WIN,3.0,16,1,PULLBACK,0.9998250628044949,1.3060730341503115e-07,0.9998250628044949,0.0001747248348518917,8.175334974772005e-08
147,S8_3,3,descending,converging,0.1684,7.42722,high,other,2965.59,2965.67,2964.68,LOSS,-0.5,2,0,PULLBACK,0.9996356586203103,1.0121765460774173e-07,0.9996356586203103,0.0003641769176022199,6.324443275130512e-08
167,S9_3,3,ascending,diverging,0.5535,7.35579,high,other,3010.99,3014.47,3009.23,LOSS,-0.5,1,0,PULLBACK,0.9998181039992113,0.00012343258203867643,0.9998181039992113,5.8353766814770225e-05,1.0965193524081471e-07
167,S9_3,3,ascending,diverging,0.5535,7.35579,high,other,3010.99,3014.47,3009.23,LOSS,-0.5,1,0,PULLBACK,0.9997921338239654,0.0001050233704345276,0.9997921338239654,0.00010250955527739017,3.332503228190184e-07
167,S9_3,3,ascending,diverging,0.5535,7.35579,high,other,3010.99,3014.47,3009.23,LOSS,-0.5,1,0,PULLBACK,0.9995089952149805,6.930850197721332e-05,0.9995089952149805,0.00041679131253115,4.904970511219862e-06
167,S9_3,3,ascending,diverging,0.5535,7.35579,high,other,3010.99,3014.47,3009.23,LOSS,-0.5,1,0,PULLBACK,0.9975874889636286,4.577677785362647e-05,0.9975874889636286,0.0023014470109598627,6.528724755788242e-05
167,S9_3,3,ascending,diverging,0.5535,7.35579,high,other,3010.99,3014.47,3009.23,LOSS,-0.5,1,0,PULLBACK,0.9707865673329227,3.2478917608995627e-05,0.9707865673329227,0.02810356969995394,0.0010773840495144362
167,S9_3,3,ascending,diverging,0.5535,7.35579,high,other,3010.99,3014.47,3009.23,LOSS,-0.5,1,0,PULLBACK,0.7301528544261352,2.0369054260873553e-05,0.7301528544261352,0.25292167195265775,0.016905104566946147
172,S10_3,3,descending,converging,0.0803,6.47456,high,other,2995.79,2996.72,2992.66,WIN,3.0,4,1,CHOPZONE,0.9961222945952077,2.5099273854362793e-08,0.002966774380287605,0.9961222945952077,0.0009109059252308328
172,S10_3,3,descending,converging,0.0803,6.47456,high,other,2995.79,2996.72,2992.66,LOSS,-0.5,2,0,CHOPZONE,0.999541689746759,2.875445016160991e-09,0.00017872986451646046,0.999541689746759,0.00027957751327940903
172,S10_3,3,descending,converging,0.0803,6.47456,high,other,2995.79,2996.72,2992.66,WIN,3.0,4,1,CHOPZONE,0.9995254446421759,1.499812365040409e-09,0.00014372115254660827,0.9995254446421759,0.0003308327054651739
172,S10_3,3,descending,converging,0.0803,6.47456,high,other,2995.79,2996.72,2992.66,WIN,3.0,4,1,CHOPZONE,0.9994836175664661,8.078821157538512e-10,0.00012515017105652038,0.9994836175664661,0.00039123145459525556
172,S10_3,3,descending,converging,0.0803,6.47456,high,other,2995.79,2996.72,2992.66,WIN,3.0,4,1,CHOPZONE,0.9994237382340074,4.527060813864009e-10,0.00011407485629323901,0.9994237382340074,0.0004621864569932105
172,S10_3,3,descending,converging,0.0803,6.47456,high,other,2995.79,2996.72,2992.66,WIN,3.0,4,1,CHOPZONE,0.996240958401794,1.338748971529492e-09,0.0006912515909619301,0.996240958401794,0.003067788668495006
180,S11_3,3,ascending,converging,0.6385,6.68433,high,london,3034.34,3037.45,3031.11,LOSS,-0.5,1,0,COMPRESSION,0.5467730121914567,1.5669020086487664e-05,0.18013297553709892,0.2730783432513579,0.5467730121914567
180,S11_3,3,ascending,converging,0.6385,6.68433,high,london,3034.34,3037.45,3031.11,LOSS,-0.5,1,0,COMPRESSION,0.45301052657086865,4.4106752427002486e-05,0.45273739858070755,0.09420796809599685,0.45301052657086865
180,S11_3,3,ascending,converging,0.6385,6.68433,high,london,3034.34,3037.45,3031.11,LOSS,-0.5,1,0,PULLBACK,0.9444045959230196,0.05559496838881293,0.9444045959230196,4.296484597581239e-07,6.039707709087333e-09
180,S11_3,3,ascending,converging,0.6385,6.68433,high,london,3034.34,3037.45,3031.11,LOSS,-0.5,1,0,PULLBACK,0.909596679685563,0.09040325342153956,0.909596679685563,6.612264703381263e-08,7.702504048907096e-10
180,S11_3,3,ascending,converging,0.6385,6.68433,high,london,3034.34,3037.45,3031.11,LOSS,-0.5,1,0,PULLBACK,0.8684868440637604,0.13151311105103453,0.8684868440637604,4.4294807656402374e-08,5.903973708940617e-10
180,S11_3,3,ascending,converging,0.6385,6.68433,high,london,3034.34,3037.45,3031.11,LOSS,-0.5,1,0,PULLBACK,0.8451794343917308,0.15481996147678354,0.8451794343917308,6.01868590561637e-07,2.262895151338391e-09
199,S12_3,3,descending,diverging,0.1059,5.63555,low,other,3011.1,3011.26,3009.08,WIN,3.0,3,1,CHOPZONE,0.9918212820899063,1.4299765717840096e-08,0.004517425732541089,0.9918212820899063,0.0036612778777868698
199,S12_3,3,descending,diverging,0.1059,5.63555,low,other,3011.1,3011.26,3009.08,LOSS,-0.5,1,0,CHOPZONE,0.9984809351246812,1.9814490049316005e-10,0.00016830050323934047,0.9984809351246812,0.001350764173934513
199,S12_3,3,descending,diverging,0.1059,5.63555,low,other,3011.1,3011.26,3009.08,WIN,3.0,3,1,CHOPZONE,0.9981846573044953,6.185624079216879e-11,0.00012519641300865473,0.9981846573044953,0.0016901462206398085
199,S12_3,3,descending,diverging,0.1059,5.63555,low,other,3011.1,3011.26,3009.08,WIN,3.0,3,1,CHOPZONE,0.9979601774116471,2.504602148823224e-11,0.00011716991771653902,0.9979601774116471,0.001922652645590358
199,S12_3,3,descending,diverging,0.1059,5.63555,low,other,3011.1,3011.26,3009.08,WIN,3.0,3,1,CHOPZONE,0.9978785648005601,1.2519799601562201e-11,0.00014261809334803878,0.9978785648005601,0.0019788170935720476
199,S12_3,3,descending,diverging,0.1059,5.63555,low,other,3011.1,3011.26,3009.08,WIN,3.0,3,1,CHOPZONE,0.9887856700288787,1.1615204691307112e-10,0.004220017616135501,0.9887856700288787,0.006994312238833714
203,S13_3,3,ascending,converging,0.3735,5.94079,low,london,3030.76,3031.46,3029.31,LOSS,-0.5,4,0,PULLBACK,0.9916938125862662,0.0011382252363927243,0.9916938125862662,0.0070189226404361,0.00014903953690491802
203,S13_3,3,ascending,converging,0.3735,5.94079,low,london,3030.76,3031.46,3029.31,LOSS,-0.5,1,0,PULLBACK,0.998505056754159,0.0014618421744261652,0.998505056754159,3.28539562129122e-05,2.47115201961939e-07
203,S13_3,3,ascending,converging,0.3735,5.94079,low,london,3030.76,3031.46,3029.31,LOSS,-0.5,1,0,PULLBACK,0.9852810857832177,0.014718911506267057,0.9852810857832177,2.6929941210632993e-09,1.7521072997216815e-11
203,S13_3,3,ascending,converging,0.3735,5.94079,low,london,3030.76,3031.46,3029.31,LOSS,-0.5,1,0,PULLBACK,0.9779790866105489,0.022020912611443594,0.9779790866105489,7.473474215811408e-10,3.066016186069753e-11
203,S13_3,3,ascending,converging,0.3735,5.94079,low,london,3030.76,3031.46,3029.31,LOSS,-0.5,1,0,PULLBACK,0.9694621806085597,0.030537819141388953,0.9694621806085597,1.9427518693086775e-10,5.5776171687253706e-11
203,S13_3,3,ascending,converging,0.3735,5.94079,low,london,3030.76,3031.46,3029.31,LOSS,-0.5,1,0,PULLBACK,0.9632062291318292,0.03679377071374818,0.9632062291318292,5.906285143642304e-11,9.53597886853629e-11
219,S14_3,3,ascending,converging,0.3625,6.38255,low,other,3068.72,3069.45,3062.34,LOSS,-0.5,1,0,PULLBACK,0.974292212241489,0.02570778757005427,0.974292212241489,8.698627421389779e-11,1.014704543131044e-10
219,S14_3,3,ascending,converging,0.3625,6.38255,low,other,3068.72,3069.45,3062.34,LOSS,-0.5,1,0,PULLBACK,0.9773914075150167,0.022608592297567356,0.9773914075150167,8.623429635380372e-11,1.0118168371743344e-10
219,S14_3,3,ascending,converging,0.3625,6.38255,low,other,3068.72,3069.45,3062.34,LOSS,-0.5,1,0,PULLBACK,0.9864564263703448,0.013543573383266914,0.9864564263703448,1.3438349924875496e-10,1.1200474980759655e-10
219,S14_3,3,ascending,converging,0.3625,6.38255,low,other,3068.72,3069.45,3062.34,LOSS,-0.5,1,0,PULLBACK,0.9865515952425908,0.013448404510866803,0.9865515952425908,1.3482172445471338e-10,1.1172062369858662e-10
219,S14_3,3,ascending,converging,0.3625,6.38255,low,other,3068.72,3069.45,3062.34,LOSS,-0.5,1,0,PULLBACK,0.9784893462555171,0.02151065348813752,0.9784893462555171,1.4386518639553832e-10,1.1248029059004368e-10
219,S14_3,3,ascending,converging,0.3625,6.38255,low,other,3068.72,3069.45,3062.34,LOSS,-0.5,1,0,PULLBACK,0.8934443334523527,0.1065556661881628,0.8934443334523527,2.387155925387466e-10,1.2076883170640236e-10
220,S15_3,3,ascending,converging,1.7293,7.30951,high,other,3083.27,3088.08,3082.67,LOSS,-0.5,2,0,BREAKOUT,0.9945908420817297,0.9945908420817297,0.005409156512414569,7.021126699814754e-10,7.037431034593699e-10
220,S15_3,3,ascending,converging,1.7293,7.30951,high,other,3083.27,3088.08,3082.67,LOSS,-0.5,2,0,BREAKOUT,0.9993006888267206,0.9993006888267206,0.0006993109876415475,9.266039419231281e-11,9.29773529745273e-11
220,S15_3,3,ascending,converging,1.7293,7.30951,high,other,3083.27,3088.08,3082.67,LOSS,-0.5,2,0,BREAKOUT,0.999012135791968,0.999012135791968,0.0009878640985603313,5.459482766263943e-11,5.4876832343681527e-11
220,S15_3,3,ascending,converging,1.7293,7.30951,high,other,3083.27,3088.08,3082.67,LOSS,-0.5,2,0,BREAKOUT,0.9985011289238779,0.9985011289238779,0.0014988710047434464,3.551127674686164e-11,3.58673938472374e-11
220,S15_3,3,ascending,converging,1.7293,7.30951,high,other,3083.27,3088.08,3082.67,LOSS,-0.5,2,0,BREAKOUT,0.9970593779420742,0.9970593779420742,0.002940621998643142,2.8165221015213366e-11,3.1117404678778464e-11
220,S15_3,3,ascending,converging,1.7293,7.30951,high,other,3083.27,3088.08,3082.67,LOSS,-0.5,2,0,BREAKOUT,0.9649867083537033,0.9649867083537033,0.03501329139021811,9.618496741861755e-11,1.598936039504548e-10
228,S16_3,3,ascending,converging,0.4398,7.33524,high,london,3061.73,3065.0,3057.98,LOSS,-0.5,5,0,PULLBACK,0.9997909824281194,8.725464482006629e-06,0.9997909824281194,0.00020028487613377166,7.231264759334742e-09
228,S16_3,3,ascending,converging,0.4398,7.33524,high,london,3061.73,3065.0,3057.98,LOSS,-0.5,1,0,PULLBACK,0.991807416681102,6.487022698475825e-07,0.991807416681102,0.008191477060966979,4.57555661113869e-07
228,S16_3,3,ascending,converging,0.4398,7.33524,high,london,3061.73,3065.0,3057.98,LOSS,-0.5,1,0,CHOPZONE,0.4849414711127976,2.4530237475153714e-09,0.5150334210216967,0.4849414711127976,2.5105412481956415e-05
228,S16_3,3,ascending,converging,0.4398,7.33524,high,london,3061.73,3065.0,3057.98,LOSS,-0.5,1,0,CHOPZONE,0.9037891622807143,4.170050111629259e-10,0.09609491340869003,0.9037891622807143,0.0001159238935907589
228,S16_3,3,ascending,converging,0.4398,7.33524,high,london,3061.73,3065.0,3057.98,LOSS,-0.5,1,0,CHOPZONE,0.9907999924674774,4.862427106152117e-11,0.009012703708031432,0.9907999924674774,0.00018730377586698206
228,S16_3,3,ascending,converging,0.4398,7.33524,high,london,3061.73,3065.0,3057.98,LOSS,-0.5,1,0,CHOPZONE,0.9982634417193047,1.1776779683144416e-11,0.001364070460999935,0.9982634417193047,0.0003724878079184873
235,S17_3,3,ascending,converging,0.4433,6.81201,high,other,3078.23,3079.08,3076.54,LOSS,-0.5,3,0,CHOPZONE,0.9977996000017835,7.606420537575204e-11,0.00014968124353369417,0.9977996000017835,0.0020507186786185897
235,S17_3,3,ascending,converging,0.4433,6.81201,high,other,3078.23,3079.08,3076.54,LOSS,-0.5,9,0,CHOPZONE,0.9982675512076418,2.309462744033718e-10,0.00018566192722933487,0.9982675512076418,0.001546786634182621
235,S17_3,3,ascending,converging,0.4433,6.81201,high,other,3078.23,3079.08,3076.54,LOSS,-0.5,9,0,CHOPZONE,0.9984923081298559,4.2149123344337056e-10,0.0002154384982583415,0.9984923081298559,0.001292252950394507
235,S17_3,3,ascending,converging,0.4433,6.81201,high,other,3078.23,3079.08,3076.54,LOSS,-0.5,9,0,CHOPZONE,0.9984947630475308,4.214279245820922e-10,0.0002153754085552965,0.9984947630475308,0.0012898611224859216
235,S17_3,3,ascending,converging,0.4433,6.81201,high,other,3078.23,3079.08,3076.54,LOSS,-0.5,9,0,CHOPZONE,0.9984883973769161,4.223593778328306e-10,0.0002159146157456211,0.9984883973769161,0.00129568758497887
235,S17_3,3,ascending,converging,0.4433,6.81201,high,other,3078.23,3079.08,3076.54,LOSS,-0.5,9,0,CHOPZONE,0.9978887448307862,4.954313548345372e-10,0.0002544664488988036,0.9978887448307862,0.001856788224883681
247,S18_3,3,descending,converging,0.6954,6.10496,low,other,3058.3,3058.55,3057.4,LOSS,-0.5,3,0,CHOPZONE,0.9418606457900892,1.1873316339381777e-11,0.0010061151479139666,0.9418606457900892,0.057133239050123484
247,S18_3,3,descending,converging,0.6954,6.10496,low,other,3058.3,3058.55,3057.4,LOSS,-0.5,3,0,CHOPZONE,0.9292850732379565,1.0385612413281874e-11,0.0010590645289684588,0.9292850732379565,0.06965586222268928
247,S18_3,3,descending,converging,0.6954,6.10496,low,other,3058.3,3058.55,3057.4,LOSS,-0.5,3,0,CHOPZONE,0.9488478635104788,1.0772458635103895e-11,0.0006421472564860631,0.9488478635104788,0.05050998922226275
247,S18_3,3,descending,converging,0.6954,6.10496,low,other,3058.3,3058.55,3057.4,LOSS,-0.5,2,0,CHOPZONE,0.9374874875192268,5.996866953798286e-12,0.0005612008209592616,0.9374874875192268,0.061951311653817
247,S18_3,3,descending,converging,0.6954,6.10496,low,other,3058.3,3058.55,3057.4,LOSS,-0.5,2,0,CHOPZONE,0.8983296720075767,3.908314106132853e-12,0.0006395130409411013,0.8983296720075767,0.1010308149475738
247,S18_3,3,descending,converging,0.6954,6.10496,low,other,3058.3,3058.55,3057.4,LOSS,-0.5,2,0,CHOPZONE,0.7771598237591859,2.8986309939763054e-11,0.007550888173375781,0.7771598237591859,0.21528928803845196
253,S19_3,3,ascending,diverging,0.9733,7.31518,high,london,3090.78,3092.48,3085.6,LOSS,-0.5,8,0,PULLBACK,0.9993041590097552,0.00040602020567715667,0.9993041590097552,0.00028975917218111003,6.161238651719807e-08
253,S19_3,3,ascending,diverging,0.9733,7.31518,high,london,3090.78,3092.48,3085.6,LOSS,-0.5,8,0,PULLBACK,0.9968024119239924,0.0031905798673575615,0.9968024119239924,7.007577020501662e-06,6.31629406045595e-10
253,S19_3,3,ascending,diverging,0.9733,7.31518,high,london,3090.78,3092.48,3085.6,LOSS,-0.5,8,0,BREAKOUT,0.9700322367756892,0.9700322367756892,0.029967762946073326,1.386670667771797e-10,1.3957046551832183e-10
253,S19_3,3,ascending,diverging,0.9733,7.31518,high,london,3090.78,3092.48,3085.6,LOSS,-0.5,8,0,BREAKOUT,0.9975760554356286,0.9975760554356286,0.0024239444989002977,3.265770024505477e-11,3.281351042587023e-11
253,S19_3,3,ascending,diverging,0.9733,7.31518,high,london,3090.78,3092.48,3085.6,LOSS,-0.5,8,0,BREAKOUT,0.9985977861233246,0.9985977861233246,0.0014022137916501964,4.190274246031105e-11,4.312256049749227e-11
253,S19_3,3,ascending,diverging,0.9733,7.31518,high,london,3090.78,3092.48,3085.6,LOSS,-0.5,8,0,BREAKOUT,0.9912726323645358,0.9912726323645358,0.008727366726398678,3.409894109691721e-10,5.680761323421414e-10
268,S20_3,3,descending,diverging,0.6306,8.27025,high,other,3051.07,3053.11,3048.47,LOSS,-0.5,0,0,PULLBACK,0.9945360039057397,0.005463994132743652,0.9945360039057397,1.4486564131936326e-09,5.128602257907664e-10
268,S20_3,3,descending,diverging,0.6306,8.27025,high,other,3051.07,3053.11,3048.47,LOSS,-0.5,0,0,PULLBACK,0.9995522090263783,0.0004477877618966514,0.9995522090263783,3.0058444434131593e-09,2.0588049067686233e-10
268,S20_3,3,descending,diverging,0.6306,8.27025,high,other,3051.07,3053.11,3048.47,LOSS,-0.5,0,0,PULLBACK,0.9997234704311125,0.0002765126798103563,0.9997234704311125,1.678578129462522e-08,1.0329584384360159e-10
268,S20_3,3,descending,diverging,0.6306,8.27025,high,other,3051.07,3053.11,3048.47,LOSS,-0.5,0,0,PULLBACK,0.9997992536222123,0.00020066675198506293,0.9997992536222123,7.957302791496807e-08,5.2774684818477934e-11
268,S20_3,3,descending,diverging,0.6306,8.27025,high,other,3051.07,3053.11,3048.47,LOSS,-0.5,0,0,PULLBACK,0.9998528566789122,0.00014680207114721214,0.9998528566789122,3.4122104401667417e-07,2.8896559725561412e-11
268,S20_3,3,descending,diverging,0.6306,8.27025,high,other,3051.07,3053.11,3048.47,WIN,3.0,15,1,PULLBACK,0.9998098510505133,0.00015958832196385456,0.9998098510505133,3.0560525793982286e-05,1.0172881743191466e-10
284,S21_3,3,ascending,converging,0.2892,7.38714,high,other,3076.38,3076.74,3075.57,LOSS,-0.5,2,0,CHOPZONE,0.9576346025353192,1.386666570317711e-09,0.04219874257255712,0.9576346025353192,0.00016665350545716249
284,S21_3,3,ascending,converging,0.2892,7.38714,high,other,3076.38,3076.74,3075.57,LOSS,-0.5,7,0,CHOPZONE,0.9970919502486013,1.4343512543727822e-10,0.0028487356351970207,0.9970919502486013,5.931397276662725e-05
284,S21_3,3,ascending,converging,0.2892,7.38714,high,other,3076.38,3076.74,3075.57,LOSS,-0.5,2,0,CHOPZONE,0.9989125133620658,7.075365128332197e-11,0.0010073864069413798,0.9989125133620658,8.010016023921303e-05
284,S21_3,3,ascending,converging,0.2892,7.38714,high,other,3076.38,3076.74,3075.57,LOSS,-0.5,7,0,CHOPZONE,0.9992551376859634,5.02659214691399e-11,0.0006255935603980207,0.9992551376859634,0.0001192687033725941
284,S21_3,3,ascending,converging,0.2892,7.38714,high,other,3076.38,3076.74,3075.57,LOSS,-0.5,2,0,CHOPZONE,0.999435107182609,3.70480706939903e-11,0.00037096025018409044,0.999435107182609,0.00019393253015888247
284,S21_3,3,ascending,converging,0.2892,7.38714,high,other,3076.38,3076.74,3075.57,LOSS,-0.5,7,0,CHOPZONE,0.9984578417909086,6.461369605000719e-11,0.00048644087600974384,0.9984578417909086,0.001055717268468003
292,S22_3,3,descending,converging,0.5268,6.32583,low,other,3059.52,3060.62,3058.95,WIN,3.0,10,1,COMPRESSION,0.3317262478779075,7.494192239889719e-10,0.004606261841699005,0.6636674895309744,0.3317262478779075
292,S22_3,3,descending,converging,0.5268,6.32583,low,other,3059.52,3060.62,3058.95,LOSS,-0.5,3,0,COMPRESSION,0.5114306817417771,7.304912647211229e-10,0.005393010142349181,0.4831763073853825,0.5114306817417771
292,S22_3,3,descending,converging,0.5268,6.32583,low,other,3059.52,3060.62,3058.95,WIN,3.0,10,1,COMPRESSION,0.6354477588750539,6.712590390642662e-10,0.004676003707072746,0.35987623674661434,0.6354477588750539
292,S22_3,3,descending,converging,0.5268,6.32583,low,other,3059.52,3060.62,3058.95,LOSS,-0.5,3,0,COMPRESSION,0.720694959354193,6.168147228338363e-10,0.003940362943318935,0.2753646770856734,0.720694959354193
292,S22_3,3,descending,converging,0.5268,6.32583,low,other,3059.52,3060.62,3058.95,WIN,3.0,10,1,COMPRESSION,0.7772048396290561,6.409398546439057e-10,0.003910934387967277,0.21888422534203672,0.7772048396290561
292,S22_3,3,descending,converging,0.5268,6.32583,low,other,3059.52,3060.62,3058.95,LOSS,-0.5,3,0,COMPRESSION,0.7933633383096335,3.4579546235326398e-09,0.025821507933765638,0.18081515029864637,0.7933633383096335
323,S23_3,3,ascending,diverging,1.1818,5.97645,low,london,3135.01,3139.3,3134.14,LOSS,-0.5,1,0,PULLBACK,0.9969920736728627,0.0030060737483938614,0.9969920736728627,8.103343974868018e-07,1.0422443459506642e-06
323,S23_3,3,ascending,diverging,1.1818,5.97645,low,london,3135.01,3139.3,3134.14,LOSS,-0.5,1,0,PULLBACK,0.9972180076442224,0.0027818075959023733,0.9972180076442224,1.1489577918426112e-07,6.986409595974149e-08
323,S23_3,3,ascending,diverging,1.1818,5.97645,low,london,3135.01,3139.3,3134.14,LOSS,-0.5,1,0,PULLBACK,0.9961568401079667,0.003842985589367533,0.9961568401079667,1.403460122542136e-07,3.395665345961195e-08
323,S23_3,3,ascending,diverging,1.1818,5.97645,low,london,3135.01,3139.3,3134.14,LOSS,-0.5,1,0,PULLBACK,0.9944312677929545,0.0055685540966330105,0.9944312677929545,1.6164283085497156e-07,1.646758154195661e-08
323,S23_3,3,ascending,diverging,1.1818,5.97645,low,london,3135.01,3139.3,3134.14,LOSS,-0.5,1,0,PULLBACK,0.9915166942644748,0.008483125915764693,0.9915166942644748,1.719170981855994e-07,7.90266230659383e-09
323,S23_3,3,ascending,diverging,1.1818,5.97645,low,london,3135.01,3139.3,3134.14,LOSS,-0.5,1,0,PULLBACK,0.9876500443339243,0.012349789987604437,0.9876500443339243,1.6181904931601446e-07,3.859421983539155e-09
333,S24_3,3,ascending,converging,1.0952,5.78763,low,other,3134.83,3139.25,3131.15,LOSS,-0.5,2,0,PULLBACK,0.9949096679562116,0.005086089013189405,0.9949096679562116,3.946164897416447e-06,2.9686570154887153e-07
333,S24_3,3,ascending,converging,1.0952,5.78763,low,other,3134.83,3139.25,3131.15,LOSS,-0.5,2,0,PULLBACK,0.9864929343869052,0.013503128943929008,0.9864929343869052,3.6935620624149143e-06,2.431071033350218e-07
333,S24_3,3,ascending,converging,1.0952,5.78763,low,other,3134.83,3139.25,3131.15,LOSS,-0.5,2,0,PULLBACK,0.8955610211222232,0.10443832633701167,0.8955610211222232,6.441427877702619e-07,8.397977355645922e-09
333,S24_3,3,ascending,converging,1.0952,5.78763,low,other,3134.83,3139.25,3131.15,LOSS,-0.5,2,0,PULLBACK,0.7352406814734899,0.2647591202099924,0.7352406814734899,1.9744759957235608e-07,8.689181564297995e-10
333,S24_3,3,ascending,converging,1.0952,5.78763,low,other,3134.83,3139.25,3131.15,LOSS,-0.5,2,0,PULLBACK,0.5459711460062798,0.45402882919564175,0.5459711460062798,2.4776509904780477e-08,2.156839518131012e-11
333,S24_3,3,ascending,converging,1.0952,5.78763,low,other,3134.83,3139.25,3131.15,LOSS,-0.5,2,0,PULLBACK,0.5148753943444921,0.485124603784222,0.5148753943444921,1.8456524703521494e-09,2.5633221802574423e-11
335,S25_3,3,ascending,converging,0.3698,5.73684,low,other,3140.65,3143.39,3139.95,LOSS,-0.5,3,0,PULLBACK,0.9979330518321925,7.106433601984843e-08,0.9979330518321925,0.002066822934253165,5.4169218332595464e-08
335,S25_3,3,ascending,converging,0.3698,5.73684,low,other,3140.65,3143.39,3139.95,LOSS,-0.5,3,0,PULLBACK,0.9999701782951812,3.6146964898613066e-08,0.9999701782951812,2.97797652060582e-05,5.792647869692715e-09
335,S25_3,3,ascending,converging,0.3698,5.73684,low,other,3140.65,3143.39,3139.95,LOSS,-0.5,3,0,PULLBACK,0.9999888729642815,5.562634139022208e-06,0.9999888729642815,2.087385603093718e-06,3.4770159763428487e-06
335,S25_3,3,ascending,converging,0.3698,5.73684,low,other,3140.65,3143.39,3139.95,LOSS,-0.5,3,0,PULLBACK,0.999988874470925,5.5627761521404925e-06,0.999988874470925,2.0860903976438323e-06,3.4766625252111886e-06
335,S25_3,3,ascending,converging,0.3698,5.73684,low,other,3140.65,3143.39,3139.95,LOSS,-0.5,3,0,PULLBACK,0.999988871384508,5.565559060655563e-06,0.999988871384508,2.0863065226865642e-06,3.476749908748435e-06
335,S25_3,3,ascending,converging,0.3698,5.73684,low,other,3140.65,3143.39,3139.95,LOSS,-0.5,3,0,PULLBACK,0.999933586747877,5.80866463562126e-05,0.999933586747877,4.159179417268955e-06,4.167426349484259e-06
348,S26_3,3,descending,diverging,2.365,5.75416,low,london,3107.53,3108.83,3105.68,LOSS,-0.5,2,0,BREAKOUT,0.9940196216988046,0.9940196216988046,0.005980376755021093,7.723214427900269e-10,7.738528224203056e-10
348,S26_3,3,descending,diverging,2.365,5.75416,low,london,3107.53,3108.83,3105.68,LOSS,-0.5,2,0,BREAKOUT,0.9993949677022699,0.9993949677022699,0.0006050320677277401,1.1488627192308527e-10,1.1511599035862847e-10
348,S26_3,3,descending,diverging,2.365,5.75416,low,london,3107.53,3108.83,3105.68,WIN,3.0,3,1,BREAKOUT,0.9994240368209937,0.9994240368209937,0.0005759629561212972,1.1133117169834041e-10,1.1155384420896698e-10
348,S26_3,3,descending,diverging,2.365,5.75416,low,london,3107.53,3108.83,3105.68,WIN,3.0,3,1,BREAKOUT,0.9994240368154382,0.9994240368154382,0.0005759629616767147,1.1132557299046543e-10,1.115594442737982e-10
348,S26_3,3,descending,diverging,2.365,5.75416,low,london,3107.53,3108.83,3105.68,WIN,3.0,3,1,BREAKOUT,0.9993949666694287,0.9993949666694287,0.0006050331005688554,1.1384538238768633e-10,1.1615713217344238e-10
348,S26_3,3,descending,diverging,2.365,5.75416,low,london,3107.53,3108.83,3105.68,WIN,3.0,3,1,BREAKOUT,0.994019430715456,0.994019430715456,0.0059805677383714395,5.79818990296837e-10,9.663536277339965e-10
353,S27_3,3,descending,diverging,0.1828,5.71243,low,other,3123.23,3126.35,3121.23,LOSS,-0.5,7,0,PULLBACK,0.9999719450481169,2.4537547502079622e-05,0.9999719450481169,1.3190407292972563e-06,2.1983636516544744e-06
353,S27_3,3,descending,diverging,0.1828,5.71243,low,other,3123.23,3126.35,3121.23,LOSS,-0.5,7,0,PULLBACK,0.9999931653755337,3.417640133802275e-06,0.9999931653755337,1.2813929354003872e-06,2.1355913970327827e-06
353,S27_3,3,descending,diverging,0.1828,5.71243,low,other,3123.23,3126.35,3121.23,LOSS,-0.5,7,0,PULLBACK,0.9999923275653242,3.836222784677142e-06,0.9999923275653242,1.4386072888640476e-06,2.3976046022733296e-06
353,S27_3,3,descending,diverging,0.1828,5.71243,low,other,3123.23,3126.35,3121.23,LOSS,-0.5,0,0,PULLBACK,0.9999917188041503,4.140604521922984e-06,0.9999917188041503,1.5527555359193185e-06,2.5878357919299837e-06
353,S27_3,3,descending,diverging,0.1828,5.71243,low,other,3123.23,3126.35,3121.23,LOSS,-0.5,0,0,PULLBACK,0.9999906759881837,4.662014277414545e-06,0.9999906759881837,1.7482923383875646e-06,2.9137052005652094e-06
353,S27_3,3,descending,diverging,0.1828,5.71243,low,other,3123.23,3126.35,3121.23,LOSS,-0.5,0,0,PULLBACK,0.999989130262947,5.434873493852346e-06,0.999989130262947,2.0380930048938087e-06,3.396770554319015e-06
359,S28_3,3,descending,converging,0.3865,5.82913,low,other,3113.67,3116.09,3110.92,WIN,3.0,7,1,PULLBACK,0.9999995741011825,2.1294963336297871e-07,0.9999995741011825,7.985680556349287e-08,1.3309237851822914e-07
359,S28_3,3,descending,converging,0.3865,5.82913,low,other,3113.67,3116.09,3110.92,LOSS,-0.5,1,0,PULLBACK,0.9999996169570597,1.9152149897972001e-07,0.9999996169570597,7.182060321066692e-08,1.1970083802089979e-07
359,S28_3,3,descending,converging,0.3865,5.82913,low,other,3113.67,3116.09,3110.92,LOSS,-0.5,1,0,PULLBACK,0.9999996838536581,1.6728678870998533e-07,0.9999996838536581,5.582239113400363e-08,9.303716199500983e-08
359,S28_3,3,descending,converging,0.3865,5.82913,low,other,3113.67,3116.09,3110.92,LOSS,-0.5,1,0,PULLBACK,0.9999997242061446,1.433945358962598e-07,0.9999997242061446,6.787610798070001e-08,6.452321157904555e-08
359,S28_3,3,descending,converging,0.3865,5.82913,low,other,3113.67,3116.09,3110.92,WIN,3.0,7,1,PULLBACK,0.9999996801716987,1.2237364265860756e-07,0.9999996801716987,1.5255122129985248e-07,4.4903437325785434e-08
359,S28_3,3,descending,converging,0.3865,5.82913,low,other,3113.67,3116.09,3110.92,WIN,3.0,7,1,PULLBACK,0.9999994441322813,1.2500442937073983e-07,0.9999994441322813,4.010253015610171e-07,2.983798784843586e-08
378,S29_3,3,ascending,diverging,1.3122,7.16842,high,other,3181.08,3183.51,3179.6,LOSS,-0.5,1,0,PULLBACK,0.9753728021595959,0.024627197675528227,0.9753728021595959,6.809402489935648e-11,9.678187910854533e-11
378,S29_3,3,ascending,diverging,1.3122,7.16842,high,other,3181.08,3183.51,3179.6,LOSS,-0.5,1,0,PULLBACK,0.9831204134810652,0.016879585453044542,0.9831204134810652,1.0370602806772826e-09,2.883009081712934e-11
378,S29_3,3,ascending,diverging,1.3122,7.16842,high,other,3181.08,3183.51,3179.6,LOSS,-0.5,1,0,PULLBACK,0.990805671061314,0.009194315197806472,0.990805671061314,1.3731255383079227e-08,9.624172434640558e-12
378,S29_3,3,ascending,diverging,1.3122,7.16842,high,other,3181.08,3183.51,3179.6,LOSS,-0.5,1,0,PULLBACK,0.9950057429037447,0.004994107107295195,0.9950057429037447,1.499821765897119e-07,6.783581376922774e-12
378,S29_3,3,ascending,diverging,1.3122,7.16842,high,other,3181.08,3183.51,3179.6,LOSS,-0.5,1,0,PULLBACK,0.9971593007850099,0.002839444834517066,0.9971593007850099,1.2539259940317337e-06,4.544789608988385e-10
378,S29_3,3,ascending,diverging,1.3122,7.16842,high,other,3181.08,3183.51,3179.6,LOSS,-0.5,1,0,PULLBACK,0.9982611681600043,0.0017167042228779434,0.9982611681600043,2.210387763243815e-05,2.3739485220380093e-08
384,S30_3,3,ascending,diverging,0.3736,7.16919,high,other,3147.19,3147.46,3144.38,WIN,3.0,3,1,PULLBACK,0.925735283358295,7.832048493581064e-09,0.925735283358295,0.07426240279916203,2.3060104944168535e-06
384,S30_3,3,ascending,diverging,0.3736,7.16919,high,other,3147.19,3147.46,3144.38,WIN,3.0,3,1,PULLBACK,0.60185935318242,3.470887630443937e-09,0.60185935318242,0.3981029988172904,3.764452940203303e-05
384,S30_3,3,ascending,diverging,0.3736,7.16919,high,other,3147.19,3147.46,3144.38,WIN,3.0,3,1,CHOPZONE,0.7515994249021647,1.4555081333954993e-08,0.24754916489331813,0.7515994249021647,0.0008513956494358458
384,S30_3,3,ascending,diverging,0.3736,7.16919,high,other,3147.19,3147.46,3144.38,WIN,3.0,3,1,CHOPZONE,0.9545522684749302,1.6960532109518787e-09,0.04314588676652345,0.9545522684749302,0.0023018430624930676
384,S30_3,3,ascending,diverging,0.3736,7.16919,high,other,3147.19,3147.46,3144.38,WIN,3.0,3,1,CHOPZONE,0.9904043898454451,1.7857750688793963e-10,0.0054829892008134914,0.9904043898454451,0.004112620775163909
384,S30_3,3,ascending,diverging,0.3736,7.16919,high,other,3147.19,3147.46,3144.38,WIN,3.0,3,1,CHOPZONE,0.9901649368185693,4.589978579073738e-11,0.0019775073950763773,0.9901649368185693,0.007857555740454533
399,S31_3,3,ascending,converging,0.3343,7.52553,high,london,3179.27,3179.47,3177.76,LOSS,-0.5,16,0,CHOPZONE,0.9803169591232155,6.964638926547226e-10,0.01942899649120377,0.9803169591232155,0.0002540436891168592
399,S31_3,3,ascending,converging,0.3343,7.52553,high,london,3179.27,3179.47,3177.76,LOSS,-0.5,1,0,CHOPZONE,0.9928345146015011,1.1342483395959504e-10,0.006271457034805025,0.9928345146015011,0.0008940282502690301
399,S31_3,3,ascending,converging,0.3343,7.52553,high,london,3179.27,3179.47,3177.76,LOSS,-0.5,1,0,CHOPZONE,0.9993309329961954,4.3281213799437563e-11,0.0005040813871153836,0.9993309329961954,0.0001649855734080161
399,S31_3,3,ascending,converging,0.3343,7.52553,high,london,3179.27,3179.47,3177.76,LOSS,-0.5,1,0,CHOPZONE,0.9994751527596508,3.130026344490342e-11,0.0002230900312932155,0.9994751527596508,0.00030175717775570614
399,S31_3,3,ascending,converging,0.3343,7.52553,high,london,3179.27,3179.47,3177.76,LOSS,-0.5,1,0,CHOPZONE,0.9994079450994776,3.469646407733467e-11,0.0001382624932837577,0.9994079450994776,0.00045379237254215295
399,S31_3,3,ascending,converging,0.3343,7.52553,high,london,3179.27,3179.47,3177.76,LOSS,-0.5,1,0,CHOPZONE,0.9993303096951962,5.459416111511918e-11,0.00010620132483540705,0.9993303096951962,0.0005634889253743215
412,S32_3,3,descending,converging,0.4104,6.84601,high,other,3154.94,3157.11,3151.78,LOSS,-0.5,46,0,CHOPZONE,0.9977577924373857,2.486806693933791e-10,0.00023693772471697079,0.9977577924373857,0.0020052695892166152
412,S32_3,3,descending,converging,0.4104,6.84601,high,other,3154.94,3157.11,3151.78,LOSS,-0.5,3,0,CHOPZONE,0.997730273545528,2.4978492243158797e-10,0.00023899781595951574,0.997730273545528,0.0020307283887275843
412,S32_3,3,descending,converging,0.4104,6.84601,high,other,3154.94,3157.11,3151.78,LOSS,-0.5,46,0,CHOPZONE,0.99760240676759,2.0045958229316886e-10,0.00022596500791170486,0.99760240676759,0.0021716280240386475
412,S32_3,3,descending,converging,0.4104,6.84601,high,other,3154.94,3157.11,3151.78,LOSS,-0.5,46,0,CHOPZONE,0.9974485684195329,1.580235357425739e-10,0.0002132912932974018,0.9974485684195329,0.0023381401291461272
412,S32_3,3,descending,converging,0.4104,6.84601,high,other,3154.94,3157.11,3151.78,LOSS,-0.5,46,0,CHOPZONE,0.997019200747005,1.306389140700422e-10,0.00021883685781032552,0.997019200747005,0.0027619622645457488
412,S32_3,3,descending,converging,0.4104,6.84601,high,other,3154.94,3157.11,3151.78,LOSS,-0.5,46,0,CHOPZONE,0.9830750024943533,9.58553102569348e-10,0.0028212651856486855,0.9830750024943533,0.014103731361444981
428,S33_3,3,ascending,diverging,0.9333,7.06948,high,other,3230.97,3231.1,3230.64,LOSS,-0.5,1,0,PULLBACK,0.5932694144806995,0.00011546205582630339,0.5932694144806995,0.15427449208447902,0.25234063137899515
428,S33_3,3,ascending,diverging,0.9333,7.06948,high,other,3230.97,3231.1,3230.64,LOSS,-0.5,1,0,PULLBACK,0.8331132989147629,0.00012180553093184333,0.8331132989147629,0.030184856040349296,0.1365800395139558
428,S33_3,3,ascending,diverging,0.9333,7.06948,high,other,3230.97,3231.1,3230.64,LOSS,-0.5,1,0,PULLBACK,0.9828199945709518,0.017179666835610233,0.9828199945709518,3.317940854138612e-07,6.799352528432541e-09
428,S33_3,3,ascending,diverging,0.9333,7.06948,high,other,3230.97,3231.1,3230.64,LOSS,-0.5,1,0,PULLBACK,0.9779416114412587,0.022058246034100084,0.9779416114412587,1.4033235162061566e-07,2.192289641225771e-09
428,S33_3,3,ascending,diverging,0.9333,7.06948,high,other,3230.97,3231.1,3230.64,LOSS,-0.5,1,0,PULLBACK,0.9738843343302743,0.026115537287130387,0.9738843343302743,1.2662421836305352e-07,1.7583769249469398e-09
428,S33_3,3,ascending,diverging,0.9333,7.06948,high,other,3230.97,3231.1,3230.64,LOSS,-0.5,1,0,PULLBACK,0.9764249538666837,0.023574922536696755,0.9764249538666837,1.219130354732894e-07,1.6835840982282519e-09
431,S34_3,3,ascending,diverging,0.2239,8.1341,high,other,3199.9,3200.19,3197.08,LOSS,-0.5,11,0,PULLBACK,0.9999875642044319,6.807950955328077e-06,0.9999875642044319,2.1104599908742366e-06,3.517384621946071e-06
431,S34_3,3,ascending,diverging,0.2239,8.1341,high,other,3199.9,3200.19,3197.08,LOSS,-0.5,11,0,PULLBACK,0.9999953253988082,2.3373160918450882e-06,0.9999953253988082,8.764950290410618e-07,1.4607900708906181e-06
431,S34_3,3,ascending,diverging,0.2239,8.1341,high,other,3199.9,3200.19,3197.08,LOSS,-0.5,11,0,PULLBACK,0.9999971753021629,1.4123423250147067e-06,0.9999971753021629,5.296434794866887e-07,8.827120325837678e-07
431,S34_3,3,ascending,diverging,0.2239,8.1341,high,other,3199.9,3200.19,3197.08,LOSS,-0.5,11,0,PULLBACK,0.9999972325500208,8.8160391092391e-07,0.9999972325500208,1.3348389560843784e-06,5.510071122440114e-07
431,S34_3,3,ascending,diverging,0.2239,8.1341,high,other,3199.9,3200.19,3197.08,LOSS,-0.5,11,0,PULLBACK,0.9999952673525249,5.680384569018855e-07,0.9999952673525249,3.8095718211478895e-06,3.5503719703402826e-07
431,S34_3,3,ascending,diverging,0.2239,8.1341,high,other,3199.9,3200.19,3197.08,LOSS,-0.5,11,0,PULLBACK,0.999988570508718,3.778243814304851e-07,0.999988570508718,1.0814217401434779e-05,2.374494991130402e-07
436,S35_3,3,ascending,converging,0.3458,7.92363,high,other,3224.98,3225.41,3223.08,WIN,3.0,7,1,PULLBACK,0.9983221989485493,1.5953696345894697e-07,0.9983221989485493,0.0016772985666962542,3.4294779090415273e-07
436,S35_3,3,ascending,converging,0.3458,7.92363,high,other,3224.98,3225.41,3223.08,LOSS,-0.5,1,0,PULLBACK,0.9956271688275325,1.4065941820134174e-07,0.9956271688275325,0.004371732041706044,9.584713431390889e-07
436,S35_3,3,ascending,converging,0.3458,7.92363,high,other,3224.98,3225.41,3223.08,LOSS,-0.5,1,0,PULLBACK,0.966268473715999,9.906886486735819e-08,0.966268473715999,0.03371828055516083,1.3146659975356838e-05
436,S35_3,3,ascending,converging,0.3458,7.92363,high,other,3224.98,3225.41,3223.08,LOSS,-0.5,1,0,PULLBACK,0.842768638958069,6.338902341002388e-08,0.842768638958069,0.15710576730904505,0.00012553034386259343
436,S35_3,3,ascending,converging,0.3458,7.92363,high,other,3224.98,3225.41,3223.08,LOSS,-0.5,1,0,PULLBACK,0.6542189214357909,3.2122645829954796e-08,0.6542189214357909,0.3450242115817061,0.0007568348598571688
436,S35_3,3,ascending,converging,0.3458,7.92363,high,other,3224.98,3225.41,3223.08,LOSS,-0.5,1,0,PULLBACK,0.6122243267761034,2.0212843647410234e-08,0.6122243267761034,0.38382711588343443,0.003948537127618578
459,S36_3,3,descending,diverging,0.9706,6.53929,high,other,3158.71,3163.89,3157.37,TIMEOUT,0.0,50,0,PULLBACK,0.9969018241681037,0.0030968828412452428,0.9969018241681037,9.7485836814737e-07,3.1813228296951457e-07
459,S36_3,3,descending,diverging,0.9706,6.53929,high,other,3158.71,3163.89,3157.37,TIMEOUT,0.0,50,0,PULLBACK,0.9975554391017438,0.0024443628876127128,0.9975554391017438,1.0437448492607102e-07,9.363615852123938e-08
459,S36_3,3,descending,diverging,0.9706,6.53929,high,other,3158.71,3163.89,3157.37,TIMEOUT,0.0,50,0,PULLBACK,0.9973102583988313,0.0026895551686079455,0.9973102583988313,1.1295769957082378e-07,7.347486126657961e-08
459,S36_3,3,descending,diverging,0.9706,6.53929,high,other,3158.71,3163.89,3157.37,TIMEOUT,0.0,50,0,PULLBACK,0.9970122957700175,0.0029875248051881107,0.9970122957700175,1.215220630014449e-07,5.7902731383543714e-08
459,S36_3,3,descending,diverging,0.9706,6.53929,high,other,3158.71,3163.89,3157.37,TIMEOUT,0.0,50,0,PULLBACK,0.9966312744482078,0.003368549648051108,0.9966312744482078,1.3007859249524977e-07,4.582514863838517e-08
459,S36_3,3,descending,diverging,0.9706,6.53929,high,other,3158.71,3163.89,3157.37,TIMEOUT,0.0,50,0,PULLBACK,0.9946715129377092,0.005325055184153143,0.9946715129377092,3.256893217583071e-06,1.749849201121682e-07
467,S37_3,3,descending,diverging,0.2767,5.61379,low,london,3177.42,3179.37,3173.92,TIMEOUT,0.0,50,0,CHOPZONE,0.987926440127557,3.6992629214301064e-09,0.00537682802875184,0.987926440127557,0.006696728144428238
467,S37_3,3,descending,diverging,0.2767,5.61379,low,london,3177.42,3179.37,3173.92,TIMEOUT,0.0,50,0,CHOPZONE,0.997621439655343,1.8051899956315054e-10,0.00022532645560459296,0.997621439655343,0.002153233708533386
467,S37_3,3,descending,diverging,0.2767,5.61379,low,london,3177.42,3179.37,3173.92,TIMEOUT,0.0,50,0,CHOPZONE,0.9972002907491117,6.639917183719055e-11,0.00016241929699035244,0.9972002907491117,0.002637289887498757
467,S37_3,3,descending,diverging,0.2767,5.61379,low,london,3177.42,3179.37,3173.92,TIMEOUT,0.0,50,0,CHOPZONE,0.9966487203193062,2.7703350455580505e-11,0.00014151712615660832,0.9966487203193062,0.0032097625268339416
467,S37_3,3,descending,diverging,0.2767,5.61379,low,london,3177.42,3179.37,3173.92,TIMEOUT,0.0,50,0,CHOPZONE,0.9958945737373313,1.4034988100855912e-11,0.0001475973007769761,0.9958945737373313,0.003957828947856847
467,S37_3,3,descending,diverging,0.2767,5.61379,low,london,3177.42,3179.37,3173.92,TIMEOUT,0.0,50,0,CHOPZONE,0.9803644848791122,1.0350025400758783e-10,0.0030950179190902248,0.9803644848791122,0.01654049709829738
472,S38_3,3,descending,converging,0.3989,6.68067,high,other,3146.13,3147.02,3143.95,TIMEOUT,0.0,50,0,PULLBACK,0.9484117557381346,1.5139057677149287e-06,0.9484117557381346,0.05156624186674711,2.0488489350561264e-05
472,S38_3,3,descending,converging,0.3989,6.68067,high,other,3146.13,3147.02,3143.95,TIMEOUT,0.0,50,0,PULLBACK,0.9984853222562128,1.2004785990250162e-06,0.9984853222562128,0.0015130419231196054,4.353420685877831e-07
472,S38_3,3,descending,converging,0.3989,6.68067,high,other,3146.13,3147.02,3143.95,TIMEOUT,0.0,50,0,PULLBACK,0.9999546467187954,4.6671194447963695e-07,0.9999546467187954,4.488623765312936e-05,3.316071190713428e-10
472,S38_3,3,descending,converging,0.3989,6.68067,high,other,3146.13,3147.02,3143.95,TIMEOUT,0.0,50,0,PULLBACK,0.9999888143410413,6.524693858497046e-07,0.9999888143410413,1.0532638504806868e-05,5.51068087395181e-10
472,S38_3,3,descending,converging,0.3989,6.68067,high,other,3146.13,3147.02,3143.95,TIMEOUT,0.0,50,0,PULLBACK,0.9999976862063381,1.0450888470416074e-06,0.9999976862063381,1.2674216897637499e-06,1.283125145278599e-09
472,S38_3,3,descending,converging,0.3989,6.68067,high,other,3146.13,3147.02,3143.95,TIMEOUT,0.0,50,0,PULLBACK,0.9999975214637604,2.3564013085977817e-06,0.9999975214637604,1.1851446926299635e-07,3.6204616953461667e-09
480,S39_3,3,ascending,diverging,0.6458,7.62166,high,other,3197.65,3198.98,3196.52,TIMEOUT,0.0,50,0,PULLBACK,0.9610306767419019,0.03896932310700354,0.9610306767419019,5.768614743782921e-11,9.340831912244586e-11
480,S39_3,3,ascending,diverging,0.6458,7.62166,high,other,3197.65,3198.98,3196.52,TIMEOUT,0.0,50,0,PULLBACK,0.9533929121160333,0.046607087732481595,0.9533929121160333,5.7616842884612334e-11,9.386836860291456e-11
480,S39_3,3,ascending,diverging,0.6458,7.62166,high,other,3197.65,3198.98,3196.52,TIMEOUT,0.0,50,0,PULLBACK,0.9613177919639564,0.03868220782340971,0.9613177919639564,1.5511435127699979e-10,5.75195930079892e-11
480,S39_3,3,ascending,diverging,0.6458,7.62166,high,other,3197.65,3198.98,3196.52,TIMEOUT,0.0,50,0,PULLBACK,0.9703382345319137,0.02966176499196186,0.9703382345319137,4.399345658004289e-10,3.6189820994985334e-11
480,S39_3,3,ascending,diverging,0.6458,7.62166,high,other,3197.65,3198.98,3196.52,TIMEOUT,0.0,50,0,PULLBACK,0.9775784456596396,0.022421553127456296,0.9775784456596396,1.1895044475953016e-09,2.339969683836431e-11
480,S39_3,3,ascending,diverging,0.6458,7.62166,high,other,3197.65,3198.98,3196.52,TIMEOUT,0.0,50,0,PULLBACK,0.984200404703173,0.015799592227438063,0.984200404703173,3.053846178575387e-09,1.5542843280372967e-11
487,S40_3,3,descending,converging,0.2196,7.86009,high,other,3160.04,3161.25,3158.85,TIMEOUT,0.0,50,0,PULLBACK,0.9999941807317265,3.101354084675424e-06,0.9999941807317265,1.0192228845395944e-06,1.698691304270447e-06
487,S40_3,3,descending,converging,0.2196,7.86009,high,other,3160.04,3161.25,3158.85,TIMEOUT,0.0,50,0,PULLBACK,0.99999684213149,1.5789208520824134e-06,0.99999684213149,5.921243684493338e-07,9.86823289505385e-07
487,S40_3,3,descending,converging,0.2196,7.86009,high,other,3160.04,3161.25,3158.85,TIMEOUT,0.0,50,0,PULLBACK,0.9999965383126567,6.970663045190176e-07,0.9999965383126567,2.328934967475532e-06,4.3568607130785e-07
487,S40_3,3,descending,converging,0.2196,7.86009,high,other,3160.04,3161.25,3158.85,TIMEOUT,0.0,50,0,PULLBACK,0.9999847438352654,3.2930597097915396e-07,0.9999847438352654,1.4720977590785396e-05,2.0588117286600773e-07
487,S40_3,3,descending,converging,0.2196,7.86009,high,other,3160.04,3161.25,3158.85,TIMEOUT,0.0,50,0,PULLBACK,0.9999060994133476,1.636107796404446e-07,0.9999060994133476,9.363452727784608e-05,1.0244859488731522e-07
487,S40_3,3,descending,converging,0.2196,7.86009,high,other,3160.04,3161.25,3158.85,TIMEOUT,0.0,50,0,PULLBACK,0.9994474219099834,8.795440503616417e-08,0.9994474219099834,0.0005524348387374162,5.52968742192825e-08
59,S0_4,4,descending,converging,0.3245,6.02187,low,london,2962.56,2964.79,2959.04,LOSS,-0.5,5,0,PULLBACK,0.99939958221037,9.863673255798584e-07,0.99939958221037,1.6586940694061638e-07,0.0005992655528974428
59,S0_4,4,descending,converging,0.3245,6.02187,low,london,2962.56,2964.79,2959.04,LOSS,-0.5,5,0,PULLBACK,0.999637482529782,6.668712512690113e-07,0.999637482529782,1.3092098084446844e-07,0.0003617196779859545
59,S0_4,4,descending,converging,0.3245,6.02187,low,london,2962.56,2964.79,2959.04,LOSS,-0.5,5,0,PULLBACK,0.9996639679741377,4.665656001520773e-06,0.9996639679741377,2.0492663819597614e-07,0.00033116144322249994
63,S1_4,4,descending,diverging,0.6431,5.97709,low,london,2946.21,2947.1,2944.86,LOSS,-0.5,1,0,BREAKOUT,0.7351953208292091,0.7351953208292091,0.2648033771026644,6.184366626166014e-07,6.836314639287934e-07
63,S1_4,4,descending,diverging,0.6431,5.97709,low,london,2946.21,2947.1,2944.86,LOSS,-0.5,1,0,BREAKOUT,0.9039502604343873,0.9039502604343873,0.0960493391092546,1.863655313183518e-07,2.1409082668820962e-07
63,S1_4,4,descending,diverging,0.6431,5.97709,low,london,2946.21,2947.1,2944.86,LOSS,-0.5,1,0,BREAKOUT,0.9180538641860263,0.9180538641860263,0.08194586758847794,1.1454170559283083e-07,1.536837901649421e-07
63,S1_4,4,descending,diverging,0.6431,5.97709,low,london,2946.21,2947.1,2944.86,LOSS,-0.5,1,0,BREAKOUT,0.7912419756773503,0.7912419756773503,0.20875753314589846,1.8418158724690977e-07,3.0699516397627764e-07
73,S2_4,4,ascending,diverging,0.0373,6.40753,low,other,2986.22,2989.08,2985.33,LOSS,-0.5,5,0,PULLBACK,0.9999328268973351,3.162404523256981e-05,0.9999328268973351,1.9434939927993098e-06,3.3605563439495324e-05
73,S2_4,4,ascending,diverging,0.0373,6.40753,low,other,2986.22,2989.08,2985.33,LOSS,-0.5,5,0,PULLBACK,0.9999760249701022,2.8399512959912695e-06,0.9999760249701022,1.0649284188583183e-06,2.0070150182859766e-05
73,S2_4,4,ascending,diverging,0.0373,6.40753,low,other,2986.22,2989.08,2985.33,LOSS,-0.5,5,0,PULLBACK,0.9999811942583576,2.20861437292125e-06,0.9999811942583576,8.283268550463668e-07,1.576880041443302e-05
73,S2_4,4,ascending,diverging,0.0373,6.40753,low,other,2986.22,2989.08,2985.33,LOSS,-0.5,5,0,PULLBACK,0.999987444532289,1.620688933418545e-06,0.999987444532289,6.078089119226643e-07,1.0326969865643459e-05
73,S2_4,4,ascending,diverging,0.0373,6.40753,low,other,2986.22,2989.08,2985.33,LOSS,-0.5,1,0,PULLBACK,0.9999917385969956,1.3626695615450076e-06,0.9999917385969956,4.794176152199632e-07,6.4193158276103055e-06
79,S3_4,4,ascending,diverging,0.3188,6.64234,high,other,2964.77,2968.54,2963.47,LOSS,-0.5,15,0,PULLBACK,0.992181000984665,0.0078168870473687,0.992181000984665,7.709050404530399e-10,2.1111970613187254e-06
79,S3_4,4,ascending,diverging,0.3188,6.64234,high,other,2964.77,2968.54,2963.47,LOSS,-0.5,1,0,PULLBACK,0.9896206178489517,0.010378322585938026,0.9896206178489517,5.427546518539563e-10,1.059022355708123e-06
79,S3_4,4,ascending,diverging,0.3188,6.64234,high,other,2964.77,2968.54,2963.47,LOSS,-0.5,15,0,PULLBACK,0.9849442308152713,0.015055370641351144,0.9849442308152713,3.24535999995746e-10,3.982188416760817e-07
79,S3_4,4,ascending,diverging,0.3188,6.64234,high,other,2964.77,2968.54,2963.47,LOSS,-0.5,1,0,PULLBACK,0.9736985572817737,0.026301375193149137,0.9736985572817737,1.324532163513257e-10,6.739262395188908e-08
79,S3_4,4,ascending,diverging,0.3188,6.64234,high,other,2964.77,2968.54,2963.47,LOSS,-0.5,1,0,PULLBACK,0.948530417860851,0.05146957825350659,0.948530417860851,3.0839515291439645e-11,3.854802811145752e-09
79,S3_4,4,ascending,diverging,0.3188,6.64234,high,other,2964.77,2968.54,2963.47,LOSS,-0.5,1,0,PULLBACK,0.9239690485090808,0.07603095138295309,0.9239690485090808,1.3498923785482551e-11,9.446720116012835e-11
82,S4_4,4,ascending,converging,0.2507,6.75174,high,london,2975.25,2978.42,2973.48,LOSS,-0.5,6,0,PULLBACK,0.9763215651307743,0.023678434405927887,0.9763215651307743,1.7592228306927015e-10,2.873756109787984e-10
82,S4_4,4,ascending,converging,0.2507,6.75174,high,london,2975.25,2978.42,2973.48,LOSS,-0.5,1,0,PULLBACK,0.970022844043412,0.02997715427122139,0.970022844043412,6.321270264262486e-10,1.0532395661334192e-09
82,S4_4,4,ascending,converging,0.2507,6.75174,high,london,2975.25,2978.42,2973.48,LOSS,-0.5,1,0,PULLBACK,0.9995346735916545,0.0004653225238696355,0.9995346735916545,3.6715277878896823e-09,2.1294806157123698e-10
82,S4_4,4,ascending,converging,0.2507,6.75174,high,london,2975.25,2978.42,2973.48,LOSS,-0.5,1,0,PULLBACK,0.9997111793622108,0.0002888086725822013,0.9997111793622108,1.1841955934177459e-08,1.2325108809064666e-10
82,S4_4,4,ascending,converging,0.2507,6.75174,high,london,2975.25,2978.42,2973.48,LOSS,-0.5,6,0,PULLBACK,0.9997715788724781,0.00022838328948011203,0.9997715788724781,3.7763836355417255e-08,7.420530336110524e-11
82,S4_4,4,ascending,converging,0.2507,6.75174,high,london,2975.25,2978.42,2973.48,LOSS,-0.5,1,0,PULLBACK,0.999729152563294,0.00026797311358247314,0.999729152563294,2.8741054437631734e-06,2.1767971416819758e-10
104,S5_4,4,ascending,converging,0.0348,5.78199,low,london,2950.75,2953.55,2949.19,LOSS,-0.5,1,0,CHOPZONE,0.9950859602988518,4.6020285815819654e-10,0.0029516335770472303,0.9950859602988518,0.001962405663898139
104,S5_4,4,ascending,converging,0.0348,5.78199,low,london,2950.75,2953.55,2949.19,LOSS,-0.5,1,0,CHOPZONE,0.9993512749815171,4.225680423177733e-11,0.0001274233989882028,0.9993512749815171,0.0005213015772377881
104,S5_4,4,ascending,converging,0.0348,5.78199,low,london,2950.75,2953.55,2949.19,WIN,3.0,8,1,CHOPZONE,0.9993595714989826,4.3809737706561884e-11,0.00011444116699058579,0.9993595714989826,0.0005259872902170987
104,S5_4,4,ascending,converging,0.0348,5.78199,low,london,2950.75,2953.55,2949.19,LOSS,-0.5,1,0,CHOPZONE,0.9994902944436828,8.919246656815956e-10,0.00012780527769446436,0.9994902944436828,0.00038189938669807596
104,S5_4,4,ascending,converging,0.0348,5.78199,low,london,2950.75,2953.55,2949.19,LOSS,-0.5,1,0,CHOPZONE,0.9994239930125457,4.961455009133915e-10,0.00011979982792343098,0.9994239930125457,0.0004562066633854609
104,S5_4,4,ascending,converging,0.0348,5.78199,low,london,2950.75,2953.55,2949.19,LOSS,-0.5,1,0,CHOPZONE,0.9950504113408756,4.302547987717727e-09,0.0024656648767105117,0.9950504113408756,0.002483919479865941
125,S6_4,4,ascending,diverging,0.1292,7.37404,high,other,2996.76,2997.91,2995.6,LOSS,-0.5,1,0,PULLBACK,0.9994590448735751,0.0005409192717019683,0.9994590448735751,3.289338375437443e-08,2.9613392061047726e-09
125,S6_4,4,ascending,diverging,0.1292,7.37404,high,other,2996.76,2997.91,2995.6,LOSS,-0.5,1,0,PULLBACK,0.9997973182397396,0.00020267496885610506,0.9997973182397396,6.549785799397496e-09,2.41618477355837e-10
125,S6_4,4,ascending,diverging,0.1292,7.37404,high,other,2996.76,2997.91,2995.6,LOSS,-0.5,1,0,PULLBACK,0.9998380589026498,0.00016192078079644594,0.9998380589026498,2.0170328753196695e-08,1.4622505672112762e-10
125,S6_4,4,ascending,diverging,0.1292,7.37404,high,other,2996.76,2997.91,2995.6,LOSS,-0.5,1,0,PULLBACK,0.9998698881825182,0.0001300524136169309,0.9998698881825182,5.931242354322225e-08,9.14413457565207e-11
125,S6_4,4,ascending,diverging,0.1292,7.37404,high,other,2996.76,2997.91,2995.6,LOSS,-0.5,1,0,PULLBACK,0.9998951104478024,0.00010472275267424337,0.9998951104478024,1.6674050290662893e-07,5.902029119462995e-11
125,S6_4,4,ascending,diverging,0.1292,7.37404,high,other,2996.76,2997.91,2995.6,LOSS,-0.5,1,0,PULLBACK,0.9999150697567231,8.44814828844948e-05,0.9999150697567231,4.4872111119732624e-07,3.928124668584103e-11
147,S7_4,4,ascending,diverging,0.0298,7.42722,high,other,2965.59,2965.67,2964.68,WIN,3.0,16,1,PULLBACK,0.9999936203030846,4.857167111443705e-07,0.9999936203030846,5.590622190528667e-06,3.0335801374941836e-07
147,S7_4,4,ascending,diverging,0.0298,7.42722,high,other,2965.59,2965.67,2964.68,LOSS,-0.5,2,0,PULLBACK,0.9999839936798139,3.226587958496962e-07,0.9999839936798139,1.5481971743536613e-05,2.0168964666052075e-07
147,S7_4,4,ascending,diverging,0.0298,7.42722,high,other,2965.59,2965.67,2964.68,WIN,3.0,16,1,PULLBACK,0.9999637705969021,2.331411873256263e-07,0.9999637705969021,3.585050127099434e-05,1.457606395794598e-07
147,S7_4,4,ascending,diverging,0.0298,7.42722,high,other,2965.59,2965.67,2964.68,LOSS,-0.5,2,0,PULLBACK,0.9999193603061689,1.7249929216923069e-07,0.9999193603061689,8.035930465279459e-05,1.0788988609731917e-07
147,S7_4,4,ascending,diverging,0.0298,7.42722,high,other,2965.59,2965.67,2964.68,WIN,3.0,16,1,PULLBACK,0.9998237426485401,1.3062984974127446e-07,0.9998237426485401,0.0001760448655850143,8.185602516138883e-08
147,S7_4,4,ascending,diverging,0.0298,7.42722,high,other,2965.59,2965.67,2964.68,LOSS,-0.5,2,0,PULLBACK,0.9993022158651373,9.81066776971656e-07,0.9993022158651373,0.0006967282732529031,7.479483276509154e-08
167,S8_4,4,ascending,diverging,0.3113,7.35579,high,other,3010.99,3014.47,3009.23,LOSS,-0.5,1,0,BREAKOUT,0.9166094962599731,0.9166094962599731,0.08339050353416289,1.0143369695511167e-10,1.0443019815748236e-10
167,S8_4,4,ascending,diverging,0.3113,7.35579,high,other,3010.99,3014.47,3009.23,LOSS,-0.5,1,0,BREAKOUT,0.9814592359940698,0.9814592359940698,0.018540763957848136,2.3304931131349253e-11,2.4777212703911282e-11
167,S8_4,4,ascending,diverging,0.3113,7.35579,high,other,3010.99,3014.47,3009.23,LOSS,-0.5,1,0,BREAKOUT,0.9776031064810345,0.9776031064810345,0.022396893474929593,2.0663127593797382e-11,2.3372704552684038e-11
167,S8_4,4,ascending,diverging,0.3113,7.35579,high,other,3010.99,3014.47,3009.23,LOSS,-0.5,1,0,BREAKOUT,0.949073885705833,0.949073885705833,0.050926114194623846,5.999199887769507e-11,3.955114994582447e-11
167,S8_4,4,ascending,diverging,0.3113,7.35579,high,other,3010.99,3014.47,3009.23,LOSS,-0.5,1,0,BREAKOUT,0.852168386738185,0.852168386738185,0.14783161273771128,4.3132771964720326e-10,9.277609553775606e-11
167,S8_4,4,ascending,diverging,0.3113,7.35579,high,other,3010.99,3014.47,3009.23,LOSS,-0.5,1,0,BREAKOUT,0.5764071197684003,0.5764071197684003,0.4235928768283695,3.163829602290396e-09,2.394006535688318e-10
172,S9_4,4,ascending,converging,0.3101,6.47456,high,other,2995.79,2996.72,2992.66,WIN,3.0,4,1,PULLBACK,0.9861736336875281,0.013826100830328912,0.9861736336875281,1.4556959124985905e-07,1.199125517712897e-07
172,S9_4,4,ascending,converging,0.3101,6.47456,high,other,2995.79,2996.72,2992.66,LOSS,-0.5,2,0,PULLBACK,0.997533382803787,0.002466406850634794,0.997533382803787,1.1535678237821344e-07,9.498879585229566e-08
172,S9_4,4,ascending,converging,0.3101,6.47456,high,other,2995.79,2996.72,2992.66,WIN,3.0,4,1,PULLBACK,0.9972809029767283,0.0027189038923454483,0.9972809029767283,1.3384519823530345e-07,5.9285727957712434e-08
172,S9_4,4,ascending,converging,0.3101,6.47456,high,other,2995.79,2996.72,2992.66,WIN,3.0,4,1,PULLBACK,0.9966275924861544,0.0033722172160400407,0.9966275924861544,1.536526135593303e-07,3.664519196201855e-08
172,S9_4,4,ascending,converging,0.3101,6.47456,high,other,2995.79,2996.72,2992.66,WIN,3.0,4,1,PULLBACK,0.995712281747269,0.004287523343749021,0.995712281747269,1.7228689329226554e-07,2.2622088646674e-08
172,S9_4,4,ascending,converging,0.3101,6.47456,high,other,2995.79,2996.72,2992.66,WIN,3.0,4,1,PULLBACK,0.9936330424163041,0.006366753017826593,0.9936330424163041,1.9059785877916754e-07,1.3968010390630455e-08
180,S10_4,4,ascending,diverging,0.4147,6.68433,high,london,3034.34,3037.45,3031.11,LOSS,-0.5,1,0,PULLBACK,0.9735626707277336,0.026437201175542883,0.9735626707277336,1.2637666815075737e-07,1.7200554024585701e-09
180,S10_4,4,ascending,diverging,0.4147,6.68433,high,london,3034.34,3037.45,3031.11,LOSS,-0.5,1,0,PULLBACK,0.9595668538908505,0.040433037660608684,0.9595668538908505,1.0714875159878064e-07,1.2997890006079207e-09
180,S10_4,4,ascending,diverging,0.4147,6.68433,high,london,3034.34,3037.45,3031.11,LOSS,-0.5,1,0,PULLBACK,0.9418298750207559,0.05817003388190903,0.9418298750207559,9.006090303152361e-08,1.0364320520397314e-09
180,S10_4,4,ascending,diverging,0.4147,6.68433,high,london,3034.34,3037.45,3031.11,LOSS,-0.5,1,0,PULLBACK,0.9135268084610783,0.0864731250516291,0.9135268084610783,6.571471204013724e-08,7.725806828362953e-10
180,S10_4,4,ascending,diverging,0.4147,6.68433,high,london,3034.34,3037.45,3031.11,LOSS,-0.5,1,0,PULLBACK,0.8852543794938467,0.11474557598100571,0.8852543794938467,4.392666897590084e-08,5.984787627421793e-10
180,S10_4,4,ascending,diverging,0.4147,6.68433,high,london,3034.34,3037.45,3031.11,LOSS,-0.5,1,0,PULLBACK,0.8906505248061298,0.10934944741176342,0.8906505248061298,2.727974090850338e-08,5.023658007122387e-10
199,S11_4,4,ascending,converging,0.2999,5.63555,low,other,3011.1,3011.26,3009.08,WIN,3.0,3,1,PULLBACK,0.9979832313705024,0.00018028585062047133,0.9979832313705024,0.000922162887597372,0.0009143198912797433
199,S11_4,4,ascending,converging,0.2999,5.63555,low,other,3011.1,3011.26,3009.08,LOSS,-0.5,1,0,PULLBACK,0.974197236022726,0.00018760894720106262,0.974197236022726,0.018879715819285763,0.006735439210787202
199,S11_4,4,ascending,converging,0.2999,5.63555,low,other,3011.1,3011.26,3009.08,WIN,3.0,3,1,CHOPZONE,0.9956134585671632,3.219094453381672e-09,0.00241473400032088,0.9956134585671632,0.001971804213421449
199,S11_4,4,ascending,converging,0.2999,5.63555,low,other,3011.1,3011.26,3009.08,WIN,3.0,3,1,CHOPZONE,0.9993196795147447,1.1473989407382147e-10,0.00010284606168328077,0.9993196795147447,0.0005774743088321925
199,S11_4,4,ascending,converging,0.2999,5.63555,low,other,3011.1,3011.26,3009.08,WIN,3.0,3,1,CHOPZONE,0.999335314636582,5.259977108073475e-11,0.00010899834580219303,0.999335314636582,0.000555686965016044
199,S11_4,4,ascending,converging,0.2999,5.63555,low,other,3011.1,3011.26,3009.08,WIN,3.0,3,1,CHOPZONE,0.9982058820590307,1.5054402055593092e-10,0.0009670509237453896,0.9982058820590307,0.0008270668666799063
203,S12_4,4,ascending,diverging,0.2673,5.94079,low,london,3030.76,3031.46,3029.31,LOSS,-0.5,4,0,CHOPZONE,0.7598733412077122,1.1515973427300248e-08,0.24010974441646438,0.7598733412077122,1.690285984994774e-05
203,S12_4,4,ascending,diverging,0.2673,5.94079,low,london,3030.76,3031.46,3029.31,LOSS,-0.5,1,0,PULLBACK,0.8491541557604024,5.511506981086309e-08,0.8491541557604024,0.15084536808824797,4.2103627974252906e-07
203,S12_4,4,ascending,diverging,0.2673,5.94079,low,london,3030.76,3031.46,3029.31,LOSS,-0.5,1,0,PULLBACK,0.9999933932031708,1.1626520025870996e-06,0.9999933932031708,4.336514877718119e-06,1.1076299489125859e-06
203,S12_4,4,ascending,diverging,0.2673,5.94079,low,london,3030.76,3031.46,3029.31,LOSS,-0.5,1,0,PULLBACK,0.9999964614155415,1.7692541309653137e-06,0.9999964614155415,6.635351945962358e-07,1.1057951328894428e-06
203,S12_4,4,ascending,diverging,0.2673,5.94079,low,london,3030.76,3031.46,3029.31,LOSS,-0.5,1,0,PULLBACK,0.99999352641191,3.237519640011232e-06,0.99999352641191,1.213610321430387e-06,2.0224581284768828e-06
203,S12_4,4,ascending,diverging,0.2673,5.94079,low,london,3030.76,3031.46,3029.31,LOSS,-0.5,1,0,PULLBACK,0.9999335882929279,5.8085294991958605e-05,0.9999335882929279,4.159068140266016e-06,4.167343939882999e-06
219,S13_4,4,ascending,converging,0.5112,6.38255,low,other,3068.72,3069.45,3062.34,LOSS,-0.5,1,0,BREAKOUT,0.9940196216913412,0.9940196216913412,0.005980376762484524,7.72321442529307e-10,7.738528226048495e-10
219,S13_4,4,ascending,converging,0.5112,6.38255,low,other,3068.72,3069.45,3062.34,LOSS,-0.5,1,0,BREAKOUT,0.9993949677070857,0.9993949677070857,0.0006050320629119182,1.1488627151461796e-10,1.1511598960912264e-10
219,S13_4,4,ascending,converging,0.5112,6.38255,low,other,3068.72,3069.45,3062.34,LOSS,-0.5,1,0,BREAKOUT,0.9994240376760802,0.9994240376760802,0.0005759621010350105,1.1133109758577864e-10,1.1155370898437362e-10
219,S13_4,4,ascending,converging,0.5112,6.38255,low,other,3068.72,3069.45,3062.34,LOSS,-0.5,1,0,BREAKOUT,0.9994241948869218,0.9994241948869218,0.0005758048902318525,1.1131187114739966e-10,1.1153444411851824e-10
219,S13_4,4,ascending,converging,0.5112,6.38255,low,other,3068.72,3069.45,3062.34,LOSS,-0.5,1,0,BREAKOUT,0.9994241957224647,0.9994241957224647,0.0005758040546893018,1.1131176844090227e-10,1.1153434225178062e-10
219,S13_4,4,ascending,converging,0.5112,6.38255,low,other,3068.72,3069.45,3062.34,LOSS,-0.5,1,0,BREAKOUT,0.9994241930168712,0.9994241930168712,0.0005758067602819966,1.1131200280164588e-10,1.1153477032504736e-10
220,S14_4,4,ascending,converging,0.5861,7.30951,high,other,3083.27,3088.08,3082.67,LOSS,-0.5,2,0,BREAKOUT,0.999423691873749,0.999423691873749,0.0005763079032814472,1.1135544223689837e-10,1.1161402950186874e-10
220,S14_4,4,ascending,converging,0.5861,7.30951,high,other,3083.27,3088.08,3082.67,LOSS,-0.5,2,0,BREAKOUT,0.9993310252072238,0.9993310252072238,0.0006689746123152926,9.007641291406112e-11,9.038450911683553e-11
220,S14_4,4,ascending,converging,0.5861,7.30951,high,other,3083.27,3088.08,3082.67,LOSS,-0.5,2,0,BREAKOUT,0.9990124965880324,0.9990124965880324,0.0009875033025213164,5.458302606525062e-11,5.4863319450931166e-11
220,S14_4,4,ascending,converging,0.5861,7.30951,high,other,3083.27,3088.08,3082.67,LOSS,-0.5,2,0,BREAKOUT,0.9985099612588951,0.9985099612588951,0.0014900386699942293,3.5416408912022925e-11,3.5694191605367004e-11
220,S14_4,4,ascending,converging,0.5861,7.30951,high,other,3083.27,3088.08,3082.67,LOSS,-0.5,2,0,BREAKOUT,0.9977062172074759,0.9977062172074759,0.002293782742286025,2.496663083701066e-11,2.527154962637567e-11
220,S14_4,4,ascending,converging,0.5861,7.30951,high,other,3083.27,3088.08,3082.67,LOSS,-0.5,2,0,BREAKOUT,0.9963836220671323,0.9963836220671323,0.003616377893951013,1.9283807576469155e-11,1.963295192805357e-11
228,S15_4,4,ascending,diverging,0.7998,7.33524,high,london,3061.73,3065.0,3057.98,LOSS,-0.5,5,0,BREAKOUT,0.9945385841516743,0.9945385841516743,0.005461415813259609,1.72219824162195e-11,1.7844038813296953e-11
228,S15_4,4,ascending,diverging,0.7998,7.33524,high,london,3061.73,3065.0,3057.98,LOSS,-0.5,1,0,BREAKOUT,0.9887041956194155,0.9887041956194155,0.011295804342436544,1.796333928136621e-11,2.018470076098115e-11
228,S15_4,4,ascending,diverging,0.7998,7.33524,high,london,3061.73,3065.0,3057.98,LOSS,-0.5,1,0,BREAKOUT,0.9553602845210786,0.9553602845210786,0.04463971539104738,5.19050300051346e-11,3.596900795087457e-11
228,S15_4,4,ascending,diverging,0.7998,7.33524,high,london,3061.73,3065.0,3057.98,LOSS,-0.5,1,0,BREAKOUT,0.8676733206682091,0.8676733206682091,0.13232667869411446,5.550385067524994e-10,8.263797348192607e-11
228,S15_4,4,ascending,diverging,0.7998,7.33524,high,london,3061.73,3065.0,3057.98,LOSS,-0.5,1,0,BREAKOUT,0.675756952064442,0.675756952064442,0.3242430443390186,3.4099614710972747e-09,1.8657791418010846e-10
228,S15_4,4,ascending,diverging,0.7998,7.33524,high,london,3061.73,3065.0,3057.98,LOSS,-0.5,1,0,PULLBACK,0.63480227191554,0.3651977120206717,0.63480227191554,1.5664806732342416e-08,3.9898162828408865e-10
235,S16_4,4,ascending,converging,0.6325,6.81201,high,other,3078.23,3079.08,3076.54,LOSS,-0.5,3,0,PULLBACK,0.993071398812398,0.0005421097924531584,0.993071398812398,0.0019626344935223627,0.004423856901626364
235,S16_4,4,ascending,converging,0.6325,6.81201,high,other,3078.23,3079.08,3076.54,LOSS,-0.5,9,0,PULLBACK,0.9741864732061323,0.0001161887580953367,0.9741864732061323,0.009464814984524653,0.016232523051247724
235,S16_4,4,ascending,converging,0.6325,6.81201,high,other,3078.23,3079.08,3076.54,LOSS,-0.5,9,0,COMPRESSION,0.6891667393210776,5.5197852986280996e-08,0.11053713761828693,0.20029606786278242,0.6891667393210776
235,S16_4,4,ascending,converging,0.6325,6.81201,high,other,3078.23,3079.08,3076.54,LOSS,-0.5,9,0,COMPRESSION,0.7430328856690009,1.436089305934854e-08,0.024548420509992428,0.23241867946011363,0.7430328856690009
235,S16_4,4,ascending,converging,0.6325,6.81201,high,other,3078.23,3079.08,3076.54,LOSS,-0.5,9,0,COMPRESSION,0.6797967362160328,1.0538279938490404e-08,0.016437100088132314,0.303766153157555,0.6797967362160328
235,S16_4,4,ascending,converging,0.6325,6.81201,high,other,3078.23,3079.08,3076.54,LOSS,-0.5,9,0,COMPRESSION,0.48669130371788494,1.045861929222445e-08,0.01556511578925117,0.49774357003424463,0.48669130371788494
247,S17_4,4,descending,diverging,0.0983,6.10496,low,other,3058.3,3058.55,3057.4,LOSS,-0.5,3,0,CHOPZONE,0.9980946726173461,5.949049545500797e-09,0.0005499281924093362,0.9980946726173461,0.0013553932411950573
247,S17_4,4,descending,diverging,0.0983,6.10496,low,other,3058.3,3058.55,3057.4,LOSS,-0.5,3,0,CHOPZONE,0.9995451844563057,2.412090274850549e-09,0.00016334336663679074,0.9995451844563057,0.0002914697649671956
247,S17_4,4,descending,diverging,0.0983,6.10496,low,other,3058.3,3058.55,3057.4,LOSS,-0.5,3,0,CHOPZONE,0.9995155031610431,1.2760009330820635e-09,0.0001383640729587691,0.9995155031610431,0.00034613148999717165
247,S17_4,4,descending,diverging,0.0983,6.10496,low,other,3058.3,3058.55,3057.4,LOSS,-0.5,2,0,CHOPZONE,0.9994716049936115,6.906121757416154e-10,0.00012122231071191465,0.9994716049936115,0.0004071720050643355
247,S17_4,4,descending,diverging,0.0983,6.10496,low,other,3058.3,3058.55,3057.4,LOSS,-0.5,2,0,CHOPZONE,0.999401331209614,3.778759238357825e-10,0.00011425717388800496,0.999401331209614,0.00048441123862201
247,S17_4,4,descending,diverging,0.0983,6.10496,low,other,3058.3,3058.55,3057.4,LOSS,-0.5,2,0,CHOPZONE,0.995069716730216,3.023240140579497e-09,0.002336289866798027,0.995069716730216,0.0025939903797458355
253,S18_4,4,ascending,diverging,0.069,7.31518,high,london,3090.78,3092.48,3085.6,LOSS,-0.5,8,0,PULLBACK,0.9822715078291113,1.5572505023933943e-07,0.9822715078291113,0.017728043593711818,2.9285212669001513e-07
253,S18_4,4,ascending,diverging,0.069,7.31518,high,london,3090.78,3092.48,3085.6,LOSS,-0.5,8,0,PULLBACK,0.9997441194405966,1.3060021306315014e-07,0.9997441194405966,0.00025566265415801273,8.730503234770316e-08
253,S18_4,4,ascending,diverging,0.069,7.31518,high,london,3090.78,3092.48,3085.6,LOSS,-0.5,8,0,PULLBACK,0.9999461238393134,2.0066781773267538e-07,0.9999461238393134,5.354994438359767e-05,1.255484854126745e-07
253,S18_4,4,ascending,diverging,0.069,7.31518,high,london,3090.78,3092.48,3085.6,LOSS,-0.5,8,0,PULLBACK,0.9999914390958167,4.225422313980837e-07,0.9999914390958167,7.874216383480933e-06,2.64145568445109e-07
253,S18_4,4,ascending,diverging,0.069,7.31518,high,london,3090.78,3092.48,3085.6,LOSS,-0.5,8,0,PULLBACK,0.9999972662051316,9.003035004180307e-07,0.9999972662051316,1.2707875147707561e-06,5.627038531482124e-07
253,S18_4,4,ascending,diverging,0.069,7.31518,high,london,3090.78,3092.48,3085.6,LOSS,-0.5,8,0,PULLBACK,0.999995507772617,2.2461180049633857e-06,0.999995507772617,8.423020011167034e-07,1.4038073769309448e-06
268,S19_4,4,descending,diverging,0.1831,8.27025,high,other,3051.07,3053.11,3048.47,LOSS,-0.5,0,0,PULLBACK,0.9999984308215842,1.5358344615731291e-06,0.9999984308215842,1.2504046938934664e-08,2.0839907230224948e-08
268,S19_4,4,descending,diverging,0.1831,8.27025,high,other,3051.07,3053.11,3048.47,LOSS,-0.5,0,0,PULLBACK,0.999998717648485,1.2421809554096755e-06,0.999998717648485,2.775483175871394e-08,1.241572777374488e-08
268,S19_4,4,descending,diverging,0.1831,8.27025,high,other,3051.07,3053.11,3048.47,LOSS,-0.5,0,0,PULLBACK,0.9999960671732252,3.8331228896679e-06,0.9999960671732252,9.791599798103212e-08,1.787887179580909e-09
268,S19_4,4,descending,diverging,0.1831,8.27025,high,other,3051.07,3053.11,3048.47,LOSS,-0.5,0,0,PULLBACK,0.999996747397455,2.7874740794587404e-06,0.999996747397455,4.6421499476711725e-07,9.134707817893936e-10
268,S19_4,4,descending,diverging,0.1831,8.27025,high,other,3051.07,3053.11,3048.47,LOSS,-0.5,0,0,PULLBACK,0.9999959617674351,2.0404716392378925e-06,0.9999959617674351,1.9972604900491368e-06,5.00435643340148e-10
268,S19_4,4,descending,diverging,0.1831,8.27025,high,other,3051.07,3053.11,3048.47,WIN,3.0,15,1,PULLBACK,0.9998194884964127,2.222165460035151e-06,0.9998194884964127,0.00017828798201936994,1.3561079420982267e-09
284,S20_4,4,descending,diverging,0.0377,7.38714,high,other,3076.38,3076.74,3075.57,LOSS,-0.5,2,0,CHOPZONE,0.957638434291442,1.3851498655527988e-09,0.04219492939647875,0.957638434291442,0.00016663492692936497
284,S20_4,4,descending,diverging,0.0377,7.38714,high,other,3076.38,3076.74,3075.57,LOSS,-0.5,7,0,CHOPZONE,0.9970920755027013,1.4343111346107764e-10,0.002848610967181676,0.9970920755027013,5.931338668591272e-05
284,S20_4,4,descending,diverging,0.0377,7.38714,high,other,3076.38,3076.74,3075.57,LOSS,-0.5,2,0,CHOPZONE,0.9989125170487142,7.075351367321117e-11,0.0010073827648314855,0.9989125170487142,8.01001157007648e-05
284,S20_4,4,descending,diverging,0.0377,7.38714,high,other,3076.38,3076.74,3075.57,LOSS,-0.5,7,0,CHOPZONE,0.9992551843474081,5.026354003101269e-11,0.0006255495726882242,0.9992551843474081,0.00011926602964003479
284,S20_4,4,descending,diverging,0.0377,7.38714,high,other,3076.38,3076.74,3075.57,LOSS,-0.5,2,0,CHOPZONE,0.9994394224631719,3.682604718499873e-11,0.0003680110956798225,0.9994394224631719,0.00019256640432231426
284,S20_4,4,descending,diverging,0.0377,7.38714,high,other,3076.38,3076.74,3075.57,LOSS,-0.5,7,0,CHOPZONE,0.9994778613397907,3.1472857789915554e-11,0.00023311349846375984,0.9994778613397907,0.0002890251302727811
292,S21_4,4,ascending,converging,0.0193,6.32583,low,other,3059.52,3060.62,3058.95,WIN,3.0,10,1,CHOPZONE,0.9995561770017116,2.7893575767464724e-09,0.0001679440437818049,0.9995561770017116,0.00027587616514900443
292,S21_4,4,ascending,converging,0.0193,6.32583,low,other,3059.52,3060.62,3058.95,LOSS,-0.5,3,0,CHOPZONE,0.9995564998744928,2.78688790083416e-09,0.0001676379612260596,0.9995564998744928,0.00027585937739329965
292,S21_4,4,ascending,converging,0.0193,6.32583,low,other,3059.52,3060.62,3058.95,WIN,3.0,10,1,CHOPZONE,0.9995355411433521,1.7879556409144208e-09,0.00014989614222995102,0.9995355411433521,0.0003145609264623232
292,S21_4,4,ascending,converging,0.0193,6.32583,low,other,3059.52,3060.62,3058.95,LOSS,-0.5,3,0,CHOPZONE,0.9995096702955453,1.1675062438392437e-09,0.00013559447801150077,0.9995096702955453,0.00035473405893694945
292,S21_4,4,ascending,converging,0.0193,6.32583,low,other,3059.52,3060.62,3058.95,WIN,3.0,10,1,CHOPZONE,0.9994631573954063,8.105716393713561e-10,0.00013215267337622275,0.9994631573954063,0.0004046891206458173
292,S21_4,4,ascending,converging,0.0193,6.32583,low,other,3059.52,3060.62,3058.95,LOSS,-0.5,3,0,CHOPZONE,0.99511502574962,8.51979624958542e-09,0.0027329439468778962,0.99511502574962,0.002152021783705932
323,S22_4,4,ascending,diverging,0.3463,5.97645,low,london,3135.01,3139.3,3134.14,LOSS,-0.5,1,0,PULLBACK,0.9955244761297628,0.004472512104035009,0.9955244761297628,2.3670664191981494e-06,6.44699782963833e-07
323,S22_4,4,ascending,diverging,0.3463,5.97645,low,london,3135.01,3139.3,3134.14,LOSS,-0.5,1,0,PULLBACK,0.9971813390477726,0.0028184760630424904,0.9971813390477726,1.1497751129792192e-07,6.991167353206928e-08
323,S22_4,4,ascending,diverging,0.3463,5.97645,low,london,3135.01,3139.3,3134.14,LOSS,-0.5,1,0,PULLBACK,0.9961554865504694,0.0038443391436060624,0.9961554865504694,1.40348697697696e-07,3.395722694060691e-08
323,S22_4,4,ascending,diverging,0.3463,5.97645,low,london,3135.01,3139.3,3134.14,LOSS,-0.5,1,0,PULLBACK,0.9944282862529374,0.00557153562729428,0.9944282862529374,1.616520296593288e-07,1.6467738590484136e-08
323,S22_4,4,ascending,diverging,0.3463,5.97645,low,london,3135.01,3139.3,3134.14,LOSS,-0.5,1,0,PULLBACK,0.9914540146713943,0.008545805370929851,0.9914540146713943,1.720541405863789e-07,7.903535237496481e-09
323,S22_4,4,ascending,diverging,0.3463,5.97645,low,london,3135.01,3139.3,3134.14,LOSS,-0.5,1,0,PULLBACK,0.9867181212482723,0.013281711885566058,0.9867181212482723,1.6300397536168623e-07,3.8621863538753535e-09
333,S23_4,4,ascending,converging,1.0053,5.78763,low,other,3134.83,3139.25,3131.15,LOSS,-0.5,2,0,PULLBACK,0.9855869955899165,0.014412820693836747,0.9855869955899165,1.7777788436593726e-07,5.93836235220937e-09
333,S23_4,4,ascending,converging,1.0053,5.78763,low,other,3134.83,3139.25,3131.15,LOSS,-0.5,2,0,PULLBACK,0.9409073250077459,0.05909248733439767,0.9409073250077459,1.8498195367820845e-07,2.6759028577697235e-09
333,S23_4,4,ascending,converging,1.0053,5.78763,low,other,3134.83,3139.25,3131.15,LOSS,-0.5,2,0,PULLBACK,0.6526024439720266,0.34739752966355614,0.6526024439720266,2.5986847601409424e-08,3.7756961826049576e-10
333,S23_4,4,ascending,converging,1.0053,5.78763,low,other,3134.83,3139.25,3131.15,LOSS,-0.5,2,0,BREAKOUT,0.6637641489496393,0.6637641489496393,0.33623584557989994,5.2989850378388066e-09,1.7147560804612973e-10
333,S23_4,4,ascending,converging,1.0053,5.78763,low,other,3134.83,3139.25,3131.15,LOSS,-0.5,2,0,BREAKOUT,0.8881934476257798,0.8881934476257798,0.11180655195871297,3.51553109264728e-10,6.395420159998495e-11
333,S23_4,4,ascending,converging,1.0053,5.78763,low,other,3134.83,3139.25,3131.15,LOSS,-0.5,2,0,BREAKOUT,0.9730839796559929,0.9730839796559929,0.02691602029191376,2.5700003999040117e-11,2.6393380022918246e-11
335,S24_4,4,ascending,converging,1.197,5.73684,low,other,3140.65,3143.39,3139.95,LOSS,-0.5,3,0,BREAKOUT,0.9901511389966395,0.9901511389966395,0.009848860968634682,1.728025502348266e-11,1.744546146134011e-11
335,S24_4,4,ascending,converging,1.197,5.73684,low,other,3140.65,3143.39,3139.95,LOSS,-0.5,3,0,BREAKOUT,0.996985103451028,0.996985103451028,0.0030148965046680604,2.2129889547379496e-11,2.2174139355763823e-11
335,S24_4,4,ascending,converging,1.197,5.73684,low,other,3140.65,3143.39,3139.95,LOSS,-0.5,3,0,BREAKOUT,0.999411004210511,0.999411004210511,0.0005889955634131303,1.1292501692610961e-10,1.1315087756721937e-10
335,S24_4,4,ascending,converging,1.197,5.73684,low,other,3140.65,3143.39,3139.95,LOSS,-0.5,3,0,BREAKOUT,0.9994239663120791,0.9994239663120791,0.0005760334650186769,1.1133419391746942e-10,1.1156808355841364e-10
335,S24_4,4,ascending,converging,1.197,5.73684,low,other,3140.65,3143.39,3139.95,LOSS,-0.5,3,0,BREAKOUT,0.9993949656158907,0.9993949656158907,0.0006050341541064886,1.1384548666757881e-10,1.1615728409816986e-10
335,S24_4,4,ascending,converging,1.197,5.73684,low,other,3140.65,3143.39,3139.95,LOSS,-0.5,3,0,BREAKOUT,0.9940193099399744,0.9940193099399744,0.005980688513854547,5.798144086642099e-10,9.663565608286052e-10
348,S25_4,4,ascending,converging,0.1477,5.75416,low,london,3107.53,3108.83,3105.68,LOSS,-0.5,2,0,PULLBACK,0.9999963759944674,3.4284661724457977e-06,0.9999963759944674,7.332729737214907e-08,1.2221206275684977e-07
348,S25_4,4,ascending,converging,0.1477,5.75416,low,london,3107.53,3108.83,3105.68,LOSS,-0.5,2,0,PULLBACK,0.9999995410463189,3.2832602227511344e-07,0.9999995410463189,4.898624146207428e-08,8.16414172692172e-08
348,S25_4,4,ascending,converging,0.1477,5.75416,low,london,3107.53,3108.83,3105.68,WIN,3.0,3,1,PULLBACK,0.999988875053153,5.5624843091600946e-06,0.999988875053153,2.0859602206963675e-06,3.4765023171526103e-06
348,S25_4,4,ascending,converging,0.1477,5.75416,low,london,3107.53,3108.83,3105.68,WIN,3.0,3,1,PULLBACK,0.9999888744712273,5.562775989538255e-06,0.9999888744712273,2.0860903081448056e-06,3.476662474997728e-06
348,S25_4,4,ascending,converging,0.1477,5.75416,low,london,3107.53,3108.83,3105.68,WIN,3.0,3,1,PULLBACK,0.9999888744354156,5.5628082788497935e-06,0.9999888744354156,2.086092815205618e-06,3.476663490338236e-06
348,S25_4,4,ascending,converging,0.1477,5.75416,low,london,3107.53,3108.83,3105.68,WIN,3.0,3,1,PULLBACK,0.9999882335701376,6.171902498917613e-06,0.9999882335701376,2.1099980932639023e-06,3.484529270243736e-06
353,S26_4,4,descending,diverging,0.6706,5.71243,low,other,3123.23,3126.35,3121.23,LOSS,-0.5,7,0,PULLBACK,0.9884664304727654,0.011533568832128433,0.9884664304727654,6.512841502698715e-10,4.382203729702493e-11
353,S26_4,4,descending,diverging,0.6706,5.71243,low,other,3123.23,3126.35,3121.23,LOSS,-0.5,7,0,PULLBACK,0.9851137445604589,0.014886255090365777,0.9851137445604589,2.8533582779023963e-10,6.3839538858604e-11
353,S26_4,4,descending,diverging,0.6706,5.71243,low,other,3123.23,3126.35,3121.23,LOSS,-0.5,7,0,PULLBACK,0.9839338768398489,0.016066122866752616,0.9839338768398489,2.2170080538288403e-10,7.169773350798092e-11
353,S26_4,4,descending,diverging,0.6706,5.71243,low,other,3123.23,3126.35,3121.23,LOSS,-0.5,0,0,PULLBACK,0.9831962872662579,0.01680371246854951,0.9831962872662579,1.8781620876941085e-10,7.737643707522653e-11
353,S26_4,4,descending,diverging,0.6706,5.71243,low,other,3123.23,3126.35,3121.23,LOSS,-0.5,0,0,PULLBACK,0.9823125824250718,0.017687417342768904,0.9823125824250718,1.4509614099632934e-10,8.706317277225178e-11
353,S26_4,4,descending,diverging,0.6706,5.71243,low,other,3123.23,3126.35,3121.23,LOSS,-0.5,0,0,PULLBACK,0.9823412498291616,0.017658749966062464,0.9823412498291616,1.033974931752595e-10,1.01378440165888e-10
359,S27_4,4,descending,diverging,0.6341,5.82913,low,other,3113.67,3116.09,3110.92,WIN,3.0,7,1,PULLBACK,0.991613455024002,0.008386544667149411,0.991613455024002,1.850391414199178e-10,1.23809479361833e-10
359,S27_4,4,descending,diverging,0.6341,5.82913,low,other,3113.67,3116.09,3110.92,LOSS,-0.5,1,0,PULLBACK,0.9925759118973662,0.007424087760094572,0.9925759118973662,2.3156931963658534e-10,1.1097004186107065e-10
359,S27_4,4,descending,diverging,0.6341,5.82913,low,other,3113.67,3116.09,3110.92,LOSS,-0.5,1,0,PULLBACK,0.9934024787387067,0.006597520775181249,0.9934024787387067,3.998417222383829e-10,8.627027884949362e-11
359,S27_4,4,descending,diverging,0.6341,5.82913,low,other,3113.67,3116.09,3110.92,LOSS,-0.5,1,0,PULLBACK,0.9944167517820922,0.005583247264555715,0.9944167517820922,8.934921816960816e-10,5.98599228682586e-11
359,S27_4,4,descending,diverging,0.6341,5.82913,low,other,3113.67,3116.09,3110.92,WIN,3.0,7,1,PULLBACK,0.9953088441647817,0.0046911537863436594,0.9953088441647817,2.007205893844105e-09,4.1668813617952485e-11
359,S27_4,4,descending,diverging,0.6341,5.82913,low,other,3113.67,3116.09,3110.92,WIN,3.0,7,1,PULLBACK,0.9962684264610351,0.0037315683771766786,0.9962684264610351,5.134239656352175e-09,2.7548550304948952e-11
378,S28_4,4,ascending,diverging,0.2668,7.16842,high,other,3181.08,3183.51,3179.6,LOSS,-0.5,1,0,PULLBACK,0.9999994910364067,3.947899267026902e-07,0.9999994910364067,4.281522467314737e-08,7.135844186945155e-08
378,S28_4,4,ascending,diverging,0.2668,7.16842,high,other,3181.08,3183.51,3179.6,LOSS,-0.5,1,0,PULLBACK,0.9999995678602945,2.262102604046335e-07,0.9999995678602945,1.8508122810446727e-07,2.0848216932934283e-08
378,S28_4,4,ascending,diverging,0.2668,7.16842,high,other,3181.08,3183.51,3179.6,LOSS,-0.5,1,0,PULLBACK,0.9999941703677752,4.89281280559946e-06,0.9999941703677752,9.364778435265047e-07,3.4157574928139394e-10
378,S28_4,4,ascending,diverging,0.2668,7.16842,high,other,3181.08,3183.51,3179.6,LOSS,-0.5,1,0,PULLBACK,0.9999868862713636,2.8557893446004643e-06,0.9999868862713636,1.0257806390160714e-05,1.3290164683025225e-10
378,S28_4,4,ascending,diverging,0.2668,7.16842,high,other,3181.08,3183.51,3179.6,LOSS,-0.5,1,0,PULLBACK,0.9999115528482566,1.6947669245262183e-06,0.9999115528482566,8.674769995057061e-05,4.684868284380377e-09
378,S28_4,4,ascending,diverging,0.2668,7.16842,high,other,3181.08,3183.51,3179.6,LOSS,-0.5,1,0,PULLBACK,0.9994312514147726,1.1557095649372282e-06,0.9994312514147726,0.0005674018202831325,1.9105537928047213e-07
384,S29_4,4,ascending,diverging,0.4895,7.16919,high,other,3147.19,3147.46,3144.38,WIN,3.0,3,1,PULLBACK,0.9861140553072257,0.013883563919229612,0.9861140553072257,2.368535534428906e-06,1.2238010134359352e-08
384,S29_4,4,ascending,diverging,0.4895,7.16919,high,other,3147.19,3147.46,3144.38,WIN,3.0,3,1,PULLBACK,0.9909053704587136,0.009084404932892136,0.9909053704587136,1.0013398091092428e-05,2.112103031341838e-07
384,S29_4,4,ascending,diverging,0.4895,7.16919,high,other,3147.19,3147.46,3144.38,WIN,3.0,3,1,PULLBACK,0.9987782390113236,0.0008347942037764543,0.9987782390113236,0.00033990685092695635,4.705993397304549e-05
384,S29_4,4,ascending,diverging,0.4895,7.16919,high,other,3147.19,3147.46,3144.38,WIN,3.0,3,1,PULLBACK,0.9978214698429482,0.0004640597393404736,0.9978214698429482,0.0012063466594540914,0.0005081237582572455
384,S29_4,4,ascending,diverging,0.4895,7.16919,high,other,3147.19,3147.46,3144.38,WIN,3.0,3,1,PULLBACK,0.9924360360437483,0.0002895120780023372,0.9924360360437483,0.0036539795478271334,0.003620472330422246
384,S29_4,4,ascending,diverging,0.4895,7.16919,high,other,3147.19,3147.46,3144.38,WIN,3.0,3,1,PULLBACK,0.9745236163138558,0.0009090783823024699,0.9745236163138558,0.009294087241786366,0.015273218062055404
399,S30_4,4,ascending,diverging,0.8765,7.52553,high,london,3179.27,3179.47,3177.76,LOSS,-0.5,16,0,PULLBACK,0.5534932538222535,0.4465067443009064,0.5534932538222535,1.5846532861861523e-09,2.921868575188005e-10
399,S30_4,4,ascending,diverging,0.8765,7.52553,high,london,3179.27,3179.47,3177.76,LOSS,-0.5,1,0,PULLBACK,0.5578744436614508,0.44212555108537466,0.5578744436614508,4.988022085517975e-09,2.65152421807991e-10
399,S30_4,4,ascending,diverging,0.8765,7.52553,high,london,3179.27,3179.47,3177.76,LOSS,-0.5,1,0,PULLBACK,0.7488208266879675,0.2511791387982609,0.7488208266879675,3.399336210866854e-08,5.204095441312598e-10
399,S30_4,4,ascending,diverging,0.8765,7.52553,high,london,3179.27,3179.47,3177.76,LOSS,-0.5,1,0,PULLBACK,0.8908092097285868,0.10919071423203107,0.8908092097285868,7.514167976735092e-08,8.977023262506331e-10
399,S30_4,4,ascending,diverging,0.8765,7.52553,high,london,3179.27,3179.47,3177.76,LOSS,-0.5,1,0,PULLBACK,0.9567505157748957,0.043249359930285405,0.9567505157748957,1.226585936685265e-07,1.6362254062804776e-09
399,S30_4,4,ascending,diverging,0.8765,7.52553,high,london,3179.27,3179.47,3177.76,LOSS,-0.5,1,0,PULLBACK,0.9756405728834702,0.02435566729440531,0.9756405728834702,3.743919494250859e-06,1.5902630330287843e-08
412,S31_4,4,ascending,converging,0.1661,6.84601,high,other,3154.94,3157.11,3151.78,LOSS,-0.5,46,0,CHOPZONE,0.9949510306005162,3.807407005609525e-08,0.003953801239896368,0.9949510306005162,0.0010951300855173822
412,S31_4,4,ascending,converging,0.1661,6.84601,high,other,3154.94,3157.11,3151.78,LOSS,-0.5,3,0,CHOPZONE,0.9995366076025792,2.9068253614680222e-09,0.00018266242450826358,0.9995366076025792,0.0002807270660872174
412,S31_4,4,ascending,converging,0.1661,6.84601,high,other,3154.94,3157.11,3151.78,LOSS,-0.5,46,0,CHOPZONE,0.9995468327812278,2.236388508744457e-09,0.00015851794537778991,0.9995468327812278,0.00029464703700585046
412,S31_4,4,ascending,converging,0.1661,6.84601,high,other,3154.94,3157.11,3151.78,LOSS,-0.5,46,0,CHOPZONE,0.9995346864763079,1.7601779794256487e-09,0.0001493194090911138,0.9995346864763079,0.0003159923544229381
412,S31_4,4,ascending,converging,0.1661,6.84601,high,other,3154.94,3157.11,3151.78,LOSS,-0.5,46,0,CHOPZONE,0.9995174621958227,1.3625590553180029e-09,0.00014084778685570875,0.9995174621958227,0.0003416886547624657
412,S31_4,4,ascending,converging,0.1661,6.84601,high,other,3154.94,3157.11,3151.78,LOSS,-0.5,46,0,CHOPZONE,0.9988765494188812,1.6122745932548236e-09,0.0002072778315451391,0.9988765494188812,0.000916171137299153
428,S32_4,4,ascending,diverging,0.3435,7.06948,high,other,3230.97,3231.1,3230.64,LOSS,-0.5,1,0,CHOPZONE,0.810885411070249,3.9616813515247104e-11,0.0007365095523330958,0.810885411070249,0.18837807933780115
428,S32_4,4,ascending,diverging,0.3435,7.06948,high,other,3230.97,3231.1,3230.64,LOSS,-0.5,1,0,CHOPZONE,0.7248007470279173,4.8622095086913344e-11,0.0009143735444895861,0.7248007470279173,0.27428487937897106
428,S32_4,4,ascending,diverging,0.3435,7.06948,high,other,3230.97,3231.1,3230.64,LOSS,-0.5,1,0,CHOPZONE,0.6880066026757159,6.098948864911894e-11,0.0010535914529806547,0.6880066026757159,0.310939805810314
428,S32_4,4,ascending,diverging,0.3435,7.06948,high,other,3230.97,3231.1,3230.64,LOSS,-0.5,1,0,CHOPZONE,0.6683816165902248,8.094983365025039e-11,0.0012205941147123097,0.6683816165902248,0.3303977892141131
428,S32_4,4,ascending,diverging,0.3435,7.06948,high,other,3230.97,3231.1,3230.64,LOSS,-0.5,1,0,CHOPZONE,0.6348487759789617,1.2482843679306262e-10,0.0016754827847212375,0.6348487759789617,0.3634757411114886
428,S32_4,4,ascending,diverging,0.3435,7.06948,high,other,3230.97,3231.1,3230.64,LOSS,-0.5,1,0,CHOPZONE,0.5344946017682889,8.955022664964133e-10,0.01598476623202288,0.5344946017682889,0.449520631104186
431,S33_4,4,ascending,converging,0.4688,8.1341,high,other,3199.9,3200.19,3197.08,LOSS,-0.5,11,0,PULLBACK,0.9952630669150736,0.0047369266248743595,0.9952630669150736,5.152170204632495e-09,1.307881850981891e-09
431,S33_4,4,ascending,converging,0.4688,8.1341,high,other,3199.9,3200.19,3197.08,LOSS,-0.5,11,0,PULLBACK,0.9978809296039431,0.0021190680255643722,0.9978809296039431,2.3021501086725615e-09,6.83423485945883e-11
431,S33_4,4,ascending,converging,0.4688,8.1341,high,other,3199.9,3200.19,3197.08,LOSS,-0.5,11,0,PULLBACK,0.9983524868541249,0.0016475059350748997,0.9983524868541249,7.169537687217834e-09,4.126241172630926e-11
431,S33_4,4,ascending,converging,0.4688,8.1341,high,other,3199.9,3200.19,3197.08,LOSS,-0.5,11,0,PULLBACK,0.9986910471288043,0.0013089314746200073,0.9986910471288043,2.137081728948219e-08,2.5758356848871658e-11
431,S33_4,4,ascending,converging,0.4688,8.1341,high,other,3199.9,3200.19,3197.08,LOSS,-0.5,11,0,PULLBACK,0.998956411106619,0.0010435279024102494,0.998956411106619,6.097437292383336e-08,1.6597785464053055e-11
431,S33_4,4,ascending,converging,0.4688,8.1341,high,other,3199.9,3200.19,3197.08,LOSS,-0.5,11,0,PULLBACK,0.9991674469264306,0.0008323862804114733,0.9991674469264306,1.6678212567588813e-07,1.1032319689066092e-11
436,S34_4,4,ascending,converging,0.4933,7.92363,high,other,3224.98,3225.41,3223.08,WIN,3.0,7,1,PULLBACK,0.9995431707624359,0.00041909711936222264,0.9995431707624359,3.7595575020670404e-05,1.3654318108951476e-07
436,S34_4,4,ascending,converging,0.4933,7.92363,high,other,3224.98,3225.41,3223.08,LOSS,-0.5,1,0,PULLBACK,0.9967953131108395,0.0030958064186736214,0.9967953131108395,0.00010848147994786282,3.9899053904165094e-07
436,S34_4,4,ascending,converging,0.4933,7.92363,high,other,3224.98,3225.41,3223.08,LOSS,-0.5,1,0,BREAKOUT,0.8206820999458526,0.8206820999458526,0.1793178998170545,1.1181853632762542e-10,1.2527422021809566e-10
436,S34_4,4,ascending,converging,0.4933,7.92363,high,other,3224.98,3225.41,3223.08,LOSS,-0.5,1,0,BREAKOUT,0.9112679408989861,0.9112679408989861,0.08873205894966964,9.370255073500147e-11,5.764171659827925e-11
436,S34_4,4,ascending,converging,0.4933,7.92363,high,other,3224.98,3225.41,3223.08,LOSS,-0.5,1,0,BREAKOUT,0.8602851883363798,0.8602851883363798,0.13971481117151208,4.07630994198095e-10,8.447712689563224e-11
436,S34_4,4,ascending,converging,0.4933,7.92363,high,other,3224.98,3225.41,3223.08,LOSS,-0.5,1,0,BREAKOUT,0.6700068679844254,0.6700068679844254,0.3299930804984252,5.063690215787235e-08,8.802471705822883e-10
459,S35_4,4,ascending,converging,0.017,6.53929,high,other,3158.71,3163.89,3157.37,TIMEOUT,0.0,50,0,CHOPZONE,0.9958058440691193,1.6692651631633887e-07,0.003097808364191553,0.9958058440691193,0.001096180640172859
459,S35_4,4,ascending,converging,0.017,6.53929,high,other,3158.71,3163.89,3157.37,TIMEOUT,0.0,50,0,CHOPZONE,0.9995326714470237,2.3809447828970355e-09,0.0001708252423353916,0.9995326714470237,0.00029650092969614033
459,S35_4,4,ascending,converging,0.017,6.53929,high,other,3158.71,3163.89,3157.37,TIMEOUT,0.0,50,0,CHOPZONE,0.9995317170595038,1.6704873251120026e-09,0.00014747190398738477,0.9995317170595038,0.0003208093660214507
459,S35_4,4,ascending,converging,0.017,6.53929,high,other,3158.71,3163.89,3157.37,TIMEOUT,0.0,50,0,CHOPZONE,0.9995127754969375,1.2238850682872402e-09,0.00013705613374046533,0.9995127754969375,0.0003501671454369705
459,S35_4,4,ascending,converging,0.017,6.53929,high,other,3158.71,3163.89,3157.37,TIMEOUT,0.0,50,0,CHOPZONE,0.9994744847477539,9.474783813601568e-10,0.00013684933078970455,0.9994744847477539,0.00038866497397804534
459,S35_4,4,ascending,converging,0.017,6.53929,high,other,3158.71,3163.89,3157.37,TIMEOUT,0.0,50,0,CHOPZONE,0.9951079442444042,1.097657111460001e-08,0.0028679209580243156,0.9951079442444042,0.0020241238210003953
467,S36_4,4,descending,converging,0.5601,5.61379,low,london,3177.42,3179.37,3173.92,TIMEOUT,0.0,50,0,PULLBACK,0.9955243157279682,0.004472672695576265,0.9955243157279682,2.367014887690262e-06,6.445615678420861e-07
467,S36_4,4,descending,converging,0.5601,5.61379,low,london,3177.42,3179.37,3173.92,TIMEOUT,0.0,50,0,PULLBACK,0.997175440890496,0.002824374353366217,0.997175440890496,1.1512805940556426e-07,6.962807830550869e-08
467,S36_4,4,descending,converging,0.5601,5.61379,low,london,3177.42,3179.37,3173.92,TIMEOUT,0.0,50,0,PULLBACK,0.9961103491344523,0.0038894765201896867,0.9961103491344523,1.4102673774748988e-07,3.331862025857984e-08
467,S36_4,4,descending,converging,0.5601,5.61379,low,london,3177.42,3179.37,3173.92,TIMEOUT,0.0,50,0,PULLBACK,0.9940687308926781,0.005931089942154308,0.9940687308926781,1.632072181298808e-07,1.5957949373219475e-08
467,S36_4,4,descending,converging,0.5601,5.61379,low,london,3177.42,3179.37,3173.92,TIMEOUT,0.0,50,0,PULLBACK,0.9857544371423957,0.014245370372635902,0.9857544371423957,1.8450083077421002e-07,7.984137702316072e-09
467,S36_4,4,descending,converging,0.5601,5.61379,low,london,3177.42,3179.37,3173.92,TIMEOUT,0.0,50,0,PULLBACK,0.9021089637944217,0.09789075319258539,0.9021089637944217,2.786571468989116e-07,4.3558459190524e-09
472,S37_4,4,descending,diverging,0.6405,6.68067,high,other,3146.13,3147.02,3143.95,TIMEOUT,0.0,50,0,BREAKOUT,0.8892566801837082,0.8892566801837082,0.11074331963033957,9.162259373984742e-11,9.432961086796111e-11
472,S37_4,4,descending,diverging,0.6405,6.68067,high,other,3146.13,3147.02,3143.95,TIMEOUT,0.0,50,0,BREAKOUT,0.9828129983011158,0.9828129983011158,0.01718700165014973,2.4216423723257096e-11,2.4518032503023776e-11
472,S37_4,4,descending,diverging,0.6405,6.68067,high,other,3146.13,3147.02,3143.95,TIMEOUT,0.0,50,0,BREAKOUT,0.9958185625748739,0.9958185625748739,0.004181437384478675,2.023392490989714e-11,2.041350502717062e-11
472,S37_4,4,descending,diverging,0.6405,6.68067,high,other,3146.13,3147.02,3143.95,TIMEOUT,0.0,50,0,BREAKOUT,0.9973374507235535,0.9973374507235535,0.002662549230774234,2.2767922391674827e-11,2.2904396421713948e-11
472,S37_4,4,descending,diverging,0.6405,6.68067,high,other,3146.13,3147.02,3143.95,TIMEOUT,0.0,50,0,BREAKOUT,0.9982319734219338,0.9982319734219338,0.001768026508945353,3.3991341091670135e-11,3.512947483571779e-11
472,S37_4,4,descending,diverging,0.6405,6.68067,high,other,3146.13,3147.02,3143.95,TIMEOUT,0.0,50,0,BREAKOUT,0.9898764990389269,0.9898764990389269,0.010123500195382586,2.871341083199662e-10,4.785564718202981e-10
480,S38_4,4,descending,converging,0.0946,7.62166,high,other,3197.65,3198.98,3196.52,TIMEOUT,0.0,50,0,PULLBACK,0.9999941725448525,5.7047176768503075e-06,0.9999941725448525,4.602657410785617e-08,7.671089662595081e-08
480,S38_4,4,descending,converging,0.0946,7.62166,high,other,3197.65,3198.98,3196.52,TIMEOUT,0.0,50,0,PULLBACK,0.9999993695363498,5.483608771467054e-07,0.9999993695363498,3.078856349715055e-08,5.1314209552860035e-08
480,S38_4,4,descending,converging,0.0946,7.62166,high,other,3197.65,3198.98,3196.52,TIMEOUT,0.0,50,0,PULLBACK,0.9999994883259957,4.4669992674252776e-07,0.9999994883259957,3.3871461489453215e-08,3.110261605806658e-08
480,S38_4,4,descending,converging,0.0946,7.62166,high,other,3197.65,3198.98,3196.52,TIMEOUT,0.0,50,0,PULLBACK,0.9999995195520103,3.6514389454937534e-07,0.9999995195520103,9.585144920250786e-08,1.9452645888071636e-08
480,S38_4,4,descending,converging,0.0946,7.62166,high,other,3197.65,3198.98,3196.52,TIMEOUT,0.0,50,0,PULLBACK,0.9999994286797319,2.9947026368991603e-07,0.9999994286797319,2.593128031789978e-07,1.2537201199100452e-08
480,S38_4,4,descending,converging,0.0946,7.62166,high,other,3197.65,3198.98,3196.52,TIMEOUT,0.0,50,0,PULLBACK,0.9999990734053056,2.46410789607517e-07,0.9999990734053056,6.718679023851028e-07,8.316002347410511e-09
487,S39_4,4,ascending,diverging,0.0175,7.86009,high,other,3160.04,3161.25,3158.85,TIMEOUT,0.0,50,0,PULLBACK,0.9999947693133022,2.6153374749211652e-06,0.9999947693133022,9.807680341531148e-07,1.6345811886894718e-06
487,S39_4,4,ascending,diverging,0.0175,7.86009,high,other,3160.04,3161.25,3158.85,TIMEOUT,0.0,50,0,PULLBACK,0.9999969373280736,1.5313202925819855e-06,0.9999969373280736,5.742751763865789e-07,9.570764574098157e-07
487,S39_4,4,ascending,diverging,0.0175,7.86009,high,other,3160.04,3161.25,3158.85,TIMEOUT,0.0,50,0,PULLBACK,0.9999965383144395,6.970659727223251e-07,0.9999965383144395,2.3289336927430513e-06,4.356858950506216e-07
487,S39_4,4,ascending,diverging,0.0175,7.86009,high,other,3160.04,3161.25,3158.85,TIMEOUT,0.0,50,0,PULLBACK,0.9999847438358149,3.2930597071081466e-07,0.9999847438358149,1.4720977042813826e-05,2.05881171596433e-07
487,S39_4,4,ascending,diverging,0.0175,7.86009,high,other,3160.04,3161.25,3158.85,TIMEOUT,0.0,50,0,PULLBACK,0.9999061010348098,1.6361071942341015e-07,0.9999061010348098,9.363290617212048e-05,1.0244829861948264e-07
487,S39_4,4,ascending,diverging,0.0175,7.86009,high,other,3160.04,3161.25,3158.85,TIMEOUT,0.0,50,0,PULLBACK,0.999448184956357,8.916995341908252e-08,0.999448184956357,0.0005516708696583066,5.5004031253627486e-08
63,S0_5,5,descending,converging,0.3589,5.97709,low,london,2946.21,2947.1,2944.86,LOSS,-0.5,1,0,PULLBACK,0.9984890538428365,0.0014871433296703108,0.9984890538428365,1.514879829888507e-09,2.3801312613425422e-05
63,S0_5,5,descending,converging,0.3589,5.97709,low,london,2946.21,2947.1,2944.86,LOSS,-0.5,1,0,PULLBACK,0.9989660248751446,0.001020699249348202,0.9989660248751446,1.2890368617080601e-09,1.3274586470304627e-05
63,S0_5,5,descending,converging,0.3589,5.97709,low,london,2946.21,2947.1,2944.86,LOSS,-0.5,1,0,PULLBACK,0.9989587601449336,0.0010277443298031686,0.9989587601449336,1.2593943659176056e-09,1.3494265868935381e-05
63,S0_5,5,descending,converging,0.3589,5.97709,low,london,2946.21,2947.1,2944.86,LOSS,-0.5,1,0,PULLBACK,0.9987680262468749,0.0012159986431904688,0.9987680262468749,1.261152397588286e-09,1.5973848782240775e-05
73,S1_5,5,ascending,diverging,0.3742,6.40753,low,other,2986.22,2989.08,2985.33,LOSS,-0.5,5,0,PULLBACK,0.9910709226423713,0.008909137729573448,0.9910709226423713,1.0377312369431502e-09,1.9938590323991093e-05
73,S1_5,5,ascending,diverging,0.3742,6.40753,low,other,2986.22,2989.08,2985.33,LOSS,-0.5,5,0,PULLBACK,0.9895652211500916,0.010415226579941893,0.9895652211500916,1.0314310543381615e-09,1.9551238535476754e-05
73,S1_5,5,ascending,diverging,0.3742,6.40753,low,other,2986.22,2989.08,2985.33,LOSS,-0.5,5,0,PULLBACK,0.9828551473241864,0.017125649203024878,0.9828551473241864,1.0783660004411113e-09,1.9202394422789626e-05
73,S1_5,5,ascending,diverging,0.3742,6.40753,low,other,2986.22,2989.08,2985.33,LOSS,-0.5,5,0,PULLBACK,0.9075699985031463,0.09240979705667907,0.9075699985031463,1.7673732233152356e-09,2.0202672801294997e-05
73,S1_5,5,ascending,diverging,0.3742,6.40753,low,other,2986.22,2989.08,2985.33,LOSS,-0.5,1,0,BREAKOUT,0.962122830712308,0.962122830712308,0.03787716403270664,2.544922397530541e-09,2.710063020588411e-09
79,S2_5,5,descending,converging,0.2824,6.64234,high,other,2964.77,2968.54,2963.47,LOSS,-0.5,15,0,BREAKOUT,0.9739660529944283,0.9739660529944283,0.026033946497937333,2.7018933156459325e-12,5.049325806481277e-10
79,S2_5,5,descending,converging,0.2824,6.64234,high,other,2964.77,2968.54,2963.47,LOSS,-0.5,1,0,BREAKOUT,0.9814607394273953,0.9814607394273953,0.018539260375005934,1.6529662088904163e-12,1.9594580993545934e-10
79,S2_5,5,descending,converging,0.2824,6.64234,high,other,2964.77,2968.54,2963.47,LOSS,-0.5,15,0,BREAKOUT,0.9859496226217149,0.9859496226217149,0.01405037729501814,1.126422796434691e-12,8.214049045868817e-11
79,S2_5,5,descending,converging,0.2824,6.64234,high,other,2964.77,2968.54,2963.47,LOSS,-0.5,1,0,BREAKOUT,0.9887113759016279,0.9887113759016279,0.011288624058737057,8.445453596890264e-13,3.879037465026257e-11
79,S2_5,5,descending,converging,0.2824,6.64234,high,other,2964.77,2968.54,2963.47,LOSS,-0.5,1,0,BREAKOUT,0.9908759013981114,0.9908759013981114,0.00912409858380297,6.458548415192182e-13,1.7439837974359152e-11
79,S2_5,5,descending,converging,0.2824,6.64234,high,other,2964.77,2968.54,2963.47,LOSS,-0.5,1,0,BREAKOUT,0.9931964998897644,0.9931964998897644,0.0068035001039340615,4.675987451213089e-13,5.8338728141867134e-12
82,S3_5,5,ascending,diverging,1.0388,6.75174,high,london,2975.25,2978.42,2973.48,LOSS,-0.5,6,0,BREAKOUT,0.9997755472951073,0.9997755472951073,0.0002244526952933384,4.798637733954069e-12,4.80073825319035e-12
82,S3_5,5,ascending,diverging,1.0388,6.75174,high,london,2975.25,2978.42,2973.48,LOSS,-0.5,1,0,BREAKOUT,0.9998746006437652,0.9998746006437652,0.00012539934963821096,3.2979334447744196e-12,3.298742040249968e-12
82,S3_5,5,ascending,diverging,1.0388,6.75174,high,london,2975.25,2978.42,2973.48,LOSS,-0.5,1,0,BREAKOUT,0.999929843531956,0.999929843531956,7.015646261683598e-05,2.7134073952192595e-12,2.7137560291092645e-12
82,S3_5,5,ascending,diverging,1.0388,6.75174,high,london,2975.25,2978.42,2973.48,LOSS,-0.5,1,0,BREAKOUT,0.9999632595843455,0.9999632595843455,3.674041019681305e-05,2.7287573077802086e-12,2.72893574674681e-12
82,S3_5,5,ascending,diverging,1.0388,6.75174,high,london,2975.25,2978.42,2973.48,LOSS,-0.5,6,0,BREAKOUT,0.9999813085169292,0.9999813085169292,1.8691475592190566e-05,3.706763593193739e-12,3.771778718936662e-12
82,S3_5,5,ascending,diverging,1.0388,6.75174,high,london,2975.25,2978.42,2973.48,LOSS,-0.5,1,0,BREAKOUT,0.9948786809103177,0.9948786809103177,0.00512131052209981,6.420004759105332e-09,2.1475777090326984e-09
104,S4_5,5,descending,diverging,0.219,5.78199,low,london,2950.75,2953.55,2949.19,LOSS,-0.5,1,0,CHOPZONE,0.9956360724025889,2.580216096020783e-09,0.0029710142540981107,0.9956360724025889,0.0013929107630969268
104,S4_5,5,descending,diverging,0.219,5.78199,low,london,2950.75,2953.55,2949.19,LOSS,-0.5,1,0,CHOPZONE,0.9994365449923149,3.229424048292806e-11,0.00018815663827894338,0.9994365449923149,0.0003752983371118455
104,S4_5,5,descending,diverging,0.219,5.78199,low,london,2950.75,2953.55,2949.19,WIN,3.0,8,1,CHOPZONE,0.9994454695591605,3.1675158823127296e-11,0.00016602402222111554,0.9994454695591605,0.00038850638694311345
104,S4_5,5,descending,diverging,0.219,5.78199,low,london,2950.75,2953.55,2949.19,LOSS,-0.5,1,0,CHOPZONE,0.9994815357329089,7.896987039282863e-10,0.00012465321028720504,0.9994815357329089,0.0003938102671051914
104,S4_5,5,descending,diverging,0.219,5.78199,low,london,2950.75,2953.55,2949.19,LOSS,-0.5,1,0,CHOPZONE,0.9994089867078783,4.1524451223097713e-10,0.00011613378286525447,0.9994089867078783,0.0004748790940120808
104,S4_5,5,descending,diverging,0.219,5.78199,low,london,2950.75,2953.55,2949.19,LOSS,-0.5,1,0,CHOPZONE,0.9950135740526788,3.454761627403531e-09,0.0024041831053019215,0.9950135740526788,0.002582239387257563
125,S5_5,5,ascending,converging,0.3121,7.37404,high,other,2996.76,2997.91,2995.6,LOSS,-0.5,1,0,PULLBACK,0.9999977917226605,7.62366961370671e-07,0.9999977917226605,1.0193084131028548e-06,4.2660196518783263e-07
125,S5_5,5,ascending,converging,0.3121,7.37404,high,other,2996.76,2997.91,2995.6,LOSS,-0.5,1,0,PULLBACK,0.9999996224994374,2.8420752135091223e-07,0.9999996224994374,5.85111903547507e-08,3.478185077745505e-08
125,S5_5,5,ascending,converging,0.3121,7.37404,high,other,2996.76,2997.91,2995.6,LOSS,-0.5,1,0,PULLBACK,0.9999995708909688,2.2784331303868887e-07,0.9999995708909688,1.8021342812154715e-07,2.1052290135047226e-08
125,S5_5,5,ascending,converging,0.3121,7.37404,high,other,2996.76,2997.91,2995.6,LOSS,-0.5,1,0,PULLBACK,0.9999992737757529,1.8310892145292928e-07,0.9999992737757529,5.299503889670029e-07,1.3164936542266317e-08
125,S5_5,5,ascending,converging,0.3121,7.37404,high,other,2996.76,2997.91,2995.6,LOSS,-0.5,1,0,PULLBACK,0.9999983540768268,1.4751472066630306e-07,0.9999983540768268,1.4899111883487754e-06,8.497264209880561e-09
125,S5_5,5,ascending,converging,0.3121,7.37404,high,other,2996.76,2997.91,2995.6,LOSS,-0.5,1,0,PULLBACK,0.9999958657839323,1.191228453855243e-07,0.9999958657839323,4.009437891706949e-06,5.65533063926924e-09
147,S6_5,5,descending,diverging,0.285,7.42722,high,other,2965.59,2965.67,2964.68,WIN,3.0,16,1,PULLBACK,0.9999960265029666,4.0906115435452435e-08,0.9999960265029666,3.9150421191957694e-06,1.754879875245533e-08
147,S6_5,5,descending,diverging,0.285,7.42722,high,other,2965.59,2965.67,2964.68,LOSS,-0.5,2,0,PULLBACK,0.9999891162124017,3.264235358176877e-08,0.9999891162124017,1.0839477888192176e-05,1.1667356493347247e-08
147,S6_5,5,descending,diverging,0.285,7.42722,high,other,2965.59,2965.67,2964.68,WIN,3.0,16,1,PULLBACK,0.9999748736675048,2.6937149608294375e-08,0.9999748736675048,2.5090963865397295e-05,8.43148026421275e-09
147,S6_5,5,descending,diverging,0.285,7.42722,high,other,2965.59,2965.67,2964.68,LOSS,-0.5,2,0,PULLBACK,0.9999437745302592,2.2271845955140132e-08,0.9999437745302592,5.619695783165569e-05,6.240063170899457e-09
147,S6_5,5,descending,diverging,0.285,7.42722,high,other,2965.59,2965.67,2964.68,WIN,3.0,16,1,PULLBACK,0.9998774700048698,1.8451230518645855e-08,0.9998774700048698,0.0001225068134228851,4.730476785943465e-09
147,S6_5,5,descending,diverging,0.285,7.42722,high,other,2965.59,2965.67,2964.68,LOSS,-0.5,2,0,PULLBACK,0.9995634313395405,1.1939868850437522e-07,0.9995634313395405,0.00043644508158221265,4.1801886692040755e-09
167,S7_5,5,ascending,diverging,0.9169,7.35579,high,other,3010.99,3014.47,3009.23,LOSS,-0.5,1,0,BREAKOUT,0.7159549086119854,0.7159549086119854,0.2840450901031395,1.277757978693777e-09,7.117154894877556e-12
167,S7_5,5,ascending,diverging,0.9169,7.35579,high,other,3010.99,3014.47,3009.23,LOSS,-0.5,1,0,BREAKOUT,0.8911191252687733,0.8911191252687733,0.1088808737012079,1.0273539635985912e-09,2.6648458093923966e-12
167,S7_5,5,ascending,diverging,0.9169,7.35579,high,other,3010.99,3014.47,3009.23,LOSS,-0.5,1,0,BREAKOUT,0.9645402891585925,0.9645402891585925,0.03545971078045051,2.8728507980007987e-11,3.22285004045485e-11
167,S7_5,5,ascending,diverging,0.9169,7.35579,high,other,3010.99,3014.47,3009.23,LOSS,-0.5,1,0,BREAKOUT,0.9496388225191157,0.9496388225191157,0.05036117738263194,5.97995180642155e-11,3.845298842947026e-11
167,S7_5,5,ascending,diverging,0.9169,7.35579,high,other,3010.99,3014.47,3009.23,LOSS,-0.5,1,0,BREAKOUT,0.8737402399717838,0.8737402399717838,0.12625975956405344,3.844443175177588e-10,7.971844753715851e-11
167,S7_5,5,ascending,diverging,0.9169,7.35579,high,other,3010.99,3014.47,3009.23,LOSS,-0.5,1,0,BREAKOUT,0.6654946840285717,0.6654946840285717,0.33450525558099026,5.9486045494346406e-08,9.043924317003337e-10
172,S8_5,5,ascending,converging,0.1072,6.47456,high,other,2995.79,2996.72,2992.66,WIN,3.0,4,1,CHOPZONE,0.9957995662560188,1.6603765490356036e-07,0.0031042002417215283,0.9957995662560188,0.0010960674646045613
172,S8_5,5,ascending,converging,0.1072,6.47456,high,other,2995.79,2996.72,2992.66,LOSS,-0.5,2,0,CHOPZONE,0.9995405225238313,2.880683957745273e-09,0.00017937797305142848,0.9995405225238313,0.0002800966224333366
172,S8_5,5,ascending,converging,0.1072,6.47456,high,other,2995.79,2996.72,2992.66,WIN,3.0,4,1,CHOPZONE,0.9995254402338981,1.4998244747076895e-09,0.00014372356245618436,0.9995254402338981,0.0003308347038212037
172,S8_5,5,ascending,converging,0.1072,6.47456,high,other,2995.79,2996.72,2992.66,WIN,3.0,4,1,CHOPZONE,0.999483620445917,8.078728846405452e-10,0.00012514794449752903,0.999483620445917,0.00039123080171264425
172,S8_5,5,ascending,converging,0.1072,6.47456,high,other,2995.79,2996.72,2992.66,WIN,3.0,4,1,CHOPZONE,0.9994243559527911,4.507086326208843e-10,0.00011326710529761936,0.9994243559527911,0.00046237649120256264
172,S8_5,5,ascending,converging,0.1072,6.47456,high,other,2995.79,2996.72,2992.66,WIN,3.0,4,1,CHOPZONE,0.9963613392118994,8.193410234534363e-10,0.00034479239295606706,0.9963613392118994,0.0032938675758035782
180,S9_5,5,ascending,diverging,0.4785,6.68433,high,london,3034.34,3037.45,3031.11,LOSS,-0.5,1,0,COMPRESSION,0.6859132151839602,3.032274790143602e-07,0.014134624877309853,0.29995185671125085,0.6859132151839602
180,S9_5,5,ascending,diverging,0.4785,6.68433,high,london,3034.34,3037.45,3031.11,LOSS,-0.5,1,0,COMPRESSION,0.8311298643674997,3.552952528720224e-07,0.01894099106454669,0.14992878927270073,0.8311298643674997
180,S9_5,5,ascending,diverging,0.4785,6.68433,high,london,3034.34,3037.45,3031.11,LOSS,-0.5,1,0,COMPRESSION,0.828244275216419,6.159808870297692e-07,0.03163336576401542,0.14012174303867858,0.828244275216419
180,S9_5,5,ascending,diverging,0.4785,6.68433,high,london,3034.34,3037.45,3031.11,LOSS,-0.5,1,0,COMPRESSION,0.7280041016636507,1.653904046298976e-06,0.06964354044576747,0.20235070398653549,0.7280041016636507
180,S9_5,5,ascending,diverging,0.4785,6.68433,high,london,3034.34,3037.45,3031.11,LOSS,-0.5,1,0,COMPRESSION,0.5271642341398445,4.251098281736997e-06,0.13569439117770124,0.33713712358417247,0.5271642341398445
180,S9_5,5,ascending,diverging,0.4785,6.68433,high,london,3034.34,3037.45,3031.11,LOSS,-0.5,1,0,CHOPZONE,0.5738167652271177,8.054726040156752e-06,0.16070059429997208,0.5738167652271177,0.2654745857468702
199,S10_5,5,ascending,diverging,0.0948,5.63555,low,other,3011.1,3011.26,3009.08,WIN,3.0,3,1,CHOPZONE,0.9980535592486689,9.1404870261462e-09,0.0009566051083197883,0.9980535592486689,0.0009898265025244355
199,S10_5,5,ascending,diverging,0.0948,5.63555,low,other,3011.1,3011.26,3009.08,LOSS,-0.5,1,0,CHOPZONE,0.9994807881959041,8.485458090173819e-10,0.00012882513799016934,0.9994807881959041,0.00039038581756000866
199,S10_5,5,ascending,diverging,0.0948,5.63555,low,other,3011.1,3011.26,3009.08,WIN,3.0,3,1,CHOPZONE,0.9993966511133644,2.7573843555108394e-10,0.0001038985816662522,0.9993966511133644,0.0004994500292310112
199,S10_5,5,ascending,diverging,0.0948,5.63555,low,other,3011.1,3011.26,3009.08,WIN,3.0,3,1,CHOPZONE,0.999335801687128,1.116084070037596e-10,9.717465707731507e-05,0.999335801687128,0.0005670235441862792
199,S10_5,5,ascending,diverging,0.0948,5.63555,low,other,3011.1,3011.26,3009.08,WIN,3.0,3,1,CHOPZONE,0.9993200974652102,5.446275936551575e-11,0.00011468398152422415,0.9993200974652102,0.000565218498802862
199,S10_5,5,ascending,diverging,0.0948,5.63555,low,other,3011.1,3011.26,3009.08,WIN,3.0,3,1,CHOPZONE,0.9949139690686097,4.67253368019116e-10,0.003168022397738644,0.9949139690686097,0.0019180080663983052
203,S11_5,5,ascending,converging,0.3848,5.94079,low,london,3030.76,3031.46,3029.31,LOSS,-0.5,4,0,PULLBACK,0.8858854187026841,1.782196551363641e-05,0.8858854187026841,0.11265706689852666,0.0014396924332755912
203,S11_5,5,ascending,converging,0.3848,5.94079,low,london,3030.76,3031.46,3029.31,LOSS,-0.5,1,0,PULLBACK,0.9965424661986909,0.0002274640285050272,0.9965424661986909,0.003225357575111558,4.712197692466718e-06
203,S11_5,5,ascending,converging,0.3848,5.94079,low,london,3030.76,3031.46,3029.31,LOSS,-0.5,1,0,BREAKOUT,0.8625247843156092,0.8625247843156092,0.13747521565982634,1.2241558598758096e-11,1.2323124221765745e-11
203,S11_5,5,ascending,converging,0.3848,5.94079,low,london,3030.76,3031.46,3029.31,LOSS,-0.5,1,0,BREAKOUT,0.9754816429677726,0.9754816429677726,0.02451835702316865,4.464708587152889e-12,4.5939833497786945e-12
203,S11_5,5,ascending,converging,0.3848,5.94079,low,london,3030.76,3031.46,3029.31,LOSS,-0.5,1,0,BREAKOUT,0.989594837294036,0.989594837294036,0.01040516269769085,4.091224306269018e-12,4.1819882039649685e-12
203,S11_5,5,ascending,converging,0.3848,5.94079,low,london,3030.76,3031.46,3029.31,LOSS,-0.5,1,0,BREAKOUT,0.992883507140308,0.992883507140308,0.007116492849410633,5.13552980937413e-12,5.145798541736133e-12
219,S12_5,5,ascending,diverging,0.5994,6.38255,low,other,3068.72,3069.45,3062.34,LOSS,-0.5,1,0,BREAKOUT,0.9993888235753333,0.9993888235753333,0.0006111761931599693,1.1563767095610854e-10,1.1586889389101303e-10
219,S12_5,5,ascending,diverging,0.5994,6.38255,low,other,3068.72,3069.45,3062.34,LOSS,-0.5,1,0,BREAKOUT,0.9994240044485042,0.9994240044485042,0.0005759953286027729,1.1133516122313252e-10,1.1155778074480403e-10
219,S12_5,5,ascending,diverging,0.5994,6.38255,low,other,3068.72,3069.45,3062.34,LOSS,-0.5,1,0,BREAKOUT,0.9994241947072894,0.9994241947072894,0.000575805069864318,1.1131189311817859e-10,1.115344661287364e-10
219,S12_5,5,ascending,diverging,0.5994,6.38255,low,other,3068.72,3069.45,3062.34,LOSS,-0.5,1,0,BREAKOUT,0.99942419573311,0.99942419573311,0.0005758040440437276,1.1131176755274048e-10,1.1153434053349303e-10
219,S12_5,5,ascending,diverging,0.5994,6.38255,low,other,3068.72,3069.45,3062.34,LOSS,-0.5,1,0,BREAKOUT,0.9994241951650414,0.9994241951650414,0.0005758046121122832,1.1131181659552364e-10,1.1153443057592108e-10
219,S12_5,5,ascending,diverging,0.5994,6.38255,low,other,3068.72,3069.45,3062.34,LOSS,-0.5,1,0,BREAKOUT,0.9994240890942134,0.9994240890942134,0.0005759106829142848,1.1132101079306286e-10,1.1155120631918046e-10
220,S13_5,5,ascending,converging,0.5968,7.30951,high,other,3083.27,3088.08,3082.67,LOSS,-0.5,2,0,BREAKOUT,0.9994044754775102,0.9994044754775102,0.0005955243261864706,9.803405347180883e-11,9.826929784720654e-11
220,S13_5,5,ascending,converging,0.5968,7.30951,high,other,3083.27,3088.08,3082.67,LOSS,-0.5,2,0,BREAKOUT,0.9993085273970367,0.9993085273970367,0.0006914724440569856,7.931297495569601e-11,7.959335615240232e-11
220,S13_5,5,ascending,converging,0.5968,7.30951,high,other,3083.27,3088.08,3082.67,LOSS,-0.5,2,0,BREAKOUT,0.9989790158616654,0.9989790158616654,0.0010209840419448386,4.8066505274343065e-11,4.832323311971924e-11
220,S13_5,5,ascending,converging,0.5968,7.30951,high,other,3083.27,3088.08,3082.67,LOSS,-0.5,2,0,BREAKOUT,0.9984493484601175,0.9984493484601175,0.0015506514769946175,3.128077847442438e-11,3.160721301143311e-11
220,S13_5,5,ascending,converging,0.5968,7.30951,high,other,3083.27,3088.08,3082.67,LOSS,-0.5,2,0,BREAKOUT,0.9969370093125643,0.9969370093125643,0.0030629906349553906,2.489899796938448e-11,2.7581334229564583e-11
220,S13_5,5,ascending,converging,0.5968,7.30951,high,other,3083.27,3088.08,3082.67,LOSS,-0.5,2,0,BREAKOUT,0.9638442745744062,0.9638442745744062,0.036155725200275886,8.465583338605694e-11,1.4066213597949763e-10
228,S14_5,5,ascending,converging,0.1918,7.33524,high,london,3061.73,3065.0,3057.98,LOSS,-0.5,5,0,PULLBACK,0.9997576787808494,5.772122202710907e-06,0.9997576787808494,0.00023654246740208667,6.629545751663224e-09
228,S14_5,5,ascending,converging,0.1918,7.33524,high,london,3061.73,3065.0,3057.98,LOSS,-0.5,1,0,PULLBACK,0.9895738220395237,4.395162000722517e-07,0.9895738220395237,0.010425286389186515,4.520550897367508e-07
228,S14_5,5,ascending,converging,0.1918,7.33524,high,london,3061.73,3065.0,3057.98,LOSS,-0.5,1,0,CHOPZONE,0.5512192986047451,1.676553466259732e-08,0.4487741498811744,0.5512192986047451,6.534748545830556e-06
228,S14_5,5,ascending,converging,0.1918,7.33524,high,london,3061.73,3065.0,3057.98,LOSS,-0.5,1,0,CHOPZONE,0.9295322631534177,2.390086754551413e-09,0.07044213099136905,0.9295322631534177,2.5603465126531588e-05
228,S14_5,5,ascending,converging,0.1918,7.33524,high,london,3061.73,3065.0,3057.98,LOSS,-0.5,1,0,CHOPZONE,0.9915256043606331,3.3468093617236624e-10,0.008430438874164975,0.9915256043606331,4.395643052107425e-05
228,S14_5,5,ascending,converging,0.1918,7.33524,high,london,3061.73,3065.0,3057.98,LOSS,-0.5,1,0,CHOPZONE,0.9759755712479103,1.1287574427836362e-09,0.023616256953453228,0.9759755712479103,0.0004081706698788876
235,S15_5,5,ascending,converging,0.9614,6.81201,high,other,3078.23,3079.08,3076.54,LOSS,-0.5,3,0,PULLBACK,0.9921809766089839,0.00781545513259703,0.9921809766089839,3.4026894588199937e-06,1.655689601210276e-07
235,S15_5,5,ascending,converging,0.9614,6.81201,high,other,3078.23,3079.08,3076.54,LOSS,-0.5,9,0,PULLBACK,0.9971164720656098,0.0028833435466373803,0.9971164720656098,1.156295451168584e-07,6.875820764871119e-08
235,S15_5,5,ascending,converging,0.9614,6.81201,high,other,3078.23,3079.08,3076.54,LOSS,-0.5,9,0,PULLBACK,0.9977034121138219,0.00229638062947167,0.9977034121138219,9.936930735680756e-08,1.0788739921897109e-07
235,S15_5,5,ascending,converging,0.9614,6.81201,high,other,3078.23,3079.08,3076.54,LOSS,-0.5,9,0,PULLBACK,0.9977151497244627,0.0022846430733211936,0.9977151497244627,9.934402487681144e-08,1.0785819116611055e-07
235,S15_5,5,ascending,converging,0.9614,6.81201,high,other,3078.23,3079.08,3076.54,LOSS,-0.5,9,0,PULLBACK,0.9976938674511839,0.002305925223033066,0.9976938674511839,9.944728007901097e-08,1.0787850295650154e-07
235,S15_5,5,ascending,converging,0.9614,6.81201,high,other,3078.23,3079.08,3076.54,LOSS,-0.5,9,0,PULLBACK,0.9966539502843611,0.003343196040925301,0.9966539502843611,2.3278410084139387e-06,5.258337051936977e-07
247,S16_5,5,ascending,converging,0.2805,6.10496,low,other,3058.3,3058.55,3057.4,LOSS,-0.5,3,0,CHOPZONE,0.9747513152370281,1.1597077621051967e-09,0.007020199037598802,0.9747513152370281,0.018228484565665327
247,S16_5,5,ascending,converging,0.2805,6.10496,low,other,3058.3,3058.55,3057.4,LOSS,-0.5,3,0,CHOPZONE,0.9939589518750443,9.25195896033704e-11,0.00035362088430337805,0.9939589518750443,0.005687427148132616
247,S16_5,5,ascending,converging,0.2805,6.10496,low,other,3058.3,3058.55,3057.4,LOSS,-0.5,3,0,CHOPZONE,0.9935598134653311,4.511758981665672e-11,0.00025504056761401314,0.9935598134653311,0.006185145921937338
247,S16_5,5,ascending,converging,0.2805,6.10496,low,other,3058.3,3058.55,3057.4,LOSS,-0.5,2,0,CHOPZONE,0.9923217415946941,2.4610430044715958e-11,0.00022519366725830755,0.9923217415946941,0.007453064713437176
247,S16_5,5,ascending,converging,0.2805,6.10496,low,other,3058.3,3058.55,3057.4,LOSS,-0.5,2,0,CHOPZONE,0.9889777721366093,1.4807247824555257e-11,0.0002357293319109109,0.9889777721366093,0.01078649851667247
247,S16_5,5,ascending,converging,0.2805,6.10496,low,other,3058.3,3058.55,3057.4,LOSS,-0.5,2,0,CHOPZONE,0.9521536231403144,1.0274146702598973e-10,0.0041509100193632366,0.9521536231403144,0.043695466737580964
253,S17_5,5,ascending,diverging,0.4488,7.31518,high,london,3090.78,3092.48,3085.6,LOSS,-0.5,8,0,PULLBACK,0.9988581940172506,5.6028304772975194e-05,0.9988581940172506,0.0010856733910410813,1.0428693530019611e-07
253,S17_5,5,ascending,diverging,0.4488,7.31518,high,london,3090.78,3092.48,3085.6,LOSS,-0.5,8,0,PULLBACK,0.999947063395277,4.127300793185076e-05,0.999947063395277,1.1662576486723946e-05,1.0203044345264466e-09
253,S17_5,5,ascending,diverging,0.4488,7.31518,high,london,3090.78,3092.48,3085.6,LOSS,-0.5,8,0,PULLBACK,0.9999411463579995,5.551848655269476e-05,0.9999411463579995,3.3350661511732485e-06,8.929663404351748e-11
253,S17_5,5,ascending,diverging,0.4488,7.31518,high,london,3090.78,3092.48,3085.6,LOSS,-0.5,8,0,PULLBACK,0.9999135940861255,8.591323869997717e-05,0.9999135940861255,4.926385251385613e-07,3.664953059432697e-11
253,S17_5,5,ascending,diverging,0.4488,7.31518,high,london,3090.78,3092.48,3085.6,LOSS,-0.5,8,0,PULLBACK,0.9998729262629477,0.00012699407276032078,0.9998729262629477,7.958620363632302e-08,7.808838177325358e-11
253,S17_5,5,ascending,diverging,0.4488,7.31518,high,london,3090.78,3092.48,3085.6,LOSS,-0.5,8,0,PULLBACK,0.9998058565757669,0.00019413339824971354,0.9998058565757669,9.831162143198754e-09,1.9482127029803023e-10
268,S18_5,5,descending,diverging,0.4625,8.27025,high,other,3051.07,3053.11,3048.47,LOSS,-0.5,0,0,PULLBACK,0.9995470975766746,0.00045290099245710424,0.9995470975766746,1.0575021448108412e-09,3.7336622392064145e-10
268,S18_5,5,descending,diverging,0.4625,8.27025,high,other,3051.07,3053.11,3048.47,LOSS,-0.5,0,0,PULLBACK,0.9996339451091134,0.0003660514119233282,0.9996339451091134,3.2564870888263017e-09,2.224760569540542e-10
268,S18_5,5,descending,diverging,0.4625,8.27025,high,other,3051.07,3053.11,3048.47,LOSS,-0.5,0,0,PULLBACK,0.9999737051913642,2.6244371331799376e-05,0.9999737051913642,5.000429481099658e-08,4.3300921371352053e-10
268,S18_5,5,descending,diverging,0.4625,8.27025,high,other,3051.07,3053.11,3048.47,LOSS,-0.5,0,0,PULLBACK,0.9999807401843833,1.9022570796353835e-05,0.9999807401843833,2.3702362362966214e-07,2.2119662705119728e-10
268,S18_5,5,descending,diverging,0.4625,8.27025,high,other,3051.07,3053.11,3048.47,LOSS,-0.5,0,0,PULLBACK,0.9999850585336347,1.3923586362037933e-05,0.9999850585336347,1.0177588627345424e-06,1.2114064812245284e-10
268,S18_5,5,descending,diverging,0.4625,8.27025,high,other,3051.07,3053.11,3048.47,WIN,3.0,15,1,PULLBACK,0.9998940976887776,1.5147322971941786e-05,0.9998940976887776,9.075466060807746e-05,3.2764242536506475e-10
284,S19_5,5,ascending,diverging,0.2941,7.38714,high,other,3076.38,3076.74,3075.57,LOSS,-0.5,2,0,CHOPZONE,0.9544839552217924,7.014787102601345e-10,0.0452313508640542,0.9544839552217924,0.0002846932126748792
284,S19_5,5,ascending,diverging,0.2941,7.38714,high,other,3076.38,3076.74,3075.57,LOSS,-0.5,7,0,CHOPZONE,0.9967097759745862,7.477845649255436e-11,0.0031873065629709316,0.9967097759745862,0.00010291738766451962
284,S19_5,5,ascending,diverging,0.2941,7.38714,high,other,3076.38,3076.74,3075.57,LOSS,-0.5,2,0,CHOPZONE,0.9980506015158531,6.896392813735811e-12,0.0014113718896180752,0.9980506015158531,0.0005380265876323525
284,S19_5,5,ascending,diverging,0.2941,7.38714,high,other,3076.38,3076.74,3075.57,LOSS,-0.5,7,0,CHOPZONE,0.9983148730922321,4.906901119764314e-12,0.0008788677031128836,0.9983148730922321,0.000806259199748183
284,S19_5,5,ascending,diverging,0.2941,7.38714,high,other,3076.38,3076.74,3075.57,LOSS,-0.5,2,0,CHOPZONE,0.9981758202429876,3.5928094536201216e-12,0.0005158999444058647,0.9981758202429876,0.0013082798090136532
284,S19_5,5,ascending,diverging,0.2941,7.38714,high,other,3076.38,3076.74,3075.57,LOSS,-0.5,7,0,CHOPZONE,0.9977331817236132,3.0493605709092015e-12,0.00032420456307231976,0.9977331817236132,0.0019426137102650247
292,S20_5,5,descending,converging,0.2791,6.32583,low,other,3059.52,3060.62,3058.95,WIN,3.0,10,1,CHOPZONE,0.9995510277926546,2.801286389731676e-09,0.00016939167718822912,0.9995510277926546,0.00027957772887085276
292,S20_5,5,descending,converging,0.2791,6.32583,low,other,3059.52,3060.62,3058.95,LOSS,-0.5,3,0,CHOPZONE,0.9995564825780041,2.7869524463045203e-09,0.00016764594955562056,0.9995564825780041,0.0002758686854878453
292,S20_5,5,descending,converging,0.2791,6.32583,low,other,3059.52,3060.62,3058.95,WIN,3.0,10,1,CHOPZONE,0.9995355410797849,1.787955829967977e-09,0.00014989617504303552,0.9995355410797849,0.0003145609572161699
292,S20_5,5,descending,converging,0.2791,6.32583,low,other,3059.52,3060.62,3058.95,LOSS,-0.5,3,0,CHOPZONE,0.999509670295306,1.1675062443290566e-09,0.0001355944781294422,0.999509670295306,0.0003547340590582547
292,S20_5,5,descending,converging,0.2791,6.32583,low,other,3059.52,3060.62,3058.95,WIN,3.0,10,1,CHOPZONE,0.9994631573954096,8.105716393644988e-10,0.00013215267337473528,0.9994631573954096,0.0004046891206441462
292,S20_5,5,descending,converging,0.2791,6.32583,low,other,3059.52,3060.62,3058.95,LOSS,-0.5,3,0,CHOPZONE,0.9951150257506339,8.519796265815007e-09,0.0027329439462554245,0.9951150257506339,0.0021520217833144156
323,S21_5,5,ascending,diverging,0.5655,5.97645,low,london,3135.01,3139.3,3134.14,LOSS,-0.5,1,0,PULLBACK,0.9955244756742306,0.004472512559541081,0.9955244756742306,2.3670664441929545e-06,6.446997840924423e-07
323,S21_5,5,ascending,diverging,0.5655,5.97645,low,london,3135.01,3139.3,3134.14,LOSS,-0.5,1,0,PULLBACK,0.9971813275470032,0.002818487563756889,0.9971813275470032,1.149775610733268e-07,6.991167895875315e-08
323,S21_5,5,ascending,diverging,0.5655,5.97645,low,london,3135.01,3139.3,3134.14,LOSS,-0.5,1,0,PULLBACK,0.9961550290294688,0.0038447966627514845,0.9961550290294688,1.4035047873182638e-07,3.395730103126403e-08
323,S21_5,5,ascending,diverging,0.5655,5.97645,low,london,3135.01,3139.3,3134.14,LOSS,-0.5,1,0,PULLBACK,0.9944146127232537,0.00558520911362538,0.9944146127232537,1.6169468845936018e-07,1.6468432533309937e-08
323,S21_5,5,ascending,diverging,0.5655,5.97645,low,london,3135.01,3139.3,3134.14,LOSS,-0.5,1,0,PULLBACK,0.9911606021012216,0.008839217281117268,0.9911606021012216,1.727099300738823e-07,7.907731139884766e-09
323,S21_5,5,ascending,diverging,0.5655,5.97645,low,london,3135.01,3139.3,3134.14,LOSS,-0.5,1,0,PULLBACK,0.9823518833799741,0.017644268440122568,0.9823518833799741,3.829752774499877e-06,1.842712878332735e-08
333,S22_5,5,ascending,converging,0.271,5.78763,low,other,3134.83,3139.25,3131.15,LOSS,-0.5,2,0,CHOPZONE,0.9954126075274757,1.1772200858576023e-09,0.0023124293490115033,0.9954126075274757,0.002274961946292684
333,S22_5,5,ascending,converging,0.271,5.78763,low,other,3134.83,3139.25,3131.15,LOSS,-0.5,2,0,CHOPZONE,0.9993345277548704,4.755119713443412e-11,0.00011987531310312113,0.9993345277548704,0.0005455968844752083
333,S22_5,5,ascending,converging,0.271,5.78763,low,other,3134.83,3139.25,3131.15,LOSS,-0.5,2,0,CHOPZONE,0.9991281851723647,5.7240375973114677e-11,0.0007545172664083393,0.9991281851723647,0.00011729750398650522
333,S22_5,5,ascending,converging,0.271,5.78763,low,other,3134.83,3139.25,3131.15,LOSS,-0.5,2,0,CHOPZONE,0.9920179907942545,3.818964932351431e-10,0.007919050595224804,0.9920179907942545,6.295822862430074e-05
333,S22_5,5,ascending,converging,0.271,5.78763,low,other,3134.83,3139.25,3131.15,LOSS,-0.5,2,0,CHOPZONE,0.8571218990459953,6.467742408879608e-09,0.1428554218756731,0.8571218990459953,2.2672610589219992e-05
333,S22_5,5,ascending,converging,0.271,5.78763,low,other,3134.83,3139.25,3131.15,LOSS,-0.5,2,0,PULLBACK,0.6534492499479644,3.9516362880234167e-07,0.6534492499479644,0.3465495244028219,8.304855850151411e-07
335,S23_5,5,ascending,converging,1.0499,5.73684,low,other,3140.65,3143.39,3139.95,LOSS,-0.5,3,0,BREAKOUT,0.9351429958072821,0.9351429958072821,0.06485700353343311,4.877317559038666e-10,1.7155307032790943e-10
335,S23_5,5,ascending,converging,1.0499,5.73684,low,other,3140.65,3143.39,3139.95,LOSS,-0.5,3,0,BREAKOUT,0.9955817285722189,0.9955817285722189,0.004418271370060072,2.88316300255951e-11,2.888927979486464e-11
335,S23_5,5,ascending,converging,1.0499,5.73684,low,other,3140.65,3143.39,3139.95,LOSS,-0.5,3,0,BREAKOUT,0.9994034147218024,0.9994034147218024,0.0005965850502636374,1.1385318702329567e-10,1.1408090407084211e-10
335,S23_5,5,ascending,converging,1.0499,5.73684,low,other,3140.65,3143.39,3139.95,LOSS,-0.5,3,0,BREAKOUT,0.9994239252585613,0.9994239252585613,0.0005760745185265111,1.1133921394775948e-10,1.1157311400528904e-10
335,S23_5,5,ascending,converging,1.0499,5.73684,low,other,3140.65,3143.39,3139.95,LOSS,-0.5,3,0,BREAKOUT,0.999394965710905,0.999394965710905,0.000605034059092294,1.1384548597764036e-10,1.1615726051055358e-10
335,S23_5,5,ascending,converging,1.0499,5.73684,low,other,3140.65,3143.39,3139.95,LOSS,-0.5,3,0,BREAKOUT,0.9940193706229499,0.9940193706229499,0.005980627830895343,5.798085059660603e-10,9.663462726890699e-10
348,S24_5,5,ascending,diverging,0.3905,5.75416,low,london,3107.53,3108.83,3105.68,LOSS,-0.5,2,0,PULLBACK,0.9999852424955105,1.4703737665360332e-05,0.9999852424955105,2.0162575241784e-08,3.3604249044686213e-08
348,S24_5,5,ascending,diverging,0.3905,5.75416,low,london,3107.53,3108.83,3105.68,LOSS,-0.5,2,0,PULLBACK,0.9999985558929483,1.4081901414169116e-06,0.9999985558929483,1.346885350222407e-08,2.2448056877869494e-08
348,S24_5,5,ascending,diverging,0.3905,5.75416,low,london,3107.53,3108.83,3105.68,WIN,3.0,3,1,PULLBACK,0.9999985560710432,1.408012291069482e-06,0.9999985560710432,1.3468761324069746e-08,2.2447904449884857e-08
348,S24_5,5,ascending,diverging,0.3905,5.75416,low,london,3107.53,3108.83,3105.68,WIN,3.0,3,1,PULLBACK,0.9999985560710456,1.4080122886904314e-06,0.9999985560710456,1.3468761322835728e-08,2.244790444784488e-08
348,S24_5,5,ascending,diverging,0.3905,5.75416,low,london,3107.53,3108.83,3105.68,WIN,3.0,3,1,PULLBACK,0.9999985560710454,1.4080122888812099e-06,0.9999985560710454,1.346876132317135e-08,2.244790444802822e-08
348,S24_5,5,ascending,diverging,0.3905,5.75416,low,london,3107.53,3108.83,3105.68,WIN,3.0,3,1,PULLBACK,0.9999985560560456,1.408026513465151e-06,0.9999985560560456,1.346914017823141e-08,2.2448300813487107e-08
353,S25_5,5,ascending,converging,0.1846,5.71243,low,other,3123.23,3126.35,3121.23,LOSS,-0.5,7,0,PULLBACK,0.9999953006126099,2.3497097238877934e-06,0.9999953006126099,8.811385924144565e-07,1.4685390738084603e-06
353,S25_5,5,ascending,converging,0.1846,5.71243,low,other,3123.23,3126.35,3121.23,LOSS,-0.5,7,0,PULLBACK,0.9999931661720267,3.4169179499521998e-06,0.9999931661720267,1.2813622638586986e-06,2.135547759587267e-06
353,S25_5,5,ascending,converging,0.1846,5.71243,low,other,3123.23,3126.35,3121.23,LOSS,-0.5,7,0,PULLBACK,0.9999923275653547,3.836222758211999e-06,0.9999923275653547,1.4386072870918647e-06,2.397604600015024e-06
353,S25_5,5,ascending,converging,0.1846,5.71243,low,other,3123.23,3126.35,3121.23,LOSS,-0.5,0,0,PULLBACK,0.9999917188040448,4.140604612072172e-06,0.9999917188040448,1.552755546335564e-06,2.5878357966656094e-06
353,S25_5,5,ascending,converging,0.1846,5.71243,low,other,3123.23,3126.35,3121.23,LOSS,-0.5,0,0,PULLBACK,0.9999906734605983,4.664293215979646e-06,0.9999906734605983,1.7484693886732692e-06,2.913776797010786e-06
353,S25_5,5,ascending,converging,0.1846,5.71243,low,other,3123.23,3126.35,3121.23,LOSS,-0.5,0,0,PULLBACK,0.9999351102833833,5.675411927011026e-05,0.9999351102833833,4.063763329807166e-06,4.07183401680817e-06
359,S26_5,5,descending,diverging,1.2318,5.82913,low,other,3113.67,3116.09,3110.92,WIN,3.0,7,1,BREAKOUT,0.9940181860170278,0.9940181860170278,0.0059818124365649825,7.724034314794041e-10,7.740036634076927e-10
359,S26_5,5,descending,diverging,1.2318,5.82913,low,other,3113.67,3116.09,3110.92,LOSS,-0.5,1,0,BREAKOUT,0.9993681073600745,0.9993681073600745,0.0006318924239406134,1.0786751000001043e-10,1.081173533328609e-10
359,S26_5,5,descending,diverging,1.2318,5.82913,low,other,3113.67,3116.09,3110.92,LOSS,-0.5,1,0,BREAKOUT,0.9993323976473668,0.9993323976473668,0.000667602172172166,9.010863757627258e-11,9.03522927146105e-11
359,S26_5,5,descending,diverging,1.2318,5.82913,low,other,3113.67,3116.09,3110.92,LOSS,-0.5,1,0,BREAKOUT,0.9992200015357345,0.9992200015357345,0.0007799983181272387,7.295330124977427e-11,7.318483499025332e-11
359,S26_5,5,descending,diverging,1.2318,5.82913,low,other,3113.67,3116.09,3110.92,WIN,3.0,7,1,BREAKOUT,0.999083030877515,0.999083030877515,0.0009169690030732462,5.958547232035693e-11,5.982632634483332e-11
359,S26_5,5,descending,diverging,1.2318,5.82913,low,other,3113.67,3116.09,3110.92,WIN,3.0,7,1,BREAKOUT,0.9988294112344246,0.9988294112344246,0.0011705886667691848,4.881505009609925e-11,4.999112927338115e-11
378,S27_5,5,ascending,diverging,0.9785,7.16842,high,other,3181.08,3183.51,3179.6,LOSS,-0.5,1,0,BREAKOUT,0.9928356071507363,0.9928356071507363,0.0071643928387044534,5.1624679764002645e-12,5.396825740209713e-12
378,S27_5,5,ascending,diverging,0.9785,7.16842,high,other,3181.08,3183.51,3179.6,LOSS,-0.5,1,0,BREAKOUT,0.9854577229858765,0.9854577229858765,0.014542277008241376,2.801764929861937e-12,3.080381209021511e-12
378,S27_5,5,ascending,diverging,0.9785,7.16842,high,other,3181.08,3183.51,3179.6,LOSS,-0.5,1,0,BREAKOUT,0.9643803112216432,0.9643803112216432,0.03561968877148421,4.505872295152191e-12,2.3667615976118355e-12
378,S27_5,5,ascending,diverging,0.9785,7.16842,high,other,3181.08,3183.51,3179.6,LOSS,-0.5,1,0,BREAKOUT,0.8972937702772421,0.8972937702772421,0.1027062296042607,1.1602085820688928e-10,2.476273672832606e-12
378,S27_5,5,ascending,diverging,0.9785,7.16842,high,other,3181.08,3183.51,3179.6,LOSS,-0.5,1,0,BREAKOUT,0.7256098168382453,0.7256098168382453,0.27439018096580065,2.1930605057610892e-09,2.893533153226977e-12
378,S27_5,5,ascending,diverging,0.9785,7.16842,high,other,3181.08,3183.51,3179.6,LOSS,-0.5,1,0,BREAKOUT,0.41903605094093604,0.41903605094093604,0.5809638364605735,1.1258629356820465e-07,1.2196769041774748e-11
384,S28_5,5,ascending,converging,0.0053,7.16919,high,other,3147.19,3147.46,3144.38,WIN,3.0,3,1,PULLBACK,0.8316115411975333,1.7960987293477266e-07,0.8316115411975333,0.16838775471275183,5.244798418005472e-07
384,S28_5,5,ascending,converging,0.0053,7.16919,high,other,3147.19,3147.46,3144.38,WIN,3.0,3,1,CHOPZONE,0.5956773294605187,1.5310688750152932e-08,0.40431726224988296,0.5956773294605187,5.392978909686179e-06
384,S28_5,5,ascending,converging,0.0053,7.16919,high,other,3147.19,3147.46,3144.38,WIN,3.0,3,1,CHOPZONE,0.9211446569258517,2.7732552931273874e-09,0.07883695786963674,0.9211446569258517,1.838243125629692e-05
384,S28_5,5,ascending,converging,0.0053,7.16919,high,other,3147.19,3147.46,3144.38,WIN,3.0,3,1,CHOPZONE,0.9926842090802009,3.1328857690792183e-10,0.0072793018342047705,0.9926842090802009,3.64887723055611e-05
384,S28_5,5,ascending,converging,0.0053,7.16919,high,other,3147.19,3147.46,3144.38,WIN,3.0,3,1,CHOPZONE,0.9984413083879455,9.144693697802433e-11,0.0014802544573817788,0.9984413083879455,7.843706322580526e-05
384,S28_5,5,ascending,converging,0.0053,7.16919,high,other,3147.19,3147.46,3144.38,WIN,3.0,3,1,CHOPZONE,0.9879381208869682,6.855476067056503e-10,0.011315057044158685,0.9879381208869682,0.0007468213833255338
399,S29_5,5,ascending,diverging,0.7692,7.52553,high,london,3179.27,3179.47,3177.76,LOSS,-0.5,16,0,PULLBACK,0.9923561132227684,0.005799867842414407,0.9923561132227684,0.0017996565578456034,4.436237697149726e-05
399,S29_5,5,ascending,diverging,0.7692,7.52553,high,london,3179.27,3179.47,3177.76,LOSS,-0.5,1,0,PULLBACK,0.9978560156415507,0.001721825875691955,0.9978560156415507,0.00031584013668379364,0.00010631834607361185
399,S29_5,5,ascending,diverging,0.7692,7.52553,high,london,3179.27,3179.47,3177.76,LOSS,-0.5,1,0,PULLBACK,0.9949364909905462,0.0006691140731806385,0.9949364909905462,0.0017094242378490594,0.0026849706984241333
399,S29_5,5,ascending,diverging,0.7692,7.52553,high,london,3179.27,3179.47,3177.76,LOSS,-0.5,1,0,PULLBACK,0.9804137603047073,0.0003893984293494819,0.9804137603047073,0.004843410453511458,0.014353430812431907
399,S29_5,5,ascending,diverging,0.7692,7.52553,high,london,3179.27,3179.47,3177.76,LOSS,-0.5,1,0,PULLBACK,0.9185708462425924,0.00023280974999273743,0.9185708462425924,0.01645479312060948,0.06474155088680539
399,S29_5,5,ascending,diverging,0.7692,7.52553,high,london,3179.27,3179.47,3177.76,LOSS,-0.5,1,0,PULLBACK,0.7056816442990382,0.00014055734290693785,0.7056816442990382,0.0786313462981756,0.21554645205987935
412,S30_5,5,ascending,diverging,0.3566,6.84601,high,other,3154.94,3157.11,3151.78,LOSS,-0.5,46,0,COMPRESSION,0.46381380489857876,3.8486891445120186e-10,0.02406575669096417,0.5121204380255883,0.46381380489857876
412,S30_5,5,ascending,diverging,0.3566,6.84601,high,other,3154.94,3157.11,3151.78,LOSS,-0.5,3,0,COMPRESSION,0.4730700884937174,9.401549163485252e-11,0.004262381128102398,0.5226675302841648,0.4730700884937174
412,S30_5,5,ascending,diverging,0.3566,6.84601,high,other,3154.94,3157.11,3151.78,LOSS,-0.5,46,0,COMPRESSION,0.6226212862192829,1.131619609117156e-09,0.00580064236455101,0.3715780702845464,0.6226212862192829
412,S30_5,5,ascending,diverging,0.3566,6.84601,high,other,3154.94,3157.11,3151.78,LOSS,-0.5,46,0,COMPRESSION,0.7117221057308841,1.0495712134002696e-09,0.005364545039510716,0.28291334818003405,0.7117221057308841
412,S30_5,5,ascending,diverging,0.3566,6.84601,high,other,3154.94,3157.11,3151.78,LOSS,-0.5,46,0,COMPRESSION,0.7712965581177406,9.753633386523845e-10,0.004761940840722637,0.22394150006617342,0.7712965581177406
412,S30_5,5,ascending,diverging,0.3566,6.84601,high,other,3154.94,3157.11,3151.78,LOSS,-0.5,46,0,COMPRESSION,0.8188244111232577,9.04897376960273e-10,0.004099603504791464,0.17707598446705347,0.8188244111232577
428,S31_5,5,ascending,diverging,0.3342,7.06948,high,other,3230.97,3231.1,3230.64,LOSS,-0.5,1,0,COMPRESSION,0.8692365147156453,7.710589387088267e-10,0.0018274055087298777,0.1289360790045658,0.8692365147156453
428,S31_5,5,ascending,diverging,0.3342,7.06948,high,other,3230.97,3231.1,3230.64,LOSS,-0.5,1,0,COMPRESSION,0.8948105567248144,8.831661044456546e-10,0.0019046089562045712,0.10328483343581502,0.8948105567248144
428,S31_5,5,ascending,diverging,0.3342,7.06948,high,other,3230.97,3231.1,3230.64,LOSS,-0.5,1,0,COMPRESSION,0.9317704251056226,2.7053423748416035e-08,0.005033077691914718,0.06319647014903892,0.9317704251056226
428,S31_5,5,ascending,diverging,0.3342,7.06948,high,other,3230.97,3231.1,3230.64,LOSS,-0.5,1,0,COMPRESSION,0.9351995500435655,3.605607488564241e-08,0.006018297768505614,0.058782116131853995,0.9351995500435655
428,S31_5,5,ascending,diverging,0.3342,7.06948,high,other,3230.97,3231.1,3230.64,LOSS,-0.5,1,0,COMPRESSION,0.9244597519458668,6.436100649978517e-08,0.010245264760435132,0.06529491893269142,0.9244597519458668
428,S31_5,5,ascending,diverging,0.3342,7.06948,high,other,3230.97,3231.1,3230.64,LOSS,-0.5,1,0,COMPRESSION,0.8597878177343764,3.2480526223796716e-07,0.0650548063897341,0.07515705107062726,0.8597878177343764
431,S32_5,5,ascending,converging,0.0841,8.1341,high,other,3199.9,3200.19,3197.08,LOSS,-0.5,11,0,PULLBACK,0.999998352894722,3.361958614722676e-07,0.999998352894722,3.5196009491720037e-07,9.589493213992635e-07
431,S32_5,5,ascending,converging,0.0841,8.1341,high,other,3199.9,3200.19,3197.08,LOSS,-0.5,11,0,PULLBACK,0.999999683307928,1.8779360886523174e-07,0.999999683307928,8.778918374755334e-08,4.1109279326495785e-08
431,S32_5,5,ascending,converging,0.0841,8.1341,high,other,3199.9,3200.19,3197.08,LOSS,-0.5,11,0,PULLBACK,0.9999971753622612,1.4123119706181028e-06,0.9999971753622612,5.296304456703868e-07,8.826953224146528e-07
431,S32_5,5,ascending,converging,0.0841,8.1341,high,other,3199.9,3200.19,3197.08,LOSS,-0.5,11,0,PULLBACK,0.9999972325500084,8.816039109166066e-07,0.9999972325500084,1.3348389676981283e-06,5.510071129666168e-07
431,S32_5,5,ascending,converging,0.0841,8.1341,high,other,3199.9,3200.19,3197.08,LOSS,-0.5,11,0,PULLBACK,0.9999952669431799,5.68048656953124e-07,0.9999952669431799,3.8099648283532308e-06,3.5504333468026307e-07
431,S32_5,5,ascending,converging,0.0841,8.1341,high,other,3199.9,3200.19,3197.08,LOSS,-0.5,11,0,PULLBACK,0.9999824827092622,2.034895184011723e-06,0.9999824827092622,1.522464370488577e-05,2.577518489124099e-07
436,S33_5,5,ascending,converging,0.6277,7.92363,high,other,3224.98,3225.41,3223.08,WIN,3.0,7,1,BREAKOUT,0.46214880375582185,0.46214880375582185,0.5378511782554055,1.7984976342861977e-08,3.796301100428314e-12
436,S33_5,5,ascending,converging,0.6277,7.92363,high,other,3224.98,3225.41,3223.08,LOSS,-0.5,1,0,BREAKOUT,0.707117344386922,0.707117344386922,0.2928826357513558,1.985622049066468e-08,5.501900972592881e-12
436,S33_5,5,ascending,converging,0.6277,7.92363,high,other,3224.98,3225.41,3223.08,LOSS,-0.5,1,0,BREAKOUT,0.9328652382106668,0.9328652382106668,0.06713476169110533,4.629950811312216e-11,5.1928297642389046e-11
436,S33_5,5,ascending,converging,0.6277,7.92363,high,other,3224.98,3225.41,3223.08,LOSS,-0.5,1,0,BREAKOUT,0.9412754747624437,0.9412754747624437,0.05872452512600272,6.906407424534482e-11,4.2489636266315034e-11
436,S33_5,5,ascending,converging,0.6277,7.92363,high,other,3224.98,3225.41,3223.08,LOSS,-0.5,1,0,BREAKOUT,0.8733955675057136,0.8733955675057136,0.12660443203292837,3.821485724550662e-10,7.920961570704479e-11
436,S33_5,5,ascending,converging,0.6277,7.92363,high,other,3224.98,3225.41,3223.08,LOSS,-0.5,1,0,BREAKOUT,0.6766198260916334,0.6766198260916334,0.32338012440880043,4.859580464153612e-08,9.037616629457024e-10
459,S34_5,5,descending,diverging,0.1635,6.53929,high,other,3158.71,3163.89,3157.37,TIMEOUT,0.0,50,0,CHOPZONE,0.958675993649363,2.9225551423039492e-09,0.0067792702865600045,0.958675993649363,0.03454473314152178
459,S34_5,5,descending,diverging,0.1635,6.53929,high,other,3158.71,3163.89,3157.37,TIMEOUT,0.0,50,0,CHOPZONE,0.9874289071639597,4.665093942451593e-11,0.00045892459852763396,0.9874289071639597,0.012112168190861607
459,S34_5,5,descending,diverging,0.1635,6.53929,high,other,3158.71,3163.89,3157.37,TIMEOUT,0.0,50,0,CHOPZONE,0.9881946477837231,3.0684741267161296e-11,0.0003506490371853744,0.9881946477837231,0.011454703148406754
459,S34_5,5,descending,diverging,0.1635,6.53929,high,other,3158.71,3163.89,3157.37,TIMEOUT,0.0,50,0,CHOPZONE,0.9871724858409563,2.245922143916833e-11,0.00032479350289611335,0.9871724858409563,0.01250272063368843
459,S34_5,5,descending,diverging,0.1635,6.53929,high,other,3158.71,3163.89,3157.37,TIMEOUT,0.0,50,0,CHOPZONE,0.986094010406921,1.662057694316847e-11,0.0003041020751948509,0.986094010406921,0.01360188750126362
459,S34_5,5,descending,diverging,0.1635,6.53929,high,other,3158.71,3163.89,3157.37,TIMEOUT,0.0,50,0,CHOPZONE,0.9862586411142779,1.2018040399194448e-11,0.0002770230936557019,0.9862586411142779,0.013464335780048365
467,S35_5,5,ascending,converging,0.0738,5.61379,low,london,3177.42,3179.37,3173.92,TIMEOUT,0.0,50,0,CHOPZONE,0.9995182796333091,2.863123928117578e-09,0.00017680970246706476,0.9995182796333091,0.0003049078010999751
467,S35_5,5,ascending,converging,0.0738,5.61379,low,london,3177.42,3179.37,3173.92,TIMEOUT,0.0,50,0,CHOPZONE,0.9995274151529233,1.5543392785247032e-09,0.00014494138590353387,0.9995274151529233,0.00032764190683379663
467,S35_5,5,ascending,converging,0.0738,5.61379,low,london,3177.42,3179.37,3173.92,TIMEOUT,0.0,50,0,CHOPZONE,0.9994616415994824,6.079044393184109e-10,0.00011822905563119538,0.9994616415994824,0.000420128736982064
467,S35_5,5,ascending,converging,0.0738,5.61379,low,london,3177.42,3179.37,3173.92,TIMEOUT,0.0,50,0,CHOPZONE,0.9993896733426597,2.531455862340111e-10,0.00010277784546416897,0.9993896733426597,0.0005075485587305887
467,S35_5,5,ascending,converging,0.0738,5.61379,low,london,3177.42,3179.37,3173.92,TIMEOUT,0.0,50,0,CHOPZONE,0.9993276460803829,1.2135199639914343e-10,0.00010016644719582731,0.9993276460803829,0.0005721873510691275
467,S35_5,5,ascending,converging,0.0738,5.61379,low,london,3177.42,3179.37,3173.92,TIMEOUT,0.0,50,0,CHOPZONE,0.9969442345517823,5.064274288517189e-09,0.0012878447920880505,0.9969442345517823,0.001767915591855367
472,S36_5,5,descending,diverging,0.7609,6.68067,high,other,3146.13,3147.02,3143.95,TIMEOUT,0.0,50,0,BREAKOUT,0.9352634386542222,0.9352634386542222,0.06473655974449032,1.272245144925636e-09,3.2904231494617314e-10
472,S36_5,5,descending,diverging,0.7609,6.68067,high,other,3146.13,3147.02,3143.95,TIMEOUT,0.0,50,0,BREAKOUT,0.9863153117967585,0.9863153117967585,0.013684688162138352,2.0424488368016065e-11,2.0678868669913874e-11
472,S36_5,5,descending,diverging,0.7609,6.68067,high,other,3146.13,3147.02,3143.95,TIMEOUT,0.0,50,0,BREAKOUT,0.9959343693500416,0.9959343693500416,0.004065630610057754,1.9862056749779653e-11,2.003833645263056e-11
472,S36_5,5,descending,diverging,0.7609,6.68067,high,other,3146.13,3147.02,3143.95,TIMEOUT,0.0,50,0,BREAKOUT,0.9973401969641675,0.9973401969641675,0.0026598029901902147,2.275290664181708e-11,2.2889290082351935e-11
472,S36_5,5,descending,diverging,0.7609,6.68067,high,other,3146.13,3147.02,3143.95,TIMEOUT,0.0,50,0,BREAKOUT,0.9982320252414669,0.9982320252414669,0.001767974689413603,3.3990731395297284e-11,3.5128790275371274e-11
472,S36_5,5,descending,diverging,0.7609,6.68067,high,other,3146.13,3147.02,3143.95,TIMEOUT,0.0,50,0,BREAKOUT,0.9898770076011578,0.9898770076011578,0.010122991633149721,2.871396521399041e-10,4.785527769785021e-10
480,S37_5,5,ascending,diverging,0.0175,7.62166,high,other,3197.65,3198.98,3196.52,TIMEOUT,0.0,50,0,PULLBACK,0.9999338171814216,5.7867749792314e-05,0.9999338171814216,3.118204996503904e-06,5.196863789424344e-06
480,S37_5,5,ascending,diverging,0.0175,7.62166,high,other,3197.65,3198.98,3196.52,TIMEOUT,0.0,50,0,PULLBACK,0.999988871653844,5.5654255273117234e-06,0.999988871653844,2.08614973261016e-06,3.4767708960510767e-06
480,S37_5,5,ascending,diverging,0.0175,7.62166,high,other,3197.65,3198.98,3196.52,TIMEOUT,0.0,50,0,PULLBACK,0.9999932567650205,3.371622376816675e-06,0.9999932567650205,1.2643762445396791e-06,2.1072363581314043e-06
480,S37_5,5,ascending,diverging,0.0175,7.62166,high,other,3197.65,3198.98,3196.52,TIMEOUT,0.0,50,0,PULLBACK,0.9999957826614244,2.1086711579715736e-06,0.9999957826614244,7.907586387187159e-07,1.3179087789569376e-06
480,S37_5,5,ascending,diverging,0.0175,7.62166,high,other,3197.65,3198.98,3196.52,TIMEOUT,0.0,50,0,PULLBACK,0.9999972819631786,1.3590125517905896e-06,0.9999972819631786,5.096432316497817e-07,8.493810378378089e-07
480,S37_5,5,ascending,diverging,0.0175,7.62166,high,other,3197.65,3198.98,3196.52,TIMEOUT,0.0,50,0,PULLBACK,0.9999972682131614,9.015621235992845e-07,0.9999972682131614,1.2668426520731782e-06,5.633820628210194e-07
487,S38_5,5,descending,converging,0.2002,7.86009,high,other,3160.04,3161.25,3158.85,TIMEOUT,0.0,50,0,PULLBACK,0.9999821997546594,1.7780155181676536e-05,0.9999821997546594,1.8939696401992614e-08,1.1504624921907592e-09
487,S38_5,5,descending,converging,0.2002,7.86009,high,other,3160.04,3161.25,3158.85,TIMEOUT,0.0,50,0,PULLBACK,0.9999858969626719,1.4039429193627284e-05,0.9999858969626719,6.293453244768473e-08,6.736019138491558e-10
487,S38_5,5,descending,converging,0.2002,7.86009,high,other,3160.04,3161.25,3158.85,TIMEOUT,0.0,50,0,PULLBACK,0.9999900870534042,9.490636519782182e-06,0.9999900870534042,4.220126854520879e-07,2.973905098133274e-10
487,S38_5,5,descending,converging,0.2002,7.86009,high,other,3160.04,3161.25,3158.85,TIMEOUT,0.0,50,0,PULLBACK,0.9999909880575945,6.348317538543429e-06,0.9999909880575945,2.6634843698519635e-06,1.404971650419052e-10
487,S38_5,5,descending,converging,0.2002,7.86009,high,other,3160.04,3161.25,3158.85,TIMEOUT,0.0,50,0,PULLBACK,0.9999790708367547,4.134356164475237e-06,0.9999790708367547,1.679451969258432e-05,2.8738823145323934e-10
487,S38_5,5,descending,converging,0.2002,7.86009,high,other,3160.04,3161.25,3158.85,TIMEOUT,0.0,50,0,PULLBACK,0.9998974396351835,2.6417823676149116e-06,0.9998974396351835,9.99087512943644e-05,9.831154395249459e-09
73,S0_6,6,descending,converging,0.1345,6.40753,low,other,2986.22,2989.08,2985.33,LOSS,-0.5,5,0,PULLBACK,0.9995925925975178,2.1272867952509595e-07,0.9995925925975178,3.880158207357984e-07,0.00040680665798206825
73,S0_6,6,descending,converging,0.1345,6.40753,low,other,2986.22,2989.08,2985.33,LOSS,-0.5,5,0,PULLBACK,0.9995269138704893,1.421264847938998e-07,0.9995269138704893,4.2822817483518e-07,0.00047251577485098433
73,S0_6,6,descending,converging,0.1345,6.40753,low,other,2986.22,2989.08,2985.33,LOSS,-0.5,5,0,PULLBACK,0.9998531749624054,8.028430885044038e-07,0.9998531749624054,3.01794353192061e-07,0.00014572040015281811
73,S0_6,6,descending,converging,0.1345,6.40753,low,other,2986.22,2989.08,2985.33,LOSS,-0.5,5,0,PULLBACK,0.9998408052210327,7.141693033963664e-07,0.9998408052210327,2.712425298551451e-07,0.000158209367134175
73,S0_6,6,descending,converging,0.1345,6.40753,low,other,2986.22,2989.08,2985.33,LOSS,-0.5,1,0,PULLBACK,0.9998273676889295,6.358426499659882e-07,0.9998273676889295,2.816123399702172e-07,0.00017171485608044937
79,S1_6,6,descending,diverging,0.0638,6.64234,high,other,2964.77,2968.54,2963.47,LOSS,-0.5,15,0,PULLBACK,0.9998870413139483,1.5431371869865658e-06,0.9998870413139483,7.969983897908287e-07,0.0001106185504748356
79,S1_6,6,descending,diverging,0.0638,6.64234,high,other,2964.77,2968.54,2963.47,LOSS,-0.5,1,0,PULLBACK,0.9998868467696711,1.5229532979289306e-06,0.9998868467696711,7.974570333368936e-07,0.00011083281999757871
79,S1_6,6,descending,diverging,0.0638,6.64234,high,other,2964.77,2968.54,2963.47,LOSS,-0.5,15,0,PULLBACK,0.9998857528107009,1.5036568300788323e-06,0.9998857528107009,8.011204081738688e-07,0.00011194241206092154
79,S1_6,6,descending,diverging,0.0638,6.64234,high,other,2964.77,2968.54,2963.47,LOSS,-0.5,1,0,PULLBACK,0.9991144901653362,2.3494067866377126e-06,0.9991144901653362,1.7423897382141892e-07,0.0008829861889033912
79,S1_6,6,descending,diverging,0.0638,6.64234,high,other,2964.77,2968.54,2963.47,LOSS,-0.5,1,0,PULLBACK,0.9991136959016127,2.8178711929876386e-06,0.9991136959016127,1.720393430624164e-07,0.0008833141878513108
79,S1_6,6,descending,diverging,0.0638,6.64234,high,other,2964.77,2968.54,2963.47,LOSS,-0.5,1,0,PULLBACK,0.999184668063965,3.587400655172245e-06,0.999184668063965,1.6239654520611757e-07,0.0008115821388346369
82,S2_6,6,descending,converging,0.0899,6.75174,high,london,2975.25,2978.42,2973.48,LOSS,-0.5,6,0,PULLBACK,0.9994316472894922,0.00032565669014166215,0.9994316472894922,1.725504543840595e-08,0.0002426787653207827
82,S2_6,6,descending,converging,0.0899,6.75174,high,london,2975.25,2978.42,2973.48,LOSS,-0.5,1,0,PULLBACK,0.9994270209234222,0.00039089929921160016,0.9994270209234222,1.4793102741060725e-08,0.0001820649842635234
82,S2_6,6,descending,converging,0.0899,6.75174,high,london,2975.25,2978.42,2973.48,LOSS,-0.5,1,0,PULLBACK,0.9994026039316753,0.0004667771612861955,0.9994026039316753,1.2387956322152993e-08,0.00013060651908205473
82,S2_6,6,descending,converging,0.0899,6.75174,high,london,2975.25,2978.42,2973.48,LOSS,-0.5,1,0,PULLBACK,0.999896372174221,1.9709261554449097e-06,0.999896372174221,1.1543698060706484e-07,0.00010154146264294852
82,S2_6,6,descending,converging,0.0899,6.75174,high,london,2975.25,2978.42,2973.48,LOSS,-0.5,6,0,PULLBACK,0.9999572646916115,2.833759186124459e-06,0.9999572646916115,7.076190615778715e-08,3.983078729625076e-05
82,S2_6,6,descending,converging,0.0899,6.75174,high,london,2975.25,2978.42,2973.48,LOSS,-0.5,1,0,PULLBACK,0.9999526316394306,3.8163210034398436e-05,0.9999526316394306,5.37268675811825e-08,9.15142366736523e-06
104,S3_6,6,descending,diverging,0.3474,5.78199,low,london,2950.75,2953.55,2949.19,LOSS,-0.5,1,0,BREAKOUT,0.7478000054329301,0.7478000054329301,0.2521982922181526,8.188856302017884e-07,8.834632872839412e-07
104,S3_6,6,descending,diverging,0.3474,5.78199,low,london,2950.75,2953.55,2949.19,LOSS,-0.5,1,0,BREAKOUT,0.9280558367916358,0.9280558367916358,0.07194400602045958,7.218232761334881e-08,8.500557698254313e-08
104,S3_6,6,descending,diverging,0.3474,5.78199,low,london,2950.75,2953.55,2949.19,WIN,3.0,8,1,BREAKOUT,0.9096561213053262,0.9096561213053262,0.09034382394081528,2.0884565506081998e-08,3.386929281756191e-08
104,S3_6,6,descending,diverging,0.3474,5.78199,low,london,2950.75,2953.55,2949.19,LOSS,-0.5,1,0,PULLBACK,0.7466863990386782,0.25331345347491757,0.7466863990386782,1.4559305538896273e-07,1.8933489764101882e-09
104,S3_6,6,descending,diverging,0.3474,5.78199,low,london,2950.75,2953.55,2949.19,LOSS,-0.5,1,0,PULLBACK,0.8077181148833616,0.19228177461891843,0.8077181148833616,1.0938264568820955e-07,1.1150742558217251e-09
104,S3_6,6,descending,diverging,0.3474,5.78199,low,london,2950.75,2953.55,2949.19,LOSS,-0.5,1,0,PULLBACK,0.6257465439065573,0.3742533612238017,0.6257465439065573,9.417798601982061e-08,6.916550994956951e-10
125,S4_6,6,ascending,diverging,0.3552,7.37404,high,other,2996.76,2997.91,2995.6,LOSS,-0.5,1,0,BREAKOUT,0.9960365882539907,0.9960365882539907,0.003963410694261962,5.251848486188815e-10,5.265624091298844e-10
125,S4_6,6,ascending,diverging,0.3552,7.37404,high,other,2996.76,2997.91,2995.6,LOSS,-0.5,1,0,BREAKOUT,0.9992197173587863,0.9992197173587863,0.0007802824860599735,7.745232783671488e-11,7.77011921962282e-11
125,S4_6,6,ascending,diverging,0.3552,7.37404,high,other,2996.76,2997.91,2995.6,LOSS,-0.5,1,0,BREAKOUT,0.9990715963447926,0.9990715963447926,0.0009284035376822617,5.864722818849182e-11,5.887790314629766e-11
125,S4_6,6,ascending,diverging,0.3552,7.37404,high,other,2996.76,2997.91,2995.6,LOSS,-0.5,1,0,BREAKOUT,0.9988609742642458,0.9988609742642458,0.0011390256425177177,4.6491033018388504e-11,4.674527712555037e-11
125,S4_6,6,ascending,diverging,0.3552,7.37404,high,other,2996.76,2997.91,2995.6,LOSS,-0.5,1,0,BREAKOUT,0.9984103339593384,0.9984103339593384,0.0015896659581110671,4.016048416264439e-11,4.23900553497135e-11
125,S4_6,6,ascending,diverging,0.3552,7.37404,high,other,2996.76,2997.91,2995.6,LOSS,-0.5,1,0,BREAKOUT,0.9827741724915933,0.9827741724915933,0.01722582707945034,1.6086241585730343e-10,2.68094035574694e-10
147,S5_6,6,ascending,converging,0.0987,7.42722,high,other,2965.59,2965.67,2964.68,WIN,3.0,16,1,PULLBACK,0.9999953480506476,1.7562815395463456e-06,0.9999953480506476,2.886399006031165e-06,9.268806819869437e-09
147,S5_6,6,ascending,converging,0.0987,7.42722,high,other,2965.59,2965.67,2964.68,LOSS,-0.5,2,0,PULLBACK,0.9999948846099863,1.3833892473937442e-07,0.9999948846099863,4.97282009289483e-06,4.230996105111237e-09
147,S5_6,6,ascending,converging,0.0987,7.42722,high,other,2965.59,2965.67,2964.68,WIN,3.0,16,1,PULLBACK,0.9999823453739756,8.574493104519858e-08,0.9999823453739756,1.7515282955591335e-05,5.3598137783274655e-08
147,S5_6,6,ascending,converging,0.0987,7.42722,high,other,2965.59,2965.67,2964.68,LOSS,-0.5,2,0,PULLBACK,0.9999627478981524,6.425040440678824e-08,0.9999627478981524,3.7147681995251555e-05,4.0169447919296115e-08
147,S5_6,6,ascending,converging,0.0987,7.42722,high,other,2965.59,2965.67,2964.68,WIN,3.0,16,1,PULLBACK,0.9999232523624421,4.909249910112248e-08,0.9999232523624421,7.666784218758579e-05,3.070287124580191e-08
147,S5_6,6,ascending,converging,0.0987,7.42722,high,other,2965.59,2965.67,2964.68,LOSS,-0.5,2,0,PULLBACK,0.9998464142378034,3.898140526445405e-08,0.9998464142378034,0.0001535228733059361,2.3907485380688376e-08
167,S6_6,6,ascending,diverging,0.2273,7.35579,high,other,3010.99,3014.47,3009.23,LOSS,-0.5,1,0,PULLBACK,0.9979101341506166,0.0020863607816125934,0.9979101341506166,3.5015988906861603e-06,3.468880003736175e-09
167,S6_6,6,ascending,diverging,0.2273,7.35579,high,other,3010.99,3014.47,3009.23,LOSS,-0.5,1,0,PULLBACK,0.9981747946744043,0.0018192126975340311,0.9981747946744043,5.982578208867636e-06,1.0049852739121095e-08
167,S6_6,6,ascending,diverging,0.2273,7.35579,high,other,3010.99,3014.47,3009.23,LOSS,-0.5,1,0,PULLBACK,0.9990969967617404,0.0008724624385431696,0.9990969967617404,3.035504116434663e-05,1.8575855213564455e-07
167,S6_6,6,ascending,diverging,0.2273,7.35579,high,other,3010.99,3014.47,3009.23,LOSS,-0.5,1,0,PULLBACK,0.9993238633712433,0.0005043289385277738,0.9993238633712433,0.000166643909394968,5.163780834035201e-06
167,S6_6,6,ascending,diverging,0.2273,7.35579,high,other,3010.99,3014.47,3009.23,LOSS,-0.5,1,0,PULLBACK,0.9987124216704135,0.00027759908734612394,0.9987124216704135,0.0008826705393568576,0.00012730870288351926
167,S6_6,6,ascending,diverging,0.2273,7.35579,high,other,3010.99,3014.47,3009.23,LOSS,-0.5,1,0,PULLBACK,0.9961657700987726,0.00017584320952951967,0.9961657700987726,0.0025597331999561747,0.0010986534917416732
172,S7_6,6,ascending,diverging,0.4628,6.47456,high,other,2995.79,2996.72,2992.66,WIN,3.0,4,1,PULLBACK,0.9977532123695034,0.00224657185822054,0.9977532123695034,1.0548685739287475e-07,1.1028541870531461e-07
172,S7_6,6,ascending,diverging,0.4628,6.47456,high,other,2995.79,2996.72,2992.66,LOSS,-0.5,2,0,PULLBACK,0.9977061250333763,0.002293667714037874,0.9977061250333763,9.93877990288088e-08,1.0786478670114303e-07
172,S7_6,6,ascending,diverging,0.4628,6.47456,high,other,2995.79,2996.72,2992.66,WIN,3.0,4,1,PULLBACK,0.9972089788514241,0.0027908375327772043,0.9972089788514241,1.1593423235407399e-07,6.768156638810093e-08
172,S7_6,6,ascending,diverging,0.4628,6.47456,high,other,2995.79,2996.72,2992.66,WIN,3.0,4,1,PULLBACK,0.996531392753121,0.0034684323070214764,0.996531392753121,1.3310130518562872e-07,4.183855227677249e-08
172,S7_6,6,ascending,diverging,0.4628,6.47456,high,other,2995.79,2996.72,2992.66,WIN,3.0,4,1,PULLBACK,0.9956316452797778,0.004368179809482959,0.9956316452797778,1.4908750662640477e-07,2.5823232463570968e-08
172,S7_6,6,ascending,diverging,0.4628,6.47456,high,other,2995.79,2996.72,2992.66,WIN,3.0,4,1,PULLBACK,0.9946675382297786,0.005332280007271814,0.9946675382297786,1.6556780831451173e-07,1.619514123930281e-08
180,S8_6,6,ascending,diverging,0.3541,6.68433,high,london,3034.34,3037.45,3031.11,LOSS,-0.5,1,0,PULLBACK,0.9967264193644833,0.0008196095140340937,0.9967264193644833,0.0007786313524645173,0.0016753397690180618
180,S8_6,6,ascending,diverging,0.3541,6.68433,high,london,3034.34,3037.45,3031.11,LOSS,-0.5,1,0,PULLBACK,0.9970945461398181,0.0009915806915733643,0.9970945461398181,0.0006688246767014457,0.0012450484919071957
180,S8_6,6,ascending,diverging,0.3541,6.68433,high,london,3034.34,3037.45,3031.11,LOSS,-0.5,1,0,PULLBACK,0.9973415446340802,0.0012157824682405066,0.9973415446340802,0.0005554690264066781,0.0008872038712725791
180,S8_6,6,ascending,diverging,0.3541,6.68433,high,london,3034.34,3037.45,3031.11,LOSS,-0.5,1,0,PULLBACK,0.9974664277916913,0.0016276181679793827,0.9974664277916913,0.00040772548518679043,0.0004982285551425895
180,S8_6,6,ascending,diverging,0.3541,6.68433,high,london,3034.34,3037.45,3031.11,LOSS,-0.5,1,0,PULLBACK,0.9972438459107459,0.002218067688478361,0.9972438459107459,0.0002892444619305339,0.00024884193884513333
180,S8_6,6,ascending,diverging,0.3541,6.68433,high,london,3034.34,3037.45,3031.11,LOSS,-0.5,1,0,PULLBACK,0.9939400549439102,0.003970097727443047,0.9939400549439102,0.0013597111914453225,0.0007301361372014738
199,S9_6,6,ascending,converging,0.2751,5.63555,low,other,3011.1,3011.26,3009.08,WIN,3.0,3,1,COMPRESSION,0.5595992136015433,5.900201388939983e-07,0.2690628187718133,0.17133737760650428,0.5595992136015433
199,S9_6,6,ascending,converging,0.2751,5.63555,low,other,3011.1,3011.26,3009.08,LOSS,-0.5,1,0,COMPRESSION,0.6421959928517378,2.2556670772845643e-07,0.06262771726497282,0.2951760643165817,0.6421959928517378
199,S9_6,6,ascending,converging,0.2751,5.63555,low,other,3011.1,3011.26,3009.08,WIN,3.0,3,1,CHOPZONE,0.7341975077350434,5.78727959636262e-12,0.001570890564725538,0.7341975077350434,0.2642316016944437
199,S9_6,6,ascending,converging,0.2751,5.63555,low,other,3011.1,3011.26,3009.08,WIN,3.0,3,1,CHOPZONE,0.8446833969930976,4.721198020633186e-12,0.0006363072904969762,0.8446833969930976,0.1546802957116842
199,S9_6,6,ascending,converging,0.2751,5.63555,low,other,3011.1,3011.26,3009.08,WIN,3.0,3,1,CHOPZONE,0.8790063784974528,8.447878832699027e-12,0.0006363295769749565,0.8790063784974528,0.12035729191712437
199,S9_6,6,ascending,converging,0.2751,5.63555,low,other,3011.1,3011.26,3009.08,WIN,3.0,3,1,CHOPZONE,0.876755838481992,9.544273760211361e-11,0.005430578419678472,0.876755838481992,0.11781358300288682
203,S10_6,6,ascending,converging,0.249,5.94079,low,london,3030.76,3031.46,3029.31,LOSS,-0.5,4,0,CHOPZONE,0.6126477894648393,2.8423246225060293e-09,0.38714843032396656,0.6126477894648393,0.00020377736886944317
203,S10_6,6,ascending,converging,0.249,5.94079,low,london,3030.76,3031.46,3029.31,LOSS,-0.5,1,0,PULLBACK,0.9134591316605365,1.2938756581487213e-08,0.9134591316605365,0.08653836404757163,2.4913531353401603e-06
203,S10_6,6,ascending,converging,0.249,5.94079,low,london,3030.76,3031.46,3029.31,LOSS,-0.5,1,0,PULLBACK,0.9999950962235415,1.0976883045815546e-06,0.9999950962235415,2.9014604991688476e-06,9.046276546332068e-07
203,S10_6,6,ascending,converging,0.249,5.94079,low,london,3030.76,3031.46,3029.31,LOSS,-0.5,1,0,PULLBACK,0.9999964614518448,1.769250428452206e-06,0.9999964614518448,6.635127632477733e-07,1.1057849632834526e-06
203,S10_6,6,ascending,converging,0.249,5.94079,low,london,3030.76,3031.46,3029.31,LOSS,-0.5,1,0,PULLBACK,0.9999935264119114,3.2375196398181645e-06,0.9999935264119114,1.2136103207551564e-06,2.022458128044768e-06
203,S10_6,6,ascending,converging,0.249,5.94079,low,london,3030.76,3031.46,3029.31,LOSS,-0.5,1,0,PULLBACK,0.999933588292928,5.8085294991958456e-05,0.999933588292928,4.159068140265944e-06,4.167343939882967e-06
219,S11_6,6,ascending,converging,0.4734,6.38255,low,other,3068.72,3069.45,3062.34,LOSS,-0.5,1,0,BREAKOUT,0.9940196216913412,0.9940196216913412,0.005980376762484525,7.72321442529307e-10,7.738528226048494e-10
219,S11_6,6,ascending,converging,0.4734,6.38255,low,other,3068.72,3069.45,3062.34,LOSS,-0.5,1,0,BREAKOUT,0.9993949677070858,0.9993949677070858,0.0006050320629119182,1.1488627151461797e-10,1.1511598960912262e-10
219,S11_6,6,ascending,converging,0.4734,6.38255,low,other,3068.72,3069.45,3062.34,LOSS,-0.5,1,0,BREAKOUT,0.9994240376760801,0.9994240376760801,0.0005759621010350104,1.1133109758577861e-10,1.1155370898437358e-10
219,S11_6,6,ascending,converging,0.4734,6.38255,low,other,3068.72,3069.45,3062.34,LOSS,-0.5,1,0,BREAKOUT,0.9994241948869219,0.9994241948869219,0.0005758048902318532,1.1131187114739974e-10,1.1153444411851833e-10
219,S11_6,6,ascending,converging,0.4734,6.38255,low,other,3068.72,3069.45,3062.34,LOSS,-0.5,1,0,BREAKOUT,0.9994241957224645,0.9994241957224645,0.0005758040546893818,1.113117684409092e-10,1.1153434225179329e-10
219,S11_6,6,ascending,converging,0.4734,6.38255,low,other,3068.72,3069.45,3062.34,LOSS,-0.5,1,0,BREAKOUT,0.9994241930168565,0.9994241930168565,0.0005758067602967826,1.1131200280292754e-10,1.1153477032738586e-10
220,S12_6,6,ascending,diverging,0.8025,7.30951,high,other,3083.27,3088.08,3082.67,LOSS,-0.5,2,0,BREAKOUT,0.9994236918710151,0.9994236918710151,0.0005763079060154983,1.1135544247388952e-10,1.1161402993427897e-10
220,S12_6,6,ascending,diverging,0.8025,7.30951,high,other,3083.27,3088.08,3082.67,LOSS,-0.5,2,0,BREAKOUT,0.9993310247016687,0.9993310247016687,0.0006689751178703525,9.007644349860754e-11,9.038456492601288e-11
220,S12_6,6,ascending,diverging,0.8025,7.30951,high,other,3083.27,3088.08,3082.67,LOSS,-0.5,2,0,BREAKOUT,0.9990124157386862,0.9990124157386862,0.0009875841518618366,5.458503826064724e-11,5.486699236315785e-11
220,S12_6,6,ascending,diverging,0.8025,7.30951,high,other,3083.27,3088.08,3082.67,LOSS,-0.5,2,0,BREAKOUT,0.9985011328993548,0.9985011328993548,0.0014988670292665077,3.551121747899409e-11,3.586733322698776e-11
220,S12_6,6,ascending,diverging,0.8025,7.30951,high,other,3083.27,3088.08,3082.67,LOSS,-0.5,2,0,BREAKOUT,0.9970593843824337,0.9970593843824337,0.0029406155582837276,2.816518905111637e-11,3.111734671610856e-11
220,S12_6,6,ascending,diverging,0.8025,7.30951,high,other,3083.27,3088.08,3082.67,LOSS,-0.5,2,0,BREAKOUT,0.9649870159394888,0.9649870159394888,0.03501298380435847,9.624398488727848e-11,1.599086792945806e-10
228,S13_6,6,ascending,converging,0.3486,7.33524,high,london,3061.73,3065.0,3057.98,LOSS,-0.5,5,0,PULLBACK,0.9997555101070331,3.933013912561472e-06,0.9997555101070331,0.0002405509835938839,5.895460537445863e-09
228,S13_6,6,ascending,converging,0.3486,7.33524,high,london,3061.73,3065.0,3057.98,LOSS,-0.5,1,0,PULLBACK,0.9943592948315793,2.6519536370744634e-07,0.9943592948315793,0.0056401837752267335,2.56197830271249e-07
228,S13_6,6,ascending,converging,0.3486,7.33524,high,london,3061.73,3065.0,3057.98,LOSS,-0.5,1,0,PULLBACK,0.7548782550655448,8.845768036147647e-08,0.7548782550655448,0.24494666620916125,0.000174990267613481
228,S13_6,6,ascending,converging,0.3486,7.33524,high,london,3061.73,3065.0,3057.98,LOSS,-0.5,1,0,CHOPZONE,0.725553730492008,2.0047587058054135e-08,0.2728720297341504,0.725553730492008,0.0015742197262543773
228,S13_6,6,ascending,converging,0.3486,7.33524,high,london,3061.73,3065.0,3057.98,LOSS,-0.5,1,0,CHOPZONE,0.9515527937654545,2.3189896206572298e-09,0.04507353050658839,0.9515527937654545,0.0033736734089675037
228,S13_6,6,ascending,converging,0.3486,7.33524,high,london,3061.73,3065.0,3057.98,LOSS,-0.5,1,0,CHOPZONE,0.988383713439668,2.339986508159037e-10,0.0054343656777170275,0.988383713439668,0.006181920648616151
235,S14_6,6,ascending,converging,0.3394,6.81201,high,other,3078.23,3079.08,3076.54,LOSS,-0.5,3,0,CHOPZONE,0.9784698541052443,6.7588151497256585e-12,0.00033462163081642585,0.9784698541052443,0.021195524257180413
235,S14_6,6,ascending,converging,0.3394,6.81201,high,other,3078.23,3079.08,3076.54,LOSS,-0.5,9,0,CHOPZONE,0.9839058964330105,1.9511230923995898e-11,0.00038819249496274927,0.9839058964330105,0.015705911052515457
235,S14_6,6,ascending,converging,0.3394,6.81201,high,other,3078.23,3079.08,3076.54,LOSS,-0.5,9,0,CHOPZONE,0.9995113898461676,2.8794495779416874e-09,0.00017878969146429194,0.9995113898461676,0.00030981758291851125
235,S14_6,6,ascending,converging,0.3394,6.81201,high,other,3078.23,3079.08,3076.54,LOSS,-0.5,9,0,CHOPZONE,0.9995563502823531,2.787938425374702e-09,0.00016776047799385853,0.9995563502823531,0.0002758864517145271
235,S14_6,6,ascending,converging,0.3394,6.81201,high,other,3078.23,3079.08,3076.54,LOSS,-0.5,9,0,CHOPZONE,0.9995511751212572,2.8145734494723477e-09,0.00016986989028207702,0.9995511751212572,0.00027895217388721887
235,S14_6,6,ascending,converging,0.3394,6.81201,high,other,3078.23,3079.08,3076.54,LOSS,-0.5,9,0,CHOPZONE,0.9979106042639078,8.817524890037603e-09,0.0005781558203024757,0.9979106042639078,0.0015112310982647987
247,S15_6,6,ascending,converging,0.5606,6.10496,low,other,3058.3,3058.55,3057.4,LOSS,-0.5,3,0,COMPRESSION,0.5454639740165732,1.3081936340860279e-07,0.03642213937071496,0.41811375579334836,0.5454639740165732
247,S15_6,6,ascending,converging,0.5606,6.10496,low,other,3058.3,3058.55,3057.4,LOSS,-0.5,3,0,COMPRESSION,0.7569609246828066,1.040080809719092e-07,0.037395824037764994,0.20564314727134744,0.7569609246828066
247,S15_6,6,ascending,converging,0.5606,6.10496,low,other,3058.3,3058.55,3057.4,LOSS,-0.5,3,0,COMPRESSION,0.8572580935434942,8.194740622636825e-08,0.02653371132633801,0.11620811318276156,0.8572580935434942
247,S15_6,6,ascending,converging,0.5606,6.10496,low,other,3058.3,3058.55,3057.4,LOSS,-0.5,2,0,COMPRESSION,0.9031394442001253,6.960061687559948e-08,0.019072520255144786,0.07778796594411307,0.9031394442001253
247,S15_6,6,ascending,converging,0.5606,6.10496,low,other,3058.3,3058.55,3057.4,LOSS,-0.5,2,0,COMPRESSION,0.9174172503780841,8.475986723820423e-08,0.02076634850951077,0.06181631635253786,0.9174172503780841
247,S15_6,6,ascending,converging,0.5606,6.10496,low,other,3058.3,3058.55,3057.4,LOSS,-0.5,2,0,COMPRESSION,0.8513600239998376,3.7486932463331807e-07,0.08905538241481346,0.05958421871602441,0.8513600239998376
253,S16_6,6,ascending,converging,0.5275,7.31518,high,london,3090.78,3092.48,3085.6,LOSS,-0.5,8,0,PULLBACK,0.9996800926194327,0.00022697063256416796,0.9996800926194327,9.284426838591831e-05,9.247961724713362e-08
253,S16_6,6,ascending,converging,0.5275,7.31518,high,london,3090.78,3092.48,3085.6,LOSS,-0.5,8,0,PULLBACK,0.9975225066708524,0.0024699286603966425,0.9975225066708524,7.56398975746859e-06,6.789935831642187e-10
253,S16_6,6,ascending,converging,0.5275,7.31518,high,london,3090.78,3092.48,3085.6,LOSS,-0.5,8,0,BREAKOUT,0.8958954928006844,0.8958954928006844,0.10410450717830393,1.1266616758085747e-11,9.744931391148702e-12
253,S16_6,6,ascending,converging,0.5275,7.31518,high,london,3090.78,3092.48,3085.6,LOSS,-0.5,8,0,BREAKOUT,0.9864700227706237,0.9864700227706237,0.013529977222850317,3.230835442582604e-12,3.2951929137385982e-12
253,S16_6,6,ascending,converging,0.5275,7.31518,high,london,3090.78,3092.48,3085.6,LOSS,-0.5,8,0,BREAKOUT,0.9934613918760177,0.9934613918760177,0.006538608116641748,3.505144759664885e-12,3.835406415226859e-12
253,S16_6,6,ascending,converging,0.5275,7.31518,high,london,3090.78,3092.48,3085.6,LOSS,-0.5,8,0,BREAKOUT,0.9681808601263093,0.9681808601263093,0.03181913980737113,2.4870204796762414e-11,4.144918858112933e-11
268,S17_6,6,descending,diverging,0.1615,8.27025,high,other,3051.07,3053.11,3048.47,LOSS,-0.5,0,0,PULLBACK,0.9999350253955673,5.672004615886771e-05,0.9999350253955673,3.095491408354773e-06,5.159066865583637e-06
268,S17_6,6,descending,diverging,0.1615,8.27025,high,other,3051.07,3053.11,3048.47,LOSS,-0.5,0,0,PULLBACK,0.9999933701129899,3.315672325333316e-06,0.9999933701129899,1.2428558522170276e-06,2.0713588324293436e-06
268,S17_6,6,descending,diverging,0.1615,8.27025,high,other,3051.07,3053.11,3048.47,LOSS,-0.5,0,0,PULLBACK,0.9999968523754832,1.5738022717141974e-06,0.9999968523754832,5.901981025574583e-07,9.836241424565513e-07
268,S17_6,6,descending,diverging,0.1615,8.27025,high,other,3051.07,3053.11,3048.47,LOSS,-0.5,0,0,PULLBACK,0.9999970348335085,8.0406926235178e-07,0.9999970348335085,1.6585439391575277e-06,5.025532898930605e-07
268,S17_6,6,descending,diverging,0.1615,8.27025,high,other,3051.07,3053.11,3048.47,LOSS,-0.5,0,0,PULLBACK,0.9999920739355465,4.403394123076671e-07,0.9999920739355465,7.209932854015383e-06,2.757921873371909e-07
268,S17_6,6,descending,diverging,0.1615,8.27025,high,other,3051.07,3053.11,3048.47,WIN,3.0,15,1,PULLBACK,0.999362189536334,3.8023321633421107e-07,0.999362189536334,0.0006366845024476715,7.457280018596112e-07
284,S18_6,6,descending,converging,0.1119,7.38714,high,other,3076.38,3076.74,3075.57,LOSS,-0.5,2,0,CHOPZONE,0.9576569952769478,1.384553650983967e-09,0.04217642473992592,0.9576569952769478,0.0001665785985725712
284,S18_6,6,descending,converging,0.1119,7.38714,high,other,3076.38,3076.74,3075.57,LOSS,-0.5,7,0,CHOPZONE,0.9970926828412514,1.4341166016223007e-10,0.0028480064575308697,0.9970926828412514,5.9310557806029787e-05
284,S18_6,6,descending,converging,0.1119,7.38714,high,other,3076.38,3076.74,3075.57,LOSS,-0.5,2,0,CHOPZONE,0.998912530065691,7.075306754854147e-11,0.0010073698895092641,0.998912530065691,8.00999740467239e-05
284,S18_6,6,descending,converging,0.1119,7.38714,high,other,3076.38,3076.74,3075.57,LOSS,-0.5,7,0,CHOPZONE,0.9992551845307602,5.026353308535368e-11,0.0006255493939736655,0.9992551845307602,0.00011926602500264296
284,S18_6,6,descending,converging,0.1119,7.38714,high,other,3076.38,3076.74,3075.57,LOSS,-0.5,2,0,CHOPZONE,0.9994394224647644,3.6826047113466326e-11,0.00036801109419614216,0.9994394224647644,0.00019256640421347294
284,S18_6,6,descending,converging,0.1119,7.38714,high,other,3076.38,3076.74,3075.57,LOSS,-0.5,7,0,CHOPZONE,0.9994778613398,3.1472857789400796e-11,0.00023311349845582763,0.9994778613398,0.0002890251302712584
292,S19_6,6,ascending,converging,0.0134,6.32583,low,other,3059.52,3060.62,3058.95,WIN,3.0,10,1,CHOPZONE,0.9995561770017116,2.7893575767462395e-09,0.00016794404378177503,0.9995561770017116,0.0002758761651489956
292,S19_6,6,ascending,converging,0.0134,6.32583,low,other,3059.52,3060.62,3058.95,LOSS,-0.5,3,0,CHOPZONE,0.9995564998744921,2.7868879008380806e-09,0.0001676379612263975,0.9995564998744921,0.00027585937739357504
292,S19_6,6,ascending,converging,0.0134,6.32583,low,other,3059.52,3060.62,3058.95,WIN,3.0,10,1,CHOPZONE,0.9995355411431878,1.7879556415618116e-09,0.00014989614230708187,0.9995355411431878,0.0003145609265494726
292,S19_6,6,ascending,converging,0.0134,6.32583,low,other,3059.52,3060.62,3058.95,LOSS,-0.5,3,0,CHOPZONE,0.9995096702510179,1.16750635977046e-09,0.00013559449729035744,0.9995096702510179,0.0003547340841853588
292,S19_6,6,ascending,converging,0.0134,6.32583,low,other,3059.52,3060.62,3058.95,WIN,3.0,10,1,CHOPZONE,0.9994631457168316,8.105946619164513e-10,0.00013215809398990972,0.9994631457168316,0.0004046953785838899
292,S19_6,6,ascending,converging,0.0134,6.32583,low,other,3059.52,3060.62,3058.95,LOSS,-0.5,3,0,CHOPZONE,0.9951121442694736,8.472944044867101e-09,0.0027347142595053058,0.9951121442694736,0.002153132998077158
323,S20_6,6,ascending,diverging,0.5024,5.97645,low,london,3135.01,3139.3,3134.14,LOSS,-0.5,1,0,PULLBACK,0.9968284284773385,0.0031595544922700856,0.9968284284773385,1.186455829546343e-05,1.5247209575073003e-07
323,S20_6,6,ascending,diverging,0.5024,5.97645,low,london,3135.01,3139.3,3134.14,LOSS,-0.5,1,0,PULLBACK,0.9980177372211039,0.001981670017524935,0.9980177372211039,5.762420826551401e-07,1.6519288689832254e-08
323,S20_6,6,ascending,diverging,0.5024,5.97645,low,london,3135.01,3139.3,3134.14,LOSS,-0.5,1,0,PULLBACK,0.9961841895084314,0.0038156362496317635,0.9961841895084314,1.402973830065075e-07,3.394455375949502e-08
323,S20_6,6,ascending,diverging,0.5024,5.97645,low,london,3135.01,3139.3,3134.14,LOSS,-0.5,1,0,PULLBACK,0.99443096763683,0.005568854249681823,0.99443096763683,1.61646016536495e-07,1.646747169873049e-08
323,S20_6,6,ascending,diverging,0.5024,5.97645,low,london,3135.01,3139.3,3134.14,LOSS,-0.5,1,0,PULLBACK,0.9914818867432484,0.008517933360286545,0.9914818867432484,1.7199332086169e-07,7.903144201968802e-09
323,S20_6,6,ascending,diverging,0.5024,5.97645,low,london,3135.01,3139.3,3134.14,LOSS,-0.5,1,0,PULLBACK,0.9871310972952889,0.01286873636987652,0.9871310972952889,1.6247389742106675e-07,3.860937124591651e-09
333,S21_6,6,ascending,converging,0.4865,5.78763,low,other,3134.83,3139.25,3131.15,LOSS,-0.5,2,0,PULLBACK,0.989719556978837,0.010279918312526833,0.989719556978837,5.171420538705643e-07,7.566582350768632e-09
333,S21_6,6,ascending,converging,0.4865,5.78763,low,other,3134.83,3139.25,3131.15,LOSS,-0.5,2,0,PULLBACK,0.9614745352038641,0.03852493613274829,0.9614745352038641,5.22447844446807e-07,6.215543154206801e-09
333,S21_6,6,ascending,converging,0.4865,5.78763,low,other,3134.83,3139.25,3131.15,LOSS,-0.5,2,0,PULLBACK,0.7437988312344126,0.2562010876113054,0.7437988312344126,8.096880881565727e-08,1.8547317942566524e-10
333,S21_6,6,ascending,converging,0.4865,5.78763,low,other,3134.83,3139.25,3131.15,LOSS,-0.5,2,0,BREAKOUT,0.5369887932963292,0.5369887932963292,0.4630111873094416,1.930879547837096e-08,8.543367704104219e-11
333,S21_6,6,ascending,converging,0.4865,5.78763,low,other,3134.83,3139.25,3131.15,LOSS,-0.5,2,0,BREAKOUT,0.7639222155641487,0.7639222155641487,0.23607778269791987,1.6915974389268916e-09,4.633396495043345e-11
333,S21_6,6,ascending,converging,0.4865,5.78763,low,other,3134.83,3139.25,3131.15,LOSS,-0.5,2,0,BREAKOUT,0.8037864569933498,0.8037864569933498,0.19621354284675882,1.0037203529186458e-10,5.951934399809646e-11
335,S22_6,6,ascending,converging,0.3305,5.73684,low,other,3140.65,3143.39,3139.95,LOSS,-0.5,3,0,BREAKOUT,0.3614203482743809,0.3614203482743809,0.638579077344031,5.738549406499885e-07,5.266473181332967e-10
335,S22_6,6,ascending,converging,0.3305,5.73684,low,other,3140.65,3143.39,3139.95,LOSS,-0.5,3,0,BREAKOUT,0.47613769327321753,0.47613769327321753,0.5238622985748869,8.148593094195245e-09,3.3024940094400888e-12
335,S22_6,6,ascending,converging,0.3305,5.73684,low,other,3140.65,3143.39,3139.95,LOSS,-0.5,3,0,BREAKOUT,0.8012177841876276,0.8012177841876276,0.19878221575258487,2.8026405278185827e-11,3.176122760815144e-11
335,S22_6,6,ascending,converging,0.3305,5.73684,low,other,3140.65,3143.39,3139.95,LOSS,-0.5,3,0,BREAKOUT,0.8973737996163008,0.8973737996163008,0.10262620034907531,1.62841522048179e-11,1.8339573248275825e-11
335,S22_6,6,ascending,converging,0.3305,5.73684,low,other,3140.65,3143.39,3139.95,LOSS,-0.5,3,0,BREAKOUT,0.9291048398246435,0.9291048398246435,0.07089516014903675,1.2526177643930646e-11,1.3793576831573991e-11
335,S22_6,6,ascending,converging,0.3305,5.73684,low,other,3140.65,3143.39,3139.95,LOSS,-0.5,3,0,BREAKOUT,0.9506948455872813,0.9506948455872813,0.04930515439204896,1.0323514125375487e-11,1.0346164722884583e-11
348,S23_6,6,ascending,diverging,0.4954,5.75416,low,london,3107.53,3108.83,3105.68,LOSS,-0.5,2,0,BREAKOUT,0.9990789625750204,0.9990789625750204,0.0009210372219646272,1.0139609310606112e-10,1.0161883522288413e-10
348,S23_6,6,ascending,diverging,0.4954,5.75416,low,london,3107.53,3108.83,3105.68,LOSS,-0.5,2,0,BREAKOUT,0.9993652068816392,0.9993652068816392,0.0006347929604617915,7.884512723942503e-11,7.905385485449212e-11
348,S23_6,6,ascending,diverging,0.4954,5.75416,low,london,3107.53,3108.83,3105.68,WIN,3.0,3,1,BREAKOUT,0.9992366450599764,0.9992366450599764,0.0007633548524368976,4.3735402177551343e-11,4.3851183443148785e-11
348,S23_6,6,ascending,diverging,0.4954,5.75416,low,london,3107.53,3108.83,3105.68,WIN,3.0,3,1,BREAKOUT,0.9992357255991634,0.9992357255991634,0.0007642743131831664,4.3768731251595726e-11,4.3884601273105526e-11
348,S23_6,6,ascending,diverging,0.4954,5.75416,low,london,3107.53,3108.83,3105.68,WIN,3.0,3,1,BREAKOUT,0.9992357158435715,0.9992357158435715,0.0007642840687745308,4.3769051327946245e-11,4.3884989392837074e-11
348,S23_6,6,ascending,diverging,0.4954,5.75416,low,london,3107.53,3108.83,3105.68,WIN,3.0,3,1,BREAKOUT,0.9992352711438601,0.9992352711438601,0.0007647287684535487,4.378047962959136e-11,4.3905843724386843e-11
353,S24_6,6,ascending,diverging,0.5886,5.71243,low,other,3123.23,3126.35,3121.23,LOSS,-0.5,7,0,BREAKOUT,0.999173096878216,0.999173096878216,0.0008269029867442893,6.743751836033828e-11,6.760215517808545e-11
353,S24_6,6,ascending,diverging,0.5886,5.71243,low,other,3123.23,3126.35,3121.23,LOSS,-0.5,7,0,BREAKOUT,0.9992949485123329,0.9992949485123329,0.0007050513202506514,8.361098797000066e-11,8.380550068279569e-11
353,S24_6,6,ascending,diverging,0.5886,5.71243,low,other,3123.23,3126.35,3121.23,LOSS,-0.5,7,0,BREAKOUT,0.9993289962010313,0.9993289962010313,0.0006710036199992789,8.938390975947985e-11,8.958542773171008e-11
353,S24_6,6,ascending,diverging,0.5886,5.71243,low,other,3123.23,3126.35,3121.23,LOSS,-0.5,0,0,BREAKOUT,0.9993499917233177,0.9993499917233177,0.0006500080895371725,9.346710549409234e-11,9.36780103470163e-11
353,S24_6,6,ascending,diverging,0.5886,5.71243,low,other,3123.23,3126.35,3121.23,LOSS,-0.5,0,0,BREAKOUT,0.9993495591843632,0.9993495591843632,0.0006504406084976587,1.0251932840389912e-10,1.0461985635224247e-10
353,S24_6,6,ascending,diverging,0.5886,5.71243,low,other,3123.23,3126.35,3121.23,LOSS,-0.5,0,0,BREAKOUT,0.993961727523822,0.993961727523822,0.00603827095106427,5.719275647981195e-10,9.531860955962274e-10
359,S25_6,6,ascending,converging,0.1297,5.82913,low,other,3113.67,3116.09,3110.92,WIN,3.0,7,1,PULLBACK,0.9999335903551076,5.808326225553623e-05,0.9999335903551076,3.122442309343204e-06,5.203940327396715e-06
359,S25_6,6,ascending,converging,0.1297,5.82913,low,other,3113.67,3116.09,3110.92,LOSS,-0.5,1,0,PULLBACK,0.9999899908496757,5.005706748348507e-06,0.9999899908496757,1.8763434284756659e-06,3.1271001475915584e-06
359,S25_6,6,ascending,converging,0.1297,5.82913,low,other,3113.67,3116.09,3110.92,LOSS,-0.5,1,0,PULLBACK,0.9999922226732136,3.888669046332467e-06,0.9999922226732136,1.458272621297995e-06,2.4303851186443965e-06
359,S25_6,6,ascending,converging,0.1297,5.82913,low,other,3113.67,3116.09,3110.92,LOSS,-0.5,1,0,PULLBACK,0.999994606350301,2.6968277668805406e-06,0.999994606350301,1.011321529351891e-06,1.6855004029140004e-06
359,S25_6,6,ascending,converging,0.1297,5.82913,low,other,3113.67,3116.09,3110.92,WIN,3.0,7,1,PULLBACK,0.9999962462390534,1.876972485025029e-06,0.9999962462390534,7.038119739248806e-07,1.172976487626767e-06
359,S25_6,6,ascending,converging,0.1297,5.82913,low,other,3113.67,3116.09,3110.92,WIN,3.0,7,1,PULLBACK,0.9999849097882937,1.2959145926747486e-05,0.9999849097882937,1.2012911253090617e-06,9.29774654256981e-07
378,S26_6,6,ascending,diverging,1.1853,7.16842,high,other,3181.08,3183.51,3179.6,LOSS,-0.5,1,0,BREAKOUT,0.9939967644985294,0.9939967644985294,0.006003233951609144,7.736185017913244e-10,7.762429486387736e-10
378,S26_6,6,ascending,diverging,1.1853,7.16842,high,other,3181.08,3183.51,3179.6,LOSS,-0.5,1,0,BREAKOUT,0.9989698905371208,0.9989698905371208,0.0010301093486953183,5.692528203097852e-11,5.725872501528509e-11
378,S26_6,6,ascending,diverging,1.1853,7.16842,high,other,3181.08,3183.51,3179.6,LOSS,-0.5,1,0,BREAKOUT,0.9982982096119613,0.9982982096119613,0.0017017903245740195,3.156784997911884e-11,3.189686722808025e-11
378,S26_6,6,ascending,diverging,1.1853,7.16842,high,other,3181.08,3183.51,3179.6,LOSS,-0.5,1,0,BREAKOUT,0.996936700165124,0.996936700165124,0.0030632997912387982,2.1528391123512723e-11,2.2108829446465583e-11
378,S26_6,6,ascending,diverging,1.1853,7.16842,high,other,3181.08,3183.51,3179.6,LOSS,-0.5,1,0,BREAKOUT,0.991822225074023,0.991822225074023,0.008177774878659222,2.1556508738484506e-11,2.576121089560826e-11
378,S26_6,6,ascending,diverging,1.1853,7.16842,high,other,3181.08,3183.51,3179.6,LOSS,-0.5,1,0,BREAKOUT,0.9238685792947366,0.9238685792947366,0.07613142031468244,2.2833538270912896e-10,1.6224560349872367e-10
384,S27_6,6,ascending,diverging,0.2031,7.16919,high,other,3147.19,3147.46,3144.38,WIN,3.0,3,1,PULLBACK,0.8663842437908953,3.9221707671950484e-08,0.8663842437908953,0.13361312937547762,2.587611919444568e-06
384,S27_6,6,ascending,diverging,0.2031,7.16919,high,other,3147.19,3147.46,3144.38,WIN,3.0,3,1,PULLBACK,0.49886240919374236,1.6582459269047323e-09,0.49886240919374236,0.501109932382273,2.7656765738675007e-05
384,S27_6,6,ascending,diverging,0.2031,7.16919,high,other,3147.19,3147.46,3144.38,WIN,3.0,3,1,CHOPZONE,0.8772381257787546,3.5006442947627485e-10,0.12264644104899178,0.8772381257787546,0.00011543282218926596
384,S27_6,6,ascending,diverging,0.2031,7.16919,high,other,3147.19,3147.46,3144.38,WIN,3.0,3,1,CHOPZONE,0.9867198378977506,4.32419878210566e-11,0.013044162996142333,0.9867198378977506,0.00023599906286494413
384,S27_6,6,ascending,diverging,0.2031,7.16919,high,other,3147.19,3147.46,3144.38,WIN,3.0,3,1,CHOPZONE,0.9977512994231026,9.37478571604233e-12,0.0017951301302463311,0.9977512994231026,0.00045357043727641157
384,S27_6,6,ascending,diverging,0.2031,7.16919,high,other,3147.19,3147.46,3144.38,WIN,3.0,3,1,CHOPZONE,0.9982621407257974,5.473033169709623e-12,0.0008026485227050686,0.9982621407257974,0.0009352107460245281
399,S28_6,6,ascending,converging,0.1665,7.52553,high,london,3179.27,3179.47,3177.76,LOSS,-0.5,16,0,CHOPZONE,0.9898137336620696,1.8205061735091198e-10,0.01016114919601981,0.9898137336620696,2.5116959859950272e-05
399,S28_6,6,ascending,converging,0.1665,7.52553,high,london,3179.27,3179.47,3177.76,LOSS,-0.5,1,0,CHOPZONE,0.9968200921408619,5.015770571573354e-11,0.003088175309020154,0.9968200921408619,9.173249996030355e-05
399,S28_6,6,ascending,converging,0.1665,7.52553,high,london,3179.27,3179.47,3177.76,LOSS,-0.5,1,0,CHOPZONE,0.9990520898673727,1.313595406179152e-11,0.0005370317532278551,0.9990520898673727,0.00041087836626360624
399,S28_6,6,ascending,converging,0.1665,7.52553,high,london,3179.27,3179.47,3177.76,LOSS,-0.5,1,0,CHOPZONE,0.9989788736711724,9.845059995408907e-12,0.0002549962468342968,0.9989788736711724,0.0007661300721482193
399,S28_6,6,ascending,converging,0.1665,7.52553,high,london,3179.27,3179.47,3177.76,LOSS,-0.5,1,0,CHOPZONE,0.9986764988090652,1.0958616814377265e-11,0.00015879844040938852,0.9986764988090652,0.0011647027395668042
399,S28_6,6,ascending,converging,0.1665,7.52553,high,london,3179.27,3179.47,3177.76,LOSS,-0.5,1,0,CHOPZONE,0.9973772790857353,2.2111240248233684e-11,0.00015748789323174377,0.9973772790857353,0.002465232998921825
412,S29_6,6,ascending,diverging,0.4169,6.84601,high,other,3154.94,3157.11,3151.78,LOSS,-0.5,46,0,CHOPZONE,0.9034490267303258,3.0409877001259403e-11,0.0014510149496002234,0.9034490267303258,0.09509995828966405
412,S29_6,6,ascending,diverging,0.4169,6.84601,high,other,3154.94,3157.11,3151.78,LOSS,-0.5,3,0,CHOPZONE,0.8738909224348307,3.1833887758513315e-11,0.0016831026300699185,0.8738909224348307,0.1244259749032654
412,S29_6,6,ascending,diverging,0.4169,6.84601,high,other,3154.94,3157.11,3151.78,LOSS,-0.5,46,0,CHOPZONE,0.8813004854806977,1.2338178785038311e-11,0.0013496467841614846,0.8813004854806977,0.11734986772280263
412,S29_6,6,ascending,diverging,0.4169,6.84601,high,other,3154.94,3157.11,3151.78,LOSS,-0.5,46,0,CHOPZONE,0.8615159250475041,1.3079351144129677e-11,0.0013089073482218593,0.8615159250475041,0.13717516759119489
412,S29_6,6,ascending,diverging,0.4169,6.84601,high,other,3154.94,3157.11,3151.78,LOSS,-0.5,46,0,CHOPZONE,0.807317649922173,1.6504082992236428e-11,0.0015970472419870262,0.807317649922173,0.19108530281933578
412,S29_6,6,ascending,diverging,0.4169,6.84601,high,other,3154.94,3157.11,3151.78,LOSS,-0.5,46,0,CHOPZONE,0.6718900585615425,1.2611595193706581e-10,0.015430655392192481,0.6718900585615425,0.31267928592014893
428,S30_6,6,ascending,diverging,1.037,7.06948,high,other,3230.97,3231.1,3230.64,LOSS,-0.5,1,0,PULLBACK,0.9941299995094053,0.005559076910981622,0.9941299995094053,0.0002847551102231944,2.6168469389886522e-05
428,S30_6,6,ascending,diverging,1.037,7.06948,high,other,3230.97,3231.1,3230.64,LOSS,-0.5,1,0,PULLBACK,0.9957180714566594,0.004262627330546056,0.9957180714566594,1.593879055034003e-05,3.3624222443399186e-06
428,S30_6,6,ascending,diverging,1.037,7.06948,high,other,3230.97,3231.1,3230.64,LOSS,-0.5,1,0,PULLBACK,0.9831853240035151,0.01681452215982362,0.9831853240035151,1.5109313937471866e-07,2.7435218676961592e-09
428,S30_6,6,ascending,diverging,1.037,7.06948,high,other,3230.97,3231.1,3230.64,LOSS,-0.5,1,0,PULLBACK,0.977997440751292,0.022002416738450204,0.977997440751292,1.4031818218451983e-07,2.1920754684953175e-09
428,S30_6,6,ascending,diverging,1.037,7.06948,high,other,3230.97,3231.1,3230.64,LOSS,-0.5,1,0,PULLBACK,0.9738940732315259,0.02610579838766069,0.9738940732315259,1.2662245965478855e-07,1.758353769310762e-09
428,S30_6,6,ascending,diverging,1.037,7.06948,high,other,3230.97,3231.1,3230.64,LOSS,-0.5,1,0,PULLBACK,0.9764275271293229,0.023572349281757592,0.9764275271293229,1.219054004869714e-07,1.6835190962950728e-09
431,S31_6,6,ascending,converging,0.2143,8.1341,high,other,3199.9,3200.19,3197.08,LOSS,-0.5,11,0,PULLBACK,0.9999983045226516,9.281808232648134e-07,0.9999983045226516,2.877368716473096e-07,4.795596534467236e-07
431,S31_6,6,ascending,converging,0.2143,8.1341,high,other,3199.9,3200.19,3197.08,LOSS,-0.5,11,0,PULLBACK,0.9999993626996857,3.186499658401178e-07,0.9999993626996857,1.194945354241675e-07,1.9915581311729977e-07
431,S31_6,6,ascending,converging,0.2143,8.1341,high,other,3199.9,3200.19,3197.08,LOSS,-0.5,11,0,PULLBACK,0.9999993283280612,1.925546725510209e-07,0.9999993283280612,3.5877027904662655e-07,1.2034698716592088e-07
431,S31_6,6,ascending,converging,0.2143,8.1341,high,other,3199.9,3200.19,3197.08,LOSS,-0.5,11,0,PULLBACK,0.9999987350533918,1.201965366670172e-07,0.9999987350533918,1.0696264354049766e-06,7.512363627559584e-08
431,S31_6,6,ascending,converging,0.2143,8.1341,high,other,3199.9,3200.19,3197.08,LOSS,-0.5,11,0,PULLBACK,0.9999968215365448,7.744593270640106e-08,0.9999968215365448,3.0526121508423955e-06,4.8405371627515715e-08
431,S31_6,6,ascending,converging,0.2143,8.1341,high,other,3199.9,3200.19,3197.08,LOSS,-0.5,11,0,PULLBACK,0.9999906335951138,5.1595204890794976e-08,0.9999906335951138,9.282043287661126e-06,3.2766393678132374e-08
436,S32_6,6,ascending,converging,0.2316,7.92363,high,other,3224.98,3225.41,3223.08,WIN,3.0,7,1,PULLBACK,0.9951101888433875,6.515990040563102e-09,0.9951101888433875,0.004889705375192532,9.92654298692232e-08
436,S32_6,6,ascending,converging,0.2316,7.92363,high,other,3224.98,3225.41,3223.08,LOSS,-0.5,1,0,PULLBACK,0.9706474569242837,6.056562627094232e-09,0.9706474569242837,0.02935213186749828,4.051516554017192e-07
436,S32_6,6,ascending,converging,0.2316,7.92363,high,other,3224.98,3225.41,3223.08,LOSS,-0.5,1,0,PULLBACK,0.7684195886317435,1.4074629115146964e-08,0.7684195886317435,0.2315784798350457,1.9174585815924346e-06
436,S32_6,6,ascending,converging,0.2316,7.92363,high,other,3224.98,3225.41,3223.08,LOSS,-0.5,1,0,CHOPZONE,0.6344211598192471,6.130088962430097e-09,0.36556791884519413,0.6344211598192471,1.0915205470008825e-05
436,S32_6,6,ascending,converging,0.2316,7.92363,high,other,3224.98,3225.41,3223.08,LOSS,-0.5,1,0,CHOPZONE,0.9187501811351059,1.3118757279759567e-09,0.08122077399474728,0.9187501811351059,2.9043558271176462e-05
436,S32_6,6,ascending,converging,0.2316,7.92363,high,other,3224.98,3225.41,3223.08,LOSS,-0.5,1,0,CHOPZONE,0.9899279880984097,1.9653209055696087e-10,0.010022340975148607,0.9899279880984097,4.967072990974595e-05
459,S33_6,6,ascending,diverging,0.0731,6.53929,high,other,3158.71,3163.89,3157.37,TIMEOUT,0.0,50,0,CHOPZONE,0.9995114458625944,3.085724379672125e-09,0.0002051447220436855,0.9995114458625944,0.00028340632963741875
459,S33_6,6,ascending,diverging,0.0731,6.53929,high,other,3158.71,3163.89,3157.37,TIMEOUT,0.0,50,0,CHOPZONE,0.9995481063703049,2.3044342470002884e-09,0.00015979049738301033,0.9995481063703049,0.00029210082787790447
459,S33_6,6,ascending,diverging,0.0731,6.53929,high,other,3158.71,3163.89,3157.37,TIMEOUT,0.0,50,0,CHOPZONE,0.9995317787053994,1.670270454692811e-09,0.00014743214126907792,0.9995317787053994,0.0003207874830609993
459,S33_6,6,ascending,diverging,0.0731,6.53929,high,other,3158.71,3163.89,3157.37,TIMEOUT,0.0,50,0,CHOPZONE,0.999512843457335,1.223694197329174e-09,0.0001370253146585311,0.999512843457335,0.0003501300043121993
459,S33_6,6,ascending,diverging,0.0731,6.53929,high,other,3158.71,3163.89,3157.37,TIMEOUT,0.0,50,0,CHOPZONE,0.9994921350820396,9.060718995200134e-10,0.00012820249986296144,0.9994921350820396,0.00037966151202553503
459,S33_6,6,ascending,diverging,0.0731,6.53929,high,other,3158.71,3163.89,3157.37,TIMEOUT,0.0,50,0,CHOPZONE,0.9994706491175521,6.78413331035544e-10,0.0001208513290509329,0.9994706491175521,0.0004084988749835666
467,S34_6,6,descending,converging,0.0007,5.61379,low,london,3177.42,3179.37,3173.92,TIMEOUT,0.0,50,0,CHOPZONE,0.9995563287380825,2.7860893289625132e-09,0.00016753371460797868,0.9995563287380825,0.0002761347612201678
467,S34_6,6,descending,converging,0.0007,5.61379,low,london,3177.42,3179.37,3173.92,TIMEOUT,0.0,50,0,CHOPZONE,0.9995275462705189,1.5540930180915938e-09,0.00014489423383888674,0.9995275462705189,0.0003275579415492979
467,S34_6,6,descending,converging,0.0007,5.61379,low,london,3177.42,3179.37,3173.92,TIMEOUT,0.0,50,0,CHOPZONE,0.9994616419976978,6.079041169065536e-10,0.00011822891244450768,0.9994616419976978,0.0004201284819534188
467,S34_6,6,descending,converging,0.0007,5.61379,low,london,3177.42,3179.37,3173.92,TIMEOUT,0.0,50,0,CHOPZONE,0.9993896452617912,2.5315597673811274e-10,0.0001027835516394932,0.9993896452617912,0.0005075709334133834
467,S34_6,6,descending,converging,0.0007,5.61379,low,london,3177.42,3179.37,3173.92,TIMEOUT,0.0,50,0,CHOPZONE,0.999321165831394,1.2289389791521858e-10,0.00010199533244591803,0.999321165831394,0.0005768387132660984
467,S34_6,6,descending,converging,0.0007,5.61379,low,london,3177.42,3179.37,3173.92,TIMEOUT,0.0,50,0,CHOPZONE,0.9955340928421199,8.557255972875835e-10,0.002025556436216931,0.9955340928421199,0.0024403498659375826
472,S35_6,6,descending,converging,0.0181,6.68067,high,other,3146.13,3147.02,3143.95,TIMEOUT,0.0,50,0,PULLBACK,0.8320120017472448,8.155178800677003e-09,0.8320120017472448,0.1679848080135077,3.1820840687445007e-06
472,S35_6,6,descending,converging,0.0181,6.68067,high,other,3146.13,3147.02,3143.95,TIMEOUT,0.0,50,0,PULLBACK,0.988561609674429,8.002741256289527e-09,0.988561609674429,0.011438272201559699,1.1012127002508874e-07
472,S35_6,6,descending,converging,0.0181,6.68067,high,other,3146.13,3147.02,3143.95,TIMEOUT,0.0,50,0,PULLBACK,0.9998886831568881,1.702047481322907e-08,0.9998886831568881,0.00011129313438202786,6.688255067007481e-09
472,S35_6,6,descending,converging,0.0181,6.68067,high,other,3146.13,3147.02,3143.95,TIMEOUT,0.0,50,0,PULLBACK,0.999978533082976,2.3564691522599996e-08,0.999978533082976,2.143262496533486e-05,1.0727367144404106e-08
472,S35_6,6,descending,converging,0.0181,6.68067,high,other,3146.13,3147.02,3143.95,TIMEOUT,0.0,50,0,PULLBACK,0.9999973593431114,3.995084411391531e-08,0.9999973593431114,2.5757348425219143e-06,2.497120202118217e-08
472,S35_6,6,descending,converging,0.0181,6.68067,high,other,3146.13,3147.02,3143.95,TIMEOUT,0.0,50,0,PULLBACK,0.9999982885430986,1.1659945276707424e-06,0.9999982885430986,4.616816184133862e-07,8.378075523183068e-08
480,S36_6,6,descending,diverging,0.2219,7.62166,high,other,3197.65,3198.98,3196.52,TIMEOUT,0.0,50,0,BREAKOUT,0.9920126297036631,0.9920126297036631,0.007987369706010224,2.9477016125076806e-10,2.9555656139529776e-10
480,S36_6,6,descending,diverging,0.2219,7.62166,high,other,3197.65,3198.98,3196.52,TIMEOUT,0.0,50,0,BREAKOUT,0.9991765549192304,0.9991765549192304,0.0008234449918191768,4.4420556595519245e-11,4.452981003109223e-11
480,S36_6,6,descending,diverging,0.2219,7.62166,high,other,3197.65,3198.98,3196.52,TIMEOUT,0.0,50,0,BREAKOUT,0.9992896978658868,0.9992896978658868,0.000710301967799722,8.30317178039757e-11,8.328179198710806e-11
480,S36_6,6,descending,diverging,0.2219,7.62166,high,other,3197.65,3198.98,3196.52,TIMEOUT,0.0,50,0,BREAKOUT,0.9991305534245567,0.9991305534245567,0.0008694464481538059,6.352800399070273e-11,6.376154668669733e-11
480,S36_6,6,descending,diverging,0.2219,7.62166,high,other,3197.65,3198.98,3196.52,TIMEOUT,0.0,50,0,BREAKOUT,0.9989363227824838,0.9989363227824838,0.0010636771172819204,5.0006098890167676e-11,5.0228216040898564e-11
480,S36_6,6,descending,diverging,0.2219,7.62166,high,other,3197.65,3198.98,3196.52,TIMEOUT,0.0,50,0,BREAKOUT,0.9987113081959194,0.9987113081959194,0.0012886917234452243,4.026320987330797e-11,4.037216208475409e-11
487,S37_6,6,descending,diverging,0.301,7.86009,high,other,3160.04,3161.25,3158.85,TIMEOUT,0.0,50,0,BREAKOUT,0.9992148880509745,0.9992148880509745,0.0007851118022858978,7.324388112020999e-11,7.349577966809168e-11
487,S37_6,6,descending,diverging,0.301,7.86009,high,other,3160.04,3161.25,3158.85,TIMEOUT,0.0,50,0,BREAKOUT,0.9990059729163869,0.9990059729163869,0.0009940269748265236,5.42546069732026e-11,5.4531896916278686e-11
487,S37_6,6,descending,diverging,0.301,7.86009,high,other,3160.04,3161.25,3158.85,TIMEOUT,0.0,50,0,BREAKOUT,0.9985169580052368,0.9985169580052368,0.0014830419233445638,3.557144781197859e-11,3.584729815926445e-11
487,S37_6,6,descending,diverging,0.301,7.86009,high,other,3160.04,3161.25,3158.85,TIMEOUT,0.0,50,0,BREAKOUT,0.9977324845479,0.9977324845479,0.0022675154009484904,2.5388746057778578e-11,2.5762790669896518e-11
487,S37_6,6,descending,diverging,0.301,7.86009,high,other,3160.04,3161.25,3158.85,TIMEOUT,0.0,50,0,BREAKOUT,0.9956256487131617,0.9956256487131617,0.004374351241458678,2.1631398453254696e-11,2.3748188447146173e-11
487,S37_6,6,descending,diverging,0.301,7.86009,high,other,3160.04,3161.25,3158.85,TIMEOUT,0.0,50,0,BREAKOUT,0.9672894399062452,0.9672894399062452,0.032710559956680714,5.312470820688882e-11,8.394936960766483e-11
79,S0_7,7,descending,converging,0.1906,6.64234,high,other,2964.77,2968.54,2963.47,LOSS,-0.5,15,0,PULLBACK,0.5731958327137014,0.4268028589689834,0.5731958327137014,1.5133639836508717e-10,1.3081659787558986e-06
79,S0_7,7,descending,converging,0.1906,6.64234,high,other,2964.77,2968.54,2963.47,LOSS,-0.5,1,0,PULLBACK,0.85812042676234,0.1418768209779135,0.85812042676234,2.3928089414634245e-10,2.752020465420329e-06
79,S0_7,7,descending,converging,0.1906,6.64234,high,other,2964.77,2968.54,2963.47,LOSS,-0.5,15,0,PULLBACK,0.9929074522490714,0.007090098032143675,0.9929074522490714,1.8980400497288504e-09,2.4478207448484e-06
79,S0_7,7,descending,converging,0.1906,6.64234,high,other,2964.77,2968.54,2963.47,LOSS,-0.5,1,0,PULLBACK,0.9966964072229324,0.0033012520170974044,0.9966964072229324,1.7547710660219939e-09,2.3390051991816927e-06
79,S0_7,7,descending,converging,0.1906,6.64234,high,other,2964.77,2968.54,2963.47,LOSS,-0.5,1,0,PULLBACK,0.9967820795076922,0.0032155506922626766,0.9967820795076922,1.7189454971824224e-09,2.36808109964714e-06
79,S0_7,7,descending,converging,0.1906,6.64234,high,other,2964.77,2968.54,2963.47,LOSS,-0.5,1,0,PULLBACK,0.996847369309377,0.0031502241983617785,0.996847369309377,1.6836825483391863e-09,2.404808578672063e-06
82,S1_7,7,ascending,converging,0.1406,6.75174,high,london,2975.25,2978.42,2973.48,LOSS,-0.5,6,0,PULLBACK,0.9996771816844634,0.00012515313422624454,0.9996771816844634,1.2210970228569187e-08,0.00019765297034012304
82,S1_7,7,ascending,converging,0.1406,6.75174,high,london,2975.25,2978.42,2973.48,LOSS,-0.5,1,0,PULLBACK,0.9996861074851459,0.00011984466079015573,0.9996861074851459,1.2101293042556073e-08,0.00019403575277077828
82,S1_7,7,ascending,converging,0.1406,6.75174,high,london,2975.25,2978.42,2973.48,LOSS,-0.5,1,0,PULLBACK,0.9999309610722447,3.448684670499502e-05,0.9999309610722447,1.2929103392381426e-05,2.162297765787392e-05
82,S1_7,7,ascending,converging,0.1406,6.75174,high,london,2975.25,2978.42,2973.48,LOSS,-0.5,1,0,PULLBACK,0.9999421705012718,2.381330781324083e-05,0.9999421705012718,8.931583777505675e-06,2.5084607137662013e-05
82,S1_7,7,ascending,converging,0.1406,6.75174,high,london,2975.25,2978.42,2973.48,LOSS,-0.5,6,0,PULLBACK,0.9999502600685898,1.5542532019864606e-05,0.9999502600685898,5.8264388372068e-06,2.8370960553188138e-05
82,S1_7,7,ascending,converging,0.1406,6.75174,high,london,2975.25,2978.42,2973.48,LOSS,-0.5,1,0,PULLBACK,0.9998728691135963,8.571755765903846e-05,0.9998728691135963,6.916930662993572e-06,3.4496398081589946e-05
104,S2_7,7,descending,diverging,0.3322,5.78199,low,london,2950.75,2953.55,2949.19,LOSS,-0.5,1,0,BREAKOUT,0.7517458917331132,0.7517458917331132,0.24825242081609736,8.147552506552248e-07,8.726955387912129e-07
104,S2_7,7,descending,diverging,0.3322,5.78199,low,london,2950.75,2953.55,2949.19,LOSS,-0.5,1,0,BREAKOUT,0.9355243056708541,0.9355243056708541,0.06447543436452972,1.267375726589217e-07,1.3322704348686215e-07
104,S2_7,7,descending,diverging,0.3322,5.78199,low,london,2950.75,2953.55,2949.19,WIN,3.0,8,1,BREAKOUT,0.9762034422550456,0.9762034422550456,0.023796502694976043,2.704469561579957e-08,2.8005282728714067e-08
104,S2_7,7,descending,diverging,0.3322,5.78199,low,london,2950.75,2953.55,2949.19,LOSS,-0.5,1,0,BREAKOUT,0.9872384143803707,0.9872384143803707,0.012761570278903131,7.582762968964067e-09,7.757963154207647e-09
104,S2_7,7,descending,diverging,0.3322,5.78199,low,london,2950.75,2953.55,2949.19,LOSS,-0.5,1,0,BREAKOUT,0.9924394985467611,0.9924394985467611,0.007560497156072559,2.133776225810274e-09,2.163390141678562e-09
104,S2_7,7,descending,diverging,0.3322,5.78199,low,london,2950.75,2953.55,2949.19,LOSS,-0.5,1,0,BREAKOUT,0.9956887616498731,0.9956887616498731,0.004311237188053942,5.810329269283775e-10,5.810401795000976e-10
125,S3_7,7,ascending,diverging,1.2165,7.37404,high,other,2996.76,2997.91,2995.6,LOSS,-0.5,1,0,BREAKOUT,0.9999962706741915,0.9999962706741915,3.7292857780550693e-06,2.001511840053161e-11,2.0015370671307075e-11
125,S3_7,7,ascending,diverging,1.2165,7.37404,high,other,2996.76,2997.91,2995.6,LOSS,-0.5,1,0,BREAKOUT,0.9999963940230139,0.9999963940230139,3.6059378041743435e-06,1.9567533158865663e-11,1.9614428030687933e-11
125,S3_7,7,ascending,diverging,1.2165,7.37404,high,other,2996.76,2997.91,2995.6,LOSS,-0.5,1,0,BREAKOUT,0.9993132445412413,0.9993132445412413,0.0006867552872805986,8.561637504647546e-11,8.586180049171163e-11
125,S3_7,7,ascending,diverging,1.2165,7.37404,high,other,2996.76,2997.91,2995.6,LOSS,-0.5,1,0,BREAKOUT,0.9991728020362849,0.9991728020362849,0.0008271978279929969,6.773369122834709e-11,6.798843788087204e-11
125,S3_7,7,ascending,diverging,1.2165,7.37404,high,other,2996.76,2997.91,2995.6,LOSS,-0.5,1,0,BREAKOUT,0.9989121085638957,0.9989121085638957,0.0010878913199593638,5.693731521372715e-11,5.920773081892251e-11
125,S3_7,7,ascending,diverging,1.2165,7.37404,high,other,2996.76,2997.91,2995.6,LOSS,-0.5,1,0,BREAKOUT,0.9879174410879086,0.9879174410879086,0.012082558297201241,2.3058520313003083e-10,3.843048240564664e-10
147,S4_7,7,descending,diverging,0.001,7.42722,high,other,2965.59,2965.67,2964.68,WIN,3.0,16,1,PULLBACK,0.9999854996446315,1.2401929849141122e-05,0.9999854996446315,9.833777961737698e-07,1.1150477231459388e-06
147,S4_7,7,descending,diverging,0.001,7.42722,high,other,2965.59,2965.67,2964.68,LOSS,-0.5,2,0,PULLBACK,0.9999970746596818,8.168936690921711e-07,0.9999970746596818,1.5979330594361683e-06,5.105135896776323e-07
147,S4_7,7,descending,diverging,0.001,7.42722,high,other,2965.59,2965.67,2964.68,WIN,3.0,16,1,PULLBACK,0.9999956877011779,5.999810023566797e-07,0.9999956877011779,3.3373203823033617e-06,3.749974374928204e-07
147,S4_7,7,descending,diverging,0.001,7.42722,high,other,2965.59,2965.67,2964.68,LOSS,-0.5,2,0,PULLBACK,0.9999924675004779,4.48063378126981e-07,0.9999924675004779,6.804381108574164e-06,2.800550354253552e-07
147,S4_7,7,descending,diverging,0.001,7.42722,high,other,2965.59,2965.67,2964.68,WIN,3.0,16,1,PULLBACK,0.999985894736882,3.4004124541495655e-07,0.999985894736882,1.355267229645776e-05,2.125495760982253e-07
147,S4_7,7,descending,diverging,0.001,7.42722,high,other,2965.59,2965.67,2964.68,LOSS,-0.5,2,0,PULLBACK,0.9999731947683701,2.6213900698311163e-07,0.9999731947683701,2.6379232375189934e-05,1.6386024775824725e-07
167,S5_7,7,ascending,converging,0.2811,7.35579,high,other,3010.99,3014.47,3009.23,LOSS,-0.5,1,0,PULLBACK,0.9999640573783899,2.30751407355618e-06,0.9999640573783899,3.3634324382067855e-05,7.831543930043682e-10
167,S5_7,7,ascending,converging,0.2811,7.35579,high,other,3010.99,3014.47,3009.23,LOSS,-0.5,1,0,PULLBACK,0.9999408203421151,2.0231496171019536e-06,0.9999408203421151,5.7154287046072874e-05,2.2212217449153477e-09
167,S5_7,7,ascending,converging,0.2811,7.35579,high,other,3010.99,3014.47,3009.23,LOSS,-0.5,1,0,PULLBACK,0.9997828078823877,1.4444696136441881e-06,0.9997828078823877,0.00021571874890646784,2.8899092060008584e-08
167,S5_7,7,ascending,converging,0.2811,7.35579,high,other,3010.99,3014.47,3009.23,LOSS,-0.5,1,0,PULLBACK,0.9982956399143418,9.578314867313543e-07,0.9982956399143418,0.0017027507187020155,6.515354695633799e-07
167,S5_7,7,ascending,converging,0.2811,7.35579,high,other,3010.99,3014.47,3009.23,LOSS,-0.5,1,0,PULLBACK,0.9647947435204897,6.592088362253063e-07,0.9647947435204897,0.03517979805030214,2.4799220372085117e-05
167,S5_7,7,ascending,converging,0.2811,7.35579,high,other,3010.99,3014.47,3009.23,LOSS,-0.5,1,0,PULLBACK,0.6651662823595504,3.5535190131930673e-07,0.6651662823595504,0.33413484019535916,0.0006985220931890212
172,S6_7,7,ascending,converging,0.0287,6.47456,high,other,2995.79,2996.72,2992.66,WIN,3.0,4,1,CHOPZONE,0.995497761893946,1.314470493084968e-09,0.001878262768505206,0.995497761893946,0.0026239740230781373
172,S6_7,7,ascending,converging,0.0287,6.47456,high,other,2995.79,2996.72,2992.66,LOSS,-0.5,2,0,CHOPZONE,0.9992416742897272,8.949356020621333e-10,0.0001728345126471851,0.9992416742897272,0.0005854903026899021
172,S6_7,7,ascending,converging,0.0287,6.47456,high,other,2995.79,2996.72,2992.66,WIN,3.0,4,1,CHOPZONE,0.9992280191966642,6.802158567995287e-10,0.0001553668994258667,0.9992280191966642,0.0006166132236942145
172,S6_7,7,ascending,converging,0.0287,6.47456,high,other,2995.79,2996.72,2992.66,WIN,3.0,4,1,CHOPZONE,0.9991386499361059,3.7411155828317396e-10,0.00013602663496326217,0.9991386499361059,0.0007253230548192478
172,S6_7,7,ascending,converging,0.0287,6.47456,high,other,2995.79,2996.72,2992.66,WIN,3.0,4,1,CHOPZONE,0.9989992858400526,2.162353358681213e-10,0.00012973083666931672,0.9989992858400526,0.0008709831070426319
172,S6_7,7,ascending,converging,0.0287,6.47456,high,other,2995.79,2996.72,2992.66,WIN,3.0,4,1,CHOPZONE,0.9927365287421881,1.8835929826873904e-09,0.0026357771577681993,0.9927365287421881,0.004627692216450809
180,S7_7,7,ascending,diverging,0.9495,6.68433,high,london,3034.34,3037.45,3031.11,LOSS,-0.5,1,0,PULLBACK,0.9923336275242398,0.0048793963626366154,0.9923336275242398,0.0023665702545432304,0.00042040585858017153
180,S7_7,7,ascending,diverging,0.9495,6.68433,high,london,3034.34,3037.45,3031.11,LOSS,-0.5,1,0,PULLBACK,0.9953528134283617,0.004501950542357544,0.9953528134283617,9.247617985550604e-05,5.275984942521245e-05
180,S7_7,7,ascending,diverging,0.9495,6.68433,high,london,3034.34,3037.45,3031.11,LOSS,-0.5,1,0,PULLBACK,0.9512099837198097,0.04878992487040869,0.9512099837198097,9.037425426641912e-08,1.0355273758986803e-09
180,S7_7,7,ascending,diverging,0.9495,6.68433,high,london,3034.34,3037.45,3031.11,LOSS,-0.5,1,0,PULLBACK,0.9121459823343568,0.08785395073055782,0.9121459823343568,6.616430694199059e-08,7.707783092258527e-10
180,S7_7,7,ascending,diverging,0.9495,6.68433,high,london,3034.34,3037.45,3031.11,LOSS,-0.5,1,0,PULLBACK,0.8696525380765399,0.13034741701671346,0.8696525380765399,4.4315996536277804e-08,5.907501406298459e-10
180,S7_7,7,ascending,diverging,0.9495,6.68433,high,london,3034.34,3037.45,3031.11,LOSS,-0.5,1,0,PULLBACK,0.8458912119503467,0.15410820949915158,0.8458912119503467,5.761550303394729e-07,2.395471455561733e-09
199,S8_7,7,ascending,converging,0.1596,5.63555,low,other,3011.1,3011.26,3009.08,WIN,3.0,3,1,CHOPZONE,0.936418435783971,7.420415265158828e-10,0.00986902613055055,0.936418435783971,0.053712537343436985
199,S8_7,7,ascending,converging,0.1596,5.63555,low,other,3011.1,3011.26,3009.08,LOSS,-0.5,1,0,CHOPZONE,0.9727530329886211,1.1887968902544019e-11,0.00046995943903102946,0.9727530329886211,0.026777007560459812
199,S8_7,7,ascending,converging,0.1596,5.63555,low,other,3011.1,3011.26,3009.08,WIN,3.0,3,1,CHOPZONE,0.980967945749876,5.686901727338738e-12,0.0002541215727029222,0.980967945749876,0.018777932671734145
199,S8_7,7,ascending,converging,0.1596,5.63555,low,other,3011.1,3011.26,3009.08,WIN,3.0,3,1,CHOPZONE,0.9791085786005379,2.2830933118555084e-12,0.00023227663206434507,0.9791085786005379,0.02065914476511466
199,S8_7,7,ascending,converging,0.1596,5.63555,low,other,3011.1,3011.26,3009.08,WIN,3.0,3,1,CHOPZONE,0.9751280208892866,1.2331681314550976e-12,0.0003084626967158871,0.9751280208892866,0.02456351641276432
199,S8_7,7,ascending,converging,0.1596,5.63555,low,other,3011.1,3011.26,3009.08,WIN,3.0,3,1,CHOPZONE,0.936619446373711,1.8328515409513752e-11,0.0066760107376002695,0.936619446373711,0.056704542870360274
203,S9_7,7,ascending,converging,0.3391,5.94079,low,london,3030.76,3031.46,3029.31,LOSS,-0.5,4,0,PULLBACK,0.8694522545675003,1.1264648926758972e-05,0.8694522545675003,0.1289249834308044,0.0016114973527685827
203,S9_7,7,ascending,converging,0.3391,5.94079,low,london,3030.76,3031.46,3029.31,LOSS,-0.5,1,0,PULLBACK,0.9975942731881945,1.6690734214092462e-05,0.9975942731881945,0.002384401250395877,4.6348271956363205e-06
203,S9_7,7,ascending,converging,0.3391,5.94079,low,london,3030.76,3031.46,3029.31,LOSS,-0.5,1,0,PULLBACK,0.9998536657342485,0.00014627274001348032,0.9998536657342485,6.14411419001316e-08,8.459608579238894e-11
203,S9_7,7,ascending,converging,0.3391,5.94079,low,london,3030.76,3031.46,3029.31,LOSS,-0.5,1,0,PULLBACK,0.9998103844231065,0.0001895993252215315,0.9998103844231065,1.6105272045480155e-08,1.4639990269169268e-10
203,S9_7,7,ascending,converging,0.3391,5.94079,low,london,3030.76,3031.46,3029.31,LOSS,-0.5,1,0,PULLBACK,0.9997532753155881,0.0002467202202847066,0.9997532753155881,4.196379062881665e-09,2.6774804884952663e-10
203,S9_7,7,ascending,converging,0.3391,5.94079,low,london,3030.76,3031.46,3029.31,LOSS,-0.5,1,0,PULLBACK,0.999685876904549,0.00031412133951264846,0.999685876904549,1.2955066322758982e-09,4.604316815030433e-10
219,S10_7,7,ascending,diverging,0.412,6.38255,low,other,3068.72,3069.45,3062.34,LOSS,-0.5,1,0,PULLBACK,0.9976770137397557,0.0023229856794138217,0.9976770137397557,4.0362850356839173e-10,1.7720204624831587e-10
219,S10_7,7,ascending,diverging,0.412,6.38255,low,other,3068.72,3069.45,3062.34,LOSS,-0.5,1,0,PULLBACK,0.9976794933943273,0.002320506025181729,0.9976794933943273,4.031880543298417e-10,1.7730296929205806e-10
219,S10_7,7,ascending,diverging,0.412,6.38255,low,other,3068.72,3069.45,3062.34,LOSS,-0.5,1,0,PULLBACK,0.9998037983797183,0.0001961993837468543,0.9998037983797183,1.6327089719768219e-09,6.038258174684397e-10
219,S10_7,7,ascending,diverging,0.412,6.38255,low,other,3068.72,3069.45,3062.34,LOSS,-0.5,1,0,PULLBACK,0.9998076647405978,0.00019233302522711203,0.9998076647405978,1.6309863758093835e-09,6.031887120786651e-10
219,S10_7,7,ascending,diverging,0.412,6.38255,low,other,3068.72,3069.45,3062.34,LOSS,-0.5,1,0,PULLBACK,0.999807620432499,0.00019237733328106356,0.999807620432499,1.631029075196879e-09,6.031909184262459e-10
219,S10_7,7,ascending,diverging,0.412,6.38255,low,other,3068.72,3069.45,3062.34,LOSS,-0.5,1,0,PULLBACK,0.9997794102312612,0.00022058750748748355,0.9997794102312612,1.6562111506562828e-09,6.050402066516618e-10
220,S11_7,7,ascending,converging,0.5362,7.30951,high,other,3083.27,3088.08,3082.67,LOSS,-0.5,2,0,PULLBACK,0.9842801678134764,0.01571983191723813,0.9842801678134764,1.544281259327108e-10,1.1485735168090144e-10
220,S11_7,7,ascending,converging,0.5362,7.30951,high,other,3083.27,3088.08,3082.67,LOSS,-0.5,2,0,PULLBACK,0.917299718345873,0.08270028098363673,0.917299718345873,5.819396898085928e-10,8.855047904816672e-11
220,S11_7,7,ascending,converging,0.5362,7.30951,high,other,3083.27,3088.08,3082.67,LOSS,-0.5,2,0,BREAKOUT,0.990553836432861,0.990553836432861,0.009446162864580157,3.503765174100264e-10,3.5218241090194275e-10
220,S11_7,7,ascending,converging,0.5362,7.30951,high,other,3083.27,3088.08,3082.67,LOSS,-0.5,2,0,BREAKOUT,0.9983871668527814,0.9983871668527814,0.001612833072401592,3.723695650943543e-11,3.7580138608898625e-11
220,S11_7,7,ascending,converging,0.5362,7.30951,high,other,3083.27,3088.08,3082.67,LOSS,-0.5,2,0,BREAKOUT,0.9972973146912038,0.9972973146912038,0.002702685252843162,2.6992637889959972e-11,2.8960561153214594e-11
220,S11_7,7,ascending,converging,0.5362,7.30951,high,other,3083.27,3088.08,3082.67,LOSS,-0.5,2,0,BREAKOUT,0.9766754630743526,0.9766754630743526,0.023324536750654882,6.736858431773308e-11,1.0762384146534348e-10
228,S12_7,7,ascending,diverging,0.4122,7.33524,high,london,3061.73,3065.0,3057.98,LOSS,-0.5,5,0,PULLBACK,0.6296766456286996,0.37032330556343207,0.6296766456286996,4.8800390233338544e-08,7.477857671613671e-12
228,S12_7,7,ascending,diverging,0.4122,7.33524,high,london,3061.73,3065.0,3057.98,LOSS,-0.5,1,0,PULLBACK,0.897714546858106,0.10228509931770381,0.897714546858106,3.535330934344255e-07,2.9109662001050354e-10
228,S12_7,7,ascending,diverging,0.4122,7.33524,high,london,3061.73,3065.0,3057.98,LOSS,-0.5,1,0,PULLBACK,0.9946652945153163,4.031009652650264e-05,0.9946652945153163,0.005201668167059522,9.272722109776746e-05
228,S12_7,7,ascending,diverging,0.4122,7.33524,high,london,3061.73,3065.0,3057.98,LOSS,-0.5,1,0,PULLBACK,0.9398758091999775,1.2081622559590238e-05,0.9398758091999775,0.0573877350476259,0.002724374129836897
228,S12_7,7,ascending,diverging,0.4122,7.33524,high,london,3061.73,3065.0,3057.98,LOSS,-0.5,1,0,PULLBACK,0.7152956222152146,6.611583997761915e-06,0.7152956222152146,0.24589466134708568,0.038803104853702024
228,S12_7,7,ascending,diverging,0.4122,7.33524,high,london,3061.73,3065.0,3057.98,LOSS,-0.5,1,0,PULLBACK,0.3165224716659246,2.12562092085613e-06,0.3165224716659246,0.4448651417808777,0.23861026093227677
235,S13_7,7,ascending,converging,0.4152,6.81201,high,other,3078.23,3079.08,3076.54,LOSS,-0.5,3,0,COMPRESSION,0.5932013421025824,6.601746801313056e-09,0.015119715731934723,0.3916789355637361,0.5932013421025824
235,S13_7,7,ascending,converging,0.4152,6.81201,high,other,3078.23,3079.08,3076.54,LOSS,-0.5,9,0,COMPRESSION,0.4523213357249911,2.7049250360205506e-09,0.007480791283536745,0.5401978702865471,0.4523213357249911
235,S13_7,7,ascending,converging,0.4152,6.81201,high,other,3078.23,3079.08,3076.54,LOSS,-0.5,9,0,CHOPZONE,0.996918006090305,2.3110915723055913e-09,0.0005438410685088846,0.996918006090305,0.0025381505300945103
235,S13_7,7,ascending,converging,0.4152,6.81201,high,other,3078.23,3079.08,3076.54,LOSS,-0.5,9,0,CHOPZONE,0.9992513301205428,1.1803426791011093e-09,0.00018731339683562966,0.9992513301205428,0.0005613553022788129
235,S13_7,7,ascending,converging,0.4152,6.81201,high,other,3078.23,3079.08,3076.54,LOSS,-0.5,9,0,CHOPZONE,0.9992634910722071,1.1712042353913222e-09,0.00018437951140464615,0.9992634910722071,0.0005521282451840797
235,S13_7,7,ascending,converging,0.4152,6.81201,high,other,3078.23,3079.08,3076.54,LOSS,-0.5,9,0,CHOPZONE,0.9992650075580309,1.1699100331590198e-09,0.0001841426563509189,0.9992650075580309,0.0005508486157081986
247,S14_7,7,ascending,converging,0.142,6.10496,low,other,3058.3,3058.55,3057.4,LOSS,-0.5,3,0,CHOPZONE,0.9995556526808673,2.7891587085357743e-09,0.00016791310888699128,0.9995556526808673,0.00027643142108705926
247,S14_7,7,ascending,converging,0.142,6.10496,low,other,3058.3,3058.55,3057.4,LOSS,-0.5,3,0,CHOPZONE,0.9995500822813399,2.3969535583997457e-09,0.00016125023508503937,0.9995500822813399,0.0002886650866215388
247,S14_7,7,ascending,converging,0.142,6.10496,low,other,3058.3,3058.55,3057.4,LOSS,-0.5,3,0,CHOPZONE,0.9995155212920191,1.2759643614560405e-09,0.0001383558921037606,0.9995155212920191,0.0003461215399127443
247,S14_7,7,ascending,converging,0.142,6.10496,low,other,3058.3,3058.55,3057.4,LOSS,-0.5,2,0,CHOPZONE,0.9994716390602135,6.905689233194524e-10,0.00012121177749621944,0.9994716390602135,0.0004071484717213502
247,S14_7,7,ascending,converging,0.142,6.10496,low,other,3058.3,3058.55,3057.4,LOSS,-0.5,2,0,CHOPZONE,0.9994101312766164,3.7080972405870615e-10,0.00011120606569550555,0.9994101312766164,0.0004786622868784702
247,S14_7,7,ascending,converging,0.142,6.10496,low,other,3058.3,3058.55,3057.4,LOSS,-0.5,2,0,CHOPZONE,0.9971601127015406,1.5786128439590903e-08,0.0012263186352111976,0.9971601127015406,0.0016135528771197515
253,S15_7,7,ascending,diverging,0.8,7.31518,high,london,3090.78,3092.48,3085.6,LOSS,-0.5,8,0,BREAKOUT,0.970211251769474,0.970211251769474,0.029788746612022025,1.2900707337445887e-09,3.284332568206052e-10
253,S15_7,7,ascending,diverging,0.8,7.31518,high,london,3090.78,3092.48,3085.6,LOSS,-0.5,8,0,BREAKOUT,0.9949187944836506,0.9949187944836506,0.005081205474805037,2.0667093093677975e-11,2.0877296143467527e-11
253,S15_7,7,ascending,diverging,0.8,7.31518,high,london,3090.78,3092.48,3085.6,LOSS,-0.5,8,0,BREAKOUT,0.9969199089654368,0.9969199089654368,0.003080090992384871,2.1019997446170867e-11,2.1158299061990216e-11
253,S15_7,7,ascending,diverging,0.8,7.31518,high,london,3090.78,3092.48,3085.6,LOSS,-0.5,8,0,BREAKOUT,0.9980506294708463,0.9980506294708463,0.0019493704724776665,2.8270503239873772e-11,2.8405431911583254e-11
253,S15_7,7,ascending,diverging,0.8,7.31518,high,london,3090.78,3092.48,3085.6,LOSS,-0.5,8,0,BREAKOUT,0.9986033617303254,0.9986033617303254,0.0013966381848638893,4.1794103724518886e-11,4.301651976176439e-11
253,S15_7,7,ascending,diverging,0.8,7.31518,high,london,3090.78,3092.48,3085.6,LOSS,-0.5,8,0,BREAKOUT,0.9912302531123615,0.9912302531123615,0.008769745974332855,3.424955926078289e-10,5.708101122413478e-10
268,S16_7,7,ascending,diverging,0.1203,8.27025,high,other,3051.07,3053.11,3048.47,LOSS,-0.5,0,0,PULLBACK,0.9999337433952155,5.793795294584866e-05,0.9999337433952155,3.11952674734247e-06,5.199125091335428e-06
268,S16_7,7,ascending,diverging,0.1203,8.27025,high,other,3051.07,3053.11,3048.47,LOSS,-0.5,0,0,PULLBACK,0.9999933700705874,3.3157107720085618e-06,0.9999933700705874,1.2428574850077946e-06,2.071361155493689e-06
268,S16_7,7,ascending,diverging,0.1203,8.27025,high,other,3051.07,3053.11,3048.47,LOSS,-0.5,0,0,PULLBACK,0.9999968523754826,1.5738022722922654e-06,0.9999968523754826,5.901981025958348e-07,9.83624142505776e-07
268,S16_7,7,ascending,diverging,0.1203,8.27025,high,other,3051.07,3053.11,3048.47,LOSS,-0.5,0,0,PULLBACK,0.999997034833535,8.040692620818036e-07,0.999997034833535,1.658543914303564e-06,5.025532886298288e-07
268,S16_7,7,ascending,diverging,0.1203,8.27025,high,other,3051.07,3053.11,3048.47,LOSS,-0.5,0,0,PULLBACK,0.9999920745913287,4.4033853241138406e-07,0.9999920745913287,7.20928212259905e-06,2.7578801633740426e-07
268,S16_7,7,ascending,diverging,0.1203,8.27025,high,other,3051.07,3053.11,3048.47,WIN,3.0,15,1,PULLBACK,0.9993661752495161,3.7945612695939013e-07,0.9993661752495161,0.000632703005641509,7.42288715410152e-07
284,S17_7,7,ascending,diverging,0.1449,7.38714,high,other,3076.38,3076.74,3075.57,LOSS,-0.5,2,0,CHOPZONE,0.9513382356441152,4.1518700853457774e-10,0.04822958294749473,0.9513382356441152,0.0004321809932031094
284,S17_7,7,ascending,diverging,0.1449,7.38714,high,other,3076.38,3076.74,3075.57,LOSS,-0.5,7,0,CHOPZONE,0.9963511646138915,4.5081510425161555e-11,0.003491421997036361,0.9963511646138915,0.00015741334399069088
284,S17_7,7,ascending,diverging,0.1449,7.38714,high,other,3076.38,3076.74,3075.57,LOSS,-0.5,2,0,CHOPZONE,0.9986180240102444,2.146288761343646e-11,0.0011722242147261077,0.9986180240102444,0.0002097517535666358
284,S17_7,7,ascending,diverging,0.1449,7.38714,high,other,3076.38,3076.74,3075.57,LOSS,-0.5,7,0,CHOPZONE,0.9989670941565829,1.51722522581291e-11,0.0007206837059276228,0.9989670941565829,0.00031222212231721866
284,S17_7,7,ascending,diverging,0.1449,7.38714,high,other,3076.38,3076.74,3075.57,LOSS,-0.5,2,0,CHOPZONE,0.9990706501420429,1.1119626588506253e-11,0.00042385799599070693,0.9990706501420429,0.0005054918508467788
284,S17_7,7,ascending,diverging,0.1449,7.38714,high,other,3076.38,3076.74,3075.57,LOSS,-0.5,7,0,CHOPZONE,0.9987894534529514,1.0301559501754823e-11,0.00029181904794648616,0.9987894534529514,0.0009187274888004706
292,S18_7,7,descending,converging,0.2581,6.32583,low,other,3059.52,3060.62,3058.95,WIN,3.0,10,1,CHOPZONE,0.9719807927247375,1.916116989331929e-11,0.0006415568426914559,0.9719807927247375,0.027377650413409952
292,S18_7,7,descending,converging,0.2581,6.32583,low,other,3059.52,3060.62,3058.95,LOSS,-0.5,3,0,CHOPZONE,0.9661985622294655,2.0228891775679928e-11,0.0007070709124911008,0.9661985622294655,0.03309436683781441
292,S18_7,7,descending,converging,0.2581,6.32583,low,other,3059.52,3060.62,3058.95,WIN,3.0,10,1,CHOPZONE,0.9586707437681767,1.3305216079944397e-11,0.0006526007547310459,0.9586707437681767,0.040676655463787036
292,S18_7,7,descending,converging,0.2581,6.32583,low,other,3059.52,3060.62,3058.95,LOSS,-0.5,3,0,CHOPZONE,0.9460273361480298,9.212655091665347e-12,0.0006305069068277963,0.9460273361480298,0.05334215693592977
292,S18_7,7,descending,converging,0.2581,6.32583,low,other,3059.52,3060.62,3058.95,WIN,3.0,10,1,CHOPZONE,0.9137084545059592,7.745076920812102e-12,0.0007623871219011934,0.9137084545059592,0.0855291583643946
292,S18_7,7,descending,converging,0.2581,6.32583,low,other,3059.52,3060.62,3058.95,LOSS,-0.5,3,0,CHOPZONE,0.8010398816480943,4.746642982499987e-11,0.009201816337829478,0.8010398816480943,0.18975830196660973
323,S19_7,7,ascending,diverging,0.7125,5.97645,low,london,3135.01,3139.3,3134.14,LOSS,-0.5,1,0,PULLBACK,0.9984655628132575,0.0014118525488227194,0.9984655628132575,0.00011954661201426126,3.03802590552445e-06
323,S19_7,7,ascending,diverging,0.7125,5.97645,low,london,3135.01,3139.3,3134.14,LOSS,-0.5,1,0,PULLBACK,0.9990383868096505,0.0009541054838618097,0.9990383868096505,6.900678862817345e-06,6.070276248990608e-07
323,S19_7,7,ascending,diverging,0.7125,5.97645,low,london,3135.01,3139.3,3134.14,LOSS,-0.5,1,0,PULLBACK,0.9962189786241887,0.0037808471906286708,0.9962189786241887,1.4025492957690574e-07,3.393025310346094e-08
323,S19_7,7,ascending,diverging,0.7125,5.97645,low,london,3135.01,3139.3,3134.14,LOSS,-0.5,1,0,PULLBACK,0.9944210669702379,0.005578754882136541,0.9944210669702379,1.6167981151597907e-07,1.6467814052863895e-08
323,S19_7,7,ascending,diverging,0.7125,5.97645,low,london,3135.01,3139.3,3134.14,LOSS,-0.5,1,0,PULLBACK,0.9912328964603249,0.008766923091880909,0.9912328964603249,1.7254115939809112e-07,7.906634936861501e-09
323,S19_7,7,ascending,diverging,0.7125,5.97645,low,london,3135.01,3139.3,3134.14,LOSS,-0.5,1,0,PULLBACK,0.9834261582503163,0.016572809020270057,0.9834261582503163,9.99817456752817e-07,3.2911956925328825e-08
333,S20_7,7,ascending,converging,0.417,5.78763,low,other,3134.83,3139.25,3131.15,LOSS,-0.5,2,0,COMPRESSION,0.7482743062856811,2.202672401104769e-06,0.18657061551133933,0.06515287553057833,0.7482743062856811
333,S20_7,7,ascending,converging,0.417,5.78763,low,other,3134.83,3139.25,3131.15,LOSS,-0.5,2,0,COMPRESSION,0.7582169666839547,2.8423285668651946e-06,0.17411587425090055,0.06766431673657801,0.7582169666839547
333,S20_7,7,ascending,converging,0.417,5.78763,low,other,3134.83,3139.25,3131.15,LOSS,-0.5,2,0,PULLBACK,0.7181684873880326,4.114212978799488e-05,0.7181684873880326,0.07309783401226459,0.20869253646991473
333,S20_7,7,ascending,converging,0.417,5.78763,low,other,3134.83,3139.25,3131.15,LOSS,-0.5,2,0,PULLBACK,0.9679052217093582,9.202491830946066e-05,0.9679052217093582,0.01913535081253883,0.012867402559793475
333,S20_7,7,ascending,converging,0.417,5.78763,low,other,3134.83,3139.25,3131.15,LOSS,-0.5,2,0,PULLBACK,0.9981107653889986,0.00018765118158059935,0.9981107653889986,0.0015393963538078413,0.00016218707561297947
333,S20_7,7,ascending,converging,0.417,5.78763,low,other,3134.83,3139.25,3131.15,LOSS,-0.5,2,0,PULLBACK,0.9990549807930978,0.0008373793153228779,0.9990549807930978,0.00010644290442384516,1.1969871553805696e-06
335,S21_7,7,ascending,converging,0.5314,5.73684,low,other,3140.65,3143.39,3139.95,LOSS,-0.5,3,0,PULLBACK,0.8968483186242225,0.10315141026493208,0.8968483186242225,2.7092746545986495e-07,1.833799514633879e-10
335,S21_7,7,ascending,converging,0.5314,5.73684,low,other,3140.65,3143.39,3139.95,LOSS,-0.5,3,0,PULLBACK,0.6888311134004514,0.3111688829303613,0.6888311134004514,3.6641879514256562e-09,4.99927808399135e-12
335,S21_7,7,ascending,converging,0.5314,5.73684,low,other,3140.65,3143.39,3139.95,LOSS,-0.5,3,0,PULLBACK,0.5578330932786527,0.44216690661080377,0.5578330932786527,4.597880983391341e-11,6.456482427778024e-11
335,S21_7,7,ascending,converging,0.5314,5.73684,low,other,3140.65,3143.39,3139.95,LOSS,-0.5,3,0,PULLBACK,0.5214293510409571,0.4785706488544022,0.5214293510409571,4.261507482887998e-11,6.202572511144231e-11
335,S21_7,7,ascending,converging,0.5314,5.73684,low,other,3140.65,3143.39,3139.95,LOSS,-0.5,3,0,PULLBACK,0.5626610008365199,0.4373389990521537,0.5626610008365199,4.381666526137719e-11,6.750980442808592e-11
335,S21_7,7,ascending,converging,0.5314,5.73684,low,other,3140.65,3143.39,3139.95,LOSS,-0.5,3,0,PULLBACK,0.7007360388954819,0.2992639609707962,0.7007360388954819,5.0146607724914233e-11,8.35753551177294e-11
348,S22_7,7,ascending,diverging,0.0699,5.75416,low,london,3107.53,3108.83,3105.68,LOSS,-0.5,2,0,PULLBACK,0.9999722297333529,2.1375629373179615e-05,0.9999722297333529,2.3980306607879215e-06,3.996606613139937e-06
348,S22_7,7,ascending,diverging,0.0699,5.75416,low,london,3107.53,3108.83,3105.68,LOSS,-0.5,2,0,PULLBACK,0.9999888735471366,5.563613871416706e-06,0.9999888735471366,2.086125891515564e-06,3.476713100551596e-06
348,S22_7,7,ascending,diverging,0.0699,5.75416,low,london,3107.53,3108.83,3105.68,WIN,3.0,3,1,PULLBACK,0.9999888744711457,5.562776048672846e-06,0.9999888744711457,2.086090318744676e-06,3.4766624869321803e-06
348,S22_7,7,ascending,diverging,0.0699,5.75416,low,london,3107.53,3108.83,3105.68,WIN,3.0,3,1,PULLBACK,0.9999888744710299,5.5627761471309135e-06,0.9999888744710299,2.0860903322832816e-06,3.476662490643797e-06
348,S22_7,7,ascending,diverging,0.0699,5.75416,low,london,3107.53,3108.83,3105.68,WIN,3.0,3,1,PULLBACK,0.9999888714870004,5.565466650539582e-06,0.9999888714870004,2.0862993433644796e-06,3.4767470055933824e-06
348,S22_7,7,ascending,diverging,0.0699,5.75416,low,london,3107.53,3108.83,3105.68,WIN,3.0,3,1,PULLBACK,0.9999354225602827,5.634261581877997e-05,0.9999354225602827,4.09033891516452e-06,4.1444849834371505e-06
353,S23_7,7,ascending,converging,0.6021,5.71243,low,other,3123.23,3126.35,3121.23,LOSS,-0.5,7,0,BREAKOUT,0.9610138597997417,0.9610138597997417,0.03898614014546293,2.7247114937251195e-11,2.7548259399079042e-11
353,S23_7,7,ascending,converging,0.6021,5.71243,low,other,3123.23,3126.35,3121.23,LOSS,-0.5,7,0,BREAKOUT,0.9956457642102606,0.9956457642102606,0.004354235777588002,6.068638825286206e-12,6.082756908140461e-12
353,S23_7,7,ascending,converging,0.6021,5.71243,low,other,3123.23,3126.35,3121.23,LOSS,-0.5,7,0,BREAKOUT,0.9993060494623539,0.9993060494623539,0.0006939503548033876,9.13184467061908e-11,9.152429239752918e-11
353,S23_7,7,ascending,converging,0.6021,5.71243,low,other,3123.23,3126.35,3121.23,LOSS,-0.5,0,0,BREAKOUT,0.9993499593164805,0.9993499593164805,0.0006500404963685547,9.34729023080112e-11,9.367812077598773e-11
353,S23_7,7,ascending,converging,0.6021,5.71243,low,other,3123.23,3126.35,3121.23,LOSS,-0.5,0,0,BREAKOUT,0.999367181551998,0.999367181551998,0.0006328182444778564,1.0123954500603625e-10,1.0228461553724573e-10
353,S23_7,7,ascending,converging,0.6021,5.71243,low,other,3123.23,3126.35,3121.23,LOSS,-0.5,0,0,BREAKOUT,0.9969957947561949,0.9969957947561949,0.0030042044444798283,3.1496466535368254e-10,4.843607251251097e-10
359,S24_7,7,ascending,converging,0.3726,5.82913,low,other,3113.67,3116.09,3110.92,WIN,3.0,7,1,PULLBACK,0.444283643759074,0.5557163561332438,0.444283643759074,4.2225561472119134e-11,6.545683209366118e-11
359,S24_7,7,ascending,converging,0.3726,5.82913,low,other,3113.67,3116.09,3110.92,LOSS,-0.5,1,0,PULLBACK,0.6649149834826117,0.3350850164022632,0.6649149834826117,4.483504778749763e-11,7.029014884644112e-11
359,S24_7,7,ascending,converging,0.3726,5.82913,low,other,3113.67,3116.09,3110.92,LOSS,-0.5,1,0,PULLBACK,0.7866417955203371,0.21335820436946473,0.7866417955203371,5.043171457443428e-11,5.976640310504062e-11
359,S24_7,7,ascending,converging,0.3726,5.82913,low,other,3113.67,3116.09,3110.92,LOSS,-0.5,1,0,PULLBACK,0.8607746441323183,0.1392253557066858,0.8607746441323183,1.1735967852132932e-10,4.363617026802867e-11
359,S24_7,7,ascending,converging,0.3726,5.82913,low,other,3113.67,3116.09,3110.92,WIN,3.0,7,1,PULLBACK,0.9087453611299836,0.09125463857062993,0.9087453611299836,2.681088004878029e-10,3.1277714089944795e-11
359,S24_7,7,ascending,converging,0.3726,5.82913,low,other,3113.67,3116.09,3110.92,WIN,3.0,7,1,PULLBACK,0.9476526242867795,0.05234737500598288,0.9476526242867795,6.860892622572629e-10,2.1148360887114284e-11
378,S25_7,7,ascending,converging,0.232,7.16842,high,other,3181.08,3183.51,3179.6,LOSS,-0.5,1,0,PULLBACK,0.9998090734810909,0.00019092370260354833,0.9998090734810909,2.0240085411514644e-09,7.922970907984841e-10
378,S25_7,7,ascending,converging,0.232,7.16842,high,other,3181.08,3183.51,3179.6,LOSS,-0.5,1,0,PULLBACK,0.9999241686172056,7.580149307520073e-05,0.9999241686172056,2.9663671519725673e-08,2.2604777070502612e-10
378,S25_7,7,ascending,converging,0.232,7.16842,high,other,3181.08,3183.51,3179.6,LOSS,-0.5,1,0,PULLBACK,0.9999552992976795,4.430839305739691e-05,0.9999552992976795,3.9223411221825387e-07,7.515090255270323e-11
378,S25_7,7,ascending,converging,0.232,7.16842,high,other,3181.08,3183.51,3179.6,LOSS,-0.5,1,0,PULLBACK,0.9999698576705924,2.5850306954236936e-05,0.9999698576705924,4.291945921107936e-06,7.65322442186389e-11
378,S25_7,7,ascending,converging,0.232,7.16842,high,other,3181.08,3183.51,3179.6,LOSS,-0.5,1,0,PULLBACK,0.999948193358024,1.5340016223299826e-05,0.999948193358024,3.646148542141301e-05,5.140331235672202e-09
378,S25_7,7,ascending,converging,0.232,7.16842,high,other,3181.08,3183.51,3179.6,LOSS,-0.5,1,0,PULLBACK,0.9992696148326984,9.655132057322905e-06,0.9992696148326984,0.0007204495156448309,2.8051959946352533e-07
384,S26_7,7,ascending,diverging,0.1129,7.16919,high,other,3147.19,3147.46,3144.38,WIN,3.0,3,1,PULLBACK,0.9092333565535489,6.232447818561737e-09,0.9092333565535489,0.0907643622882537,2.274925749672762e-06
384,S26_7,7,ascending,diverging,0.1129,7.16919,high,other,3147.19,3147.46,3144.38,WIN,3.0,3,1,PULLBACK,0.5209056801383318,2.589344631339578e-09,0.5209056801383318,0.4790581111797888,3.620609253473084e-05
384,S26_7,7,ascending,diverging,0.1129,7.16919,high,other,3147.19,3147.46,3144.38,WIN,3.0,3,1,CHOPZONE,0.9010559957880963,3.3990933930232245e-09,0.09892305973707385,0.9010559957880963,2.0941075736574552e-05
384,S26_7,7,ascending,diverging,0.1129,7.16919,high,other,3147.19,3147.46,3144.38,WIN,3.0,3,1,CHOPZONE,0.9915282287362929,3.486762785348928e-10,0.008433628080230996,0.9915282287362929,3.8142834799925694e-05
384,S26_7,7,ascending,diverging,0.1129,7.16919,high,other,3147.19,3147.46,3144.38,WIN,3.0,3,1,CHOPZONE,0.9985015702907423,8.85204227751414e-11,0.001420828714058733,0.9985015702907423,7.760090667860096e-05
384,S26_7,7,ascending,diverging,0.1129,7.16919,high,other,3147.19,3147.46,3144.38,WIN,3.0,3,1,CHOPZONE,0.991525418626531,2.4304362794257395e-09,0.007907189723260866,0.991525418626531,0.0005673892197718613
399,S27_7,7,ascending,diverging,0.6434,7.52553,high,london,3179.27,3179.47,3177.76,LOSS,-0.5,16,0,PULLBACK,0.38664066698457045,0.613359310138249,0.38664066698457045,2.184028441394694e-08,1.03689635757248e-09
399,S27_7,7,ascending,diverging,0.6434,7.52553,high,london,3179.27,3179.47,3177.76,LOSS,-0.5,1,0,PULLBACK,0.47015117587274013,0.529848819430994,0.47015117587274013,4.459223347007094e-09,2.370425271187876e-10
399,S27_7,7,ascending,diverging,0.6434,7.52553,high,london,3179.27,3179.47,3177.76,LOSS,-0.5,1,0,PULLBACK,0.714429591626126,0.2855703743040638,0.714429591626126,3.355609499825347e-08,5.137153597358021e-10
399,S27_7,7,ascending,diverging,0.6434,7.52553,high,london,3179.27,3179.47,3177.76,LOSS,-0.5,1,0,PULLBACK,0.8815158908817257,0.11848403288085839,0.8815158908817257,7.533737570606976e-08,9.000402736883816e-10
399,S27_7,7,ascending,diverging,0.6434,7.52553,high,london,3179.27,3179.47,3177.76,LOSS,-0.5,1,0,PULLBACK,0.955084521987119,0.04491535346485886,0.955084521987119,1.2290846361945893e-07,1.6395585882739489e-09
399,S27_7,7,ascending,diverging,0.6434,7.52553,high,london,3179.27,3179.47,3177.76,LOSS,-0.5,1,0,PULLBACK,0.9754003448346661,0.024595893612044815,0.9754003448346661,3.7456433366113984e-06,1.5909952450231796e-08
412,S28_7,7,ascending,converging,0.0345,6.84601,high,other,3154.94,3157.11,3151.78,LOSS,-0.5,46,0,CHOPZONE,0.9949513485493239,3.8122016249732326e-08,0.00395348289458559,0.9949513485493239,0.0010951304340741928
412,S28_7,7,ascending,converging,0.0345,6.84601,high,other,3154.94,3157.11,3151.78,LOSS,-0.5,3,0,CHOPZONE,0.9995366090771266,2.906815694224113e-09,0.00018266120985857638,0.9995366090771266,0.0002807268061992624
412,S28_7,7,ascending,converging,0.0345,6.84601,high,other,3154.94,3157.11,3151.78,LOSS,-0.5,46,0,CHOPZONE,0.9995468325391107,2.236389846333269e-09,0.00015851808237613121,0.9995468325391107,0.00029464714212337523
412,S28_7,7,ascending,converging,0.0345,6.84601,high,other,3154.94,3157.11,3151.78,LOSS,-0.5,46,0,CHOPZONE,0.9995346230606532,1.7604630475898443e-09,0.0001493549585968302,0.9995346230606532,0.0003160202202868739
412,S28_7,7,ascending,converging,0.0345,6.84601,high,other,3154.94,3157.11,3151.78,LOSS,-0.5,46,0,CHOPZONE,0.9995015419074142,1.424621735772565e-09,0.00015047161572665117,0.9995015419074142,0.0003479850522373205
412,S28_7,7,ascending,converging,0.0345,6.84601,high,other,3154.94,3157.11,3151.78,LOSS,-0.5,46,0,CHOPZONE,0.9950973570205941,1.7954574304656345e-08,0.003098689390267143,0.9950973570205941,0.0018039356345644806
428,S29_7,7,ascending,diverging,0.8297,7.06948,high,other,3230.97,3231.1,3230.64,LOSS,-0.5,1,0,PULLBACK,0.976491137760978,0.023504949136935693,0.976491137760978,3.888509416963487e-06,2.4592669372831002e-08
428,S29_7,7,ascending,diverging,0.8297,7.06948,high,other,3230.97,3231.1,3230.64,LOSS,-0.5,1,0,PULLBACK,0.9834643741911702,0.01653546214143228,0.9834643741911702,1.602497084060619e-07,3.417689094202381e-09
428,S29_7,7,ascending,diverging,0.8297,7.06948,high,other,3230.97,3231.1,3230.64,LOSS,-0.5,1,0,PULLBACK,0.9810503268470561,0.01894951834996613,0.9810503268470561,1.5204922582171895e-07,2.753751785495762e-09
428,S29_7,7,ascending,diverging,0.8297,7.06948,high,other,3230.97,3231.1,3230.64,LOSS,-0.5,1,0,PULLBACK,0.9735905816059416,0.026409273067377288,0.9735905816059416,1.4313234689594891e-07,2.1943342756471166e-09
428,S29_7,7,ascending,diverging,0.8297,7.06948,high,other,3230.97,3231.1,3230.64,LOSS,-0.5,1,0,PULLBACK,0.9453916571019937,0.054608200885347555,0.9453916571019937,1.4025671866820843e-07,1.7559400746278056e-09
428,S29_7,7,ascending,diverging,0.8297,7.06948,high,other,3230.97,3231.1,3230.64,LOSS,-0.5,1,0,PULLBACK,0.8089450194851983,0.19105478451961128,0.8089450194851983,1.9434259758586106e-07,1.6525929198898272e-09
431,S30_7,7,ascending,diverging,0.6311,8.1341,high,other,3199.9,3200.19,3197.08,LOSS,-0.5,11,0,BREAKOUT,0.937246704624887,0.937246704624887,0.06275329531872337,2.766661092859864e-11,2.872286419521675e-11
431,S30_7,7,ascending,diverging,0.6311,8.1341,high,other,3199.9,3200.19,3197.08,LOSS,-0.5,11,0,BREAKOUT,0.9824804482422883,0.9824804482422883,0.017519551749266872,4.119095257490758e-12,4.325715027134811e-12
431,S30_7,7,ascending,diverging,0.6311,8.1341,high,other,3199.9,3200.19,3197.08,LOSS,-0.5,11,0,BREAKOUT,0.982554023985453,0.982554023985453,0.01744597600910481,2.6227677480232092e-12,2.819394092865788e-12
431,S30_7,7,ascending,diverging,0.6311,8.1341,high,other,3199.9,3200.19,3197.08,LOSS,-0.5,11,0,BREAKOUT,0.9733190961650703,0.9733190961650703,0.02668090383005022,2.2628149502475117e-12,2.6166170276556594e-12
431,S30_7,7,ascending,diverging,0.6311,8.1341,high,other,3199.9,3200.19,3197.08,LOSS,-0.5,11,0,BREAKOUT,0.9361916915368786,0.9361916915368786,0.06380830845203024,7.345848416559091e-12,3.745118889026331e-12
431,S30_7,7,ascending,diverging,0.6311,8.1341,high,other,3199.9,3200.19,3197.08,LOSS,-0.5,11,0,BREAKOUT,0.7610142217494077,0.7610142217494077,0.23898577818267244,5.917041912672643e-11,8.749435792626809e-12
436,S31_7,7,ascending,converging,0.2613,7.92363,high,other,3224.98,3225.41,3223.08,WIN,3.0,7,1,PULLBACK,0.9992812522686094,3.8578879462959295e-05,0.9992812522686094,0.0006793922809704351,7.765709570427289e-07
436,S31_7,7,ascending,converging,0.2613,7.92363,high,other,3224.98,3225.41,3223.08,LOSS,-0.5,1,0,PULLBACK,0.9991182854044077,4.0942094918872945e-06,0.9991182854044077,0.0008761747750222592,1.4456110781624507e-06
436,S31_7,7,ascending,converging,0.2613,7.92363,high,other,3224.98,3225.41,3223.08,LOSS,-0.5,1,0,PULLBACK,0.9946906724799438,2.869328471753513e-06,0.9946906724799438,0.0052891441416788,1.7314049905767043e-05
436,S31_7,7,ascending,converging,0.2613,7.92363,high,other,3224.98,3225.41,3223.08,LOSS,-0.5,1,0,PULLBACK,0.9510466147185074,2.087883195437483e-06,0.9510466147185074,0.04872316022560273,0.0002281371726943452
436,S31_7,7,ascending,converging,0.2613,7.92363,high,other,3224.98,3225.41,3223.08,LOSS,-0.5,1,0,PULLBACK,0.7273407564550624,1.2339102447897147e-06,0.7273407564550624,0.27006080234900876,0.0025972072856840778
436,S31_7,7,ascending,converging,0.2613,7.92363,high,other,3224.98,3225.41,3223.08,LOSS,-0.5,1,0,CHOPZONE,0.6799892123364868,4.078005215759772e-07,0.30804230200310323,0.6799892123364868,0.011968077859888382
459,S32_7,7,descending,diverging,0.11,6.53929,high,other,3158.71,3163.89,3157.37,TIMEOUT,0.0,50,0,CHOPZONE,0.9919803767301857,6.899816456656641e-10,0.0020960246842282714,0.9919803767301857,0.005923597895604406
459,S32_7,7,descending,diverging,0.11,6.53929,high,other,3158.71,3163.89,3157.37,TIMEOUT,0.0,50,0,CHOPZONE,0.99650812642127,1.3403491398297611e-10,0.0002635548152378207,0.99650812642127,0.003228318629457268
459,S32_7,7,descending,diverging,0.11,6.53929,high,other,3158.71,3163.89,3157.37,TIMEOUT,0.0,50,0,CHOPZONE,0.9995221269695123,1.6819029375950865e-09,0.0001494972351425816,0.9995221269695123,0.0003283741134421867
459,S32_7,7,descending,diverging,0.11,6.53929,high,other,3158.71,3163.89,3157.37,TIMEOUT,0.0,50,0,CHOPZONE,0.9995128095022671,1.2237404760246362e-09,0.00013703592048306906,0.9995128095022671,0.0003501533535094658
459,S32_7,7,descending,diverging,0.11,6.53929,high,other,3158.71,3163.89,3157.37,TIMEOUT,0.0,50,0,CHOPZONE,0.999492098733932,9.061132575923978e-10,0.00012820963663235017,0.999492098733932,0.0003796907233224629
459,S32_7,7,descending,diverging,0.11,6.53929,high,other,3158.71,3163.89,3157.37,TIMEOUT,0.0,50,0,CHOPZONE,0.9994603610839091,6.849081169804264e-10,0.00012209866044647096,0.9994603610839091,0.00041753957073628335
467,S33_7,7,ascending,converging,0.1786,5.61379,low,london,3177.42,3179.37,3173.92,TIMEOUT,0.0,50,0,CHOPZONE,0.9967226458184537,1.5746087901424996e-10,0.0002634258311901192,0.9967226458184537,0.0030139281928951434
467,S33_7,7,ascending,converging,0.1786,5.61379,low,london,3177.42,3179.37,3173.92,TIMEOUT,0.0,50,0,CHOPZONE,0.9959278104373829,9.009545229721338e-11,0.00023523283222615226,0.9959278104373829,0.003836956640295547
467,S33_7,7,ascending,converging,0.1786,5.61379,low,london,3177.42,3179.37,3173.92,TIMEOUT,0.0,50,0,CHOPZONE,0.988987177728729,1.4943272264679615e-11,0.0002450114881720927,0.988987177728729,0.010767810768155509
467,S33_7,7,ascending,converging,0.1786,5.61379,low,london,3177.42,3179.37,3173.92,TIMEOUT,0.0,50,0,CHOPZONE,0.9856691547430587,6.379084904192193e-12,0.00022103741190451762,0.9856691547430587,0.014109807838657704
467,S33_7,7,ascending,converging,0.1786,5.61379,low,london,3177.42,3179.37,3173.92,TIMEOUT,0.0,50,0,CHOPZONE,0.9794431038610217,3.4785945638516683e-12,0.00025001540936901397,0.9794431038610217,0.020306880726130516
467,S33_7,7,ascending,converging,0.1786,5.61379,low,london,3177.42,3179.37,3173.92,TIMEOUT,0.0,50,0,CHOPZONE,0.932993413913976,2.142085797643182e-11,0.004364569762297392,0.932993413913976,0.06264201630230559
472,S34_7,7,descending,diverging,0.2059,6.68067,high,other,3146.13,3147.02,3143.95,TIMEOUT,0.0,50,0,PULLBACK,0.9213338120610304,3.1170544872598366e-07,0.9213338120610304,0.07865068470112647,1.5191532394373276e-05
472,S34_7,7,descending,diverging,0.2059,6.68067,high,other,3146.13,3147.02,3143.95,TIMEOUT,0.0,50,0,PULLBACK,0.9966951981724526,4.176932209010554e-07,0.9966951981724526,0.0033040280784277713,3.5605589866579344e-07
472,S34_7,7,descending,diverging,0.2059,6.68067,high,other,3146.13,3147.02,3143.95,TIMEOUT,0.0,50,0,PULLBACK,0.9395924771626248,0.06040748436382619,0.9395924771626248,3.84704019077114e-08,3.1470616428904475e-12
472,S34_7,7,descending,diverging,0.2059,6.68067,high,other,3146.13,3147.02,3143.95,TIMEOUT,0.0,50,0,PULLBACK,0.8778692472095524,0.12213074423623677,0.8778692472095524,8.549188915412257e-09,5.021981114645182e-12
472,S34_7,7,descending,diverging,0.2059,6.68067,high,other,3146.13,3147.02,3143.95,TIMEOUT,0.0,50,0,PULLBACK,0.8076386786439211,0.19236132040583098,0.8076386786439211,9.39403229575884e-10,1.0844585552945035e-11
472,S34_7,7,descending,diverging,0.2059,6.68067,high,other,3146.13,3147.02,3143.95,TIMEOUT,0.0,50,0,PULLBACK,0.8024490206629123,0.19755097922949513,0.8024490206629123,7.740607488123982e-11,3.018652392046071e-11
480,S35_7,7,ascending,converging,0.0918,7.62166,high,other,3197.65,3198.98,3196.52,TIMEOUT,0.0,50,0,PULLBACK,0.9999778871057926,1.6001096678844375e-05,0.9999778871057926,2.2919639123108986e-06,3.819833616158281e-06
480,S35_7,7,ascending,converging,0.0918,7.62166,high,other,3197.65,3198.98,3196.52,TIMEOUT,0.0,50,0,PULLBACK,0.9999888741004062,5.563207207427562e-06,0.9999888741004062,2.086055524246612e-06,3.476636862143466e-06
480,S35_7,7,ascending,converging,0.0918,7.62166,high,other,3197.65,3198.98,3196.52,TIMEOUT,0.0,50,0,PULLBACK,0.999993256765103,3.371622305361695e-06,0.999993256765103,1.2643762397542697e-06,2.1072363520342875e-06
480,S35_7,7,ascending,converging,0.0918,7.62166,high,other,3197.65,3198.98,3196.52,TIMEOUT,0.0,50,0,PULLBACK,0.9999957826614213,2.10867116021257e-06,0.9999957826614213,7.907586391831981e-07,1.31790877916581e-06
480,S35_7,7,ascending,converging,0.0918,7.62166,high,other,3197.65,3198.98,3196.52,TIMEOUT,0.0,50,0,PULLBACK,0.9999972818268201,1.3591231404756267e-06,0.9999972818268201,5.096625730726858e-07,8.493874663599399e-07
480,S35_7,7,ascending,converging,0.0918,7.62166,high,other,3197.65,3198.98,3196.52,TIMEOUT,0.0,50,0,PULLBACK,0.9999874060156525,9.395474198171207e-06,0.9999874060156525,2.5233717953772174e-06,6.751383538636713e-07
487,S36_7,7,descending,diverging,0.435,7.86009,high,other,3160.04,3161.25,3158.85,TIMEOUT,0.0,50,0,BREAKOUT,0.9919148919444538,0.9919148919444538,0.008085107043627755,5.050956074538435e-10,5.068228747764044e-10
487,S36_7,7,descending,diverging,0.435,7.86009,high,other,3160.04,3161.25,3158.85,TIMEOUT,0.0,50,0,BREAKOUT,0.9989382459458078,0.9989382459458078,0.0010617539407143145,5.6594281472451204e-11,5.6883504989523857e-11
487,S36_7,7,descending,diverging,0.435,7.86009,high,other,3160.04,3161.25,3158.85,TIMEOUT,0.0,50,0,BREAKOUT,0.9985161489176724,0.9985161489176724,0.0014838510108841952,3.5584266702392697e-11,3.585913518743786e-11
487,S36_7,7,descending,diverging,0.435,7.86009,high,other,3160.04,3161.25,3158.85,TIMEOUT,0.0,50,0,BREAKOUT,0.9977414340672875,0.9977414340672875,0.0022585658816901845,2.5343088942650285e-11,2.5679238029394275e-11
487,S36_7,7,descending,diverging,0.435,7.86009,high,other,3160.04,3161.25,3158.85,TIMEOUT,0.0,50,0,BREAKOUT,0.9960688472280518,0.9960688472280518,0.003931152729737244,2.051169826615042e-11,2.169939278726082e-11
487,S36_7,7,descending,diverging,0.435,7.86009,high,other,3160.04,3161.25,3158.85,TIMEOUT,0.0,50,0,BREAKOUT,0.9816466674937753,0.9816466674937753,0.018353332283227764,1.1149851217506342e-10,1.1149851211667411e-10
